Date;Confirmed;Deaths;Recovered;start_date;NewCases;lockdown_severity;lockdown_severity;maximum_together;mentality_grade;government_performance;kindergarten_closed;Highschool closed;University_closed;Grocery_max_in_store;Cinemas closed;restaurants_closed_to_everyone;first_school_closure;Month;Spring holiday;Passenger transport inc transit;Transit direct;Passengers scheduled;Passengers non scheduled;Passengers Europe;Passengers intercontinental;Passengers O&D;Passengers Transfer;Air transport movements;Air transport movements Europe;Air transport movements intercontinental;Cargo;Cargo Europe;Cargo North America;Cargo Latin America;Cargo Middle East;Cargo Far East;Travel advice Italy updated;Second confirmed case;Third Confirmed case;Larger events banned;Events more than 100 banned;Flights cancelled ch, it, ir, s.kor;Restaurants closed;Stricter social distance rules;Decline in patients;Contact professions closed;Work from home;maximum_together_sports;Borders closed third countries;DDVEC_S;FHVEC_S;FG_S;FHX_S;FHXH_S;FHN_S;FHNH_S;FXX_S;FXXH_S;TG_S;TN_S;TNH_S;TX_S;TXH_S;T10N_S;T10NH_S;SQ_S;SP_S;Q_S;DR_S;RH_S;RHX_S;RHXH_S;PG_S;PX_S;PXH_S;PN_S;PNH_S;VVN_S;VVNH_S;VVX_S;VVXH_S;NG_S;UG_S;UX_S;UXH_S;UN_S;UNH_S;EV24_S;DDVEC;FHVEC;FG;FHX;FHXH;FHN;FHNH;FXX;FXXH;TG;TN;TNH;TX;TXH;T10N;T10NH;SQ;SP;Q;DR;RH;RHX;RHXH;PG;PX;PXH;PN;PNH;VVN;VVNH;VVX;VVXH;NG;UG;UX;UXH;UN;UNH;EV24;Population;Children born;Deats total;Immigration;Emmigration
2020-01-22;0.0;0.0;0.0;0.0;0.0;0;1;1000.0;7.0;8.0;0.0;0.0;0.0;0.0;0.0;1.0;0.0;100.0;0.0;5074773.0;0.0;5061346.0;13427.0;3448900.0;1625873.0;3011207.0;2063566.0;37567.0;30336.0;7231.0;113080.0;7810.0;7717.0;9497.0;7779.0;21080.0;0.0;0.0;0.0;0.0;0.0;0.0;0.0;0.0;0.0;0.0;0.0;1000.0;0.0;216.0;13.0;15.0;30.0;5.0;0.0;18.0;50.0;14.0;57.0;34.0;1.0;73.0;13.0;33.0;6.0;0.0;0.0;97.0;27.0;7.0;3.0;22.0;10365.0;10377.0;1.0;10359.0;14.0;2.0;23.0;31.0;18.0;8.0;97.0;98.0;5.0;95.0;2.0;1.0;229.0;12.0;15.0;20.0;1.0;0.0;22.0;40.0;3.0;44.0;16.0;1.0;62.0;15.0;17.0;6.0;0.0;0.0;111.0;30.0;4.0;1.0;10.0;10368.0;10380.0;2.0;10362.0;14.0;3.0;1.0;21.0;13.0;8.0;98.0;99.0;1.0;96.0;15.0;1.0;1740853;14015;14120;22081;15743
2020-01-23;0.0;0.0;0.0;0.0;0.0;0;1;1000.0;7.0;8.0;0.0;0.0;0.0;0.0;0.0;1.0;0.0;100.0;0.0;5074773.0;0.0;5061346.0;13427.0;3448900.0;1625873.0;3011207.0;2063566.0;37567.0;30336.0;7231.0;113080.0;7810.0;7717.0;9497.0;7779.0;21080.0;0.0;0.0;0.0;0.0;0.0;0.0;0.0;0.0;0.0;0.0;0.0;1000.0;0.0;144.0;17.0;18.0;30.0;12.0;10.0;1.0;40.0;10.0;55.0;27.0;24.0;70.0;12.0;20.0;18.0;4.0;5.0;208.0;0.0;0.0;0.0;1.0;10311.0;10358.0;1.0;10266.0;24.0;1.0;2.0;75.0;16.0;8.0;91.0;98.0;1.0;78.0;19.0;3.0;119.0;13.0;15.0;20.0;6.0;0.0;1.0;30.0;6.0;37.0;-17.0;23.0;68.0;13.0;-37.0;24.0;16.0;19.0;252.0;18.0;4.0;2.0;2.0;10312.0;10361.0;1.0;10264.0;24.0;1.0;4.0;62.0;13.0;6.0;95.0;99.0;2.0;80.0;13.0;3.0;1740853;14015;14120;22081;15743
2020-01-24;0.0;0.0;0.0;0.0;0.0;0;1;1000.0;7.0;8.0;0.0;0.0;0.0;0.0;0.0;1.0;0.0;100.0;0.0;5074773.0;0.0;5061346.0;13427.0;3448900.0;1625873.0;3011207.0;2063566.0;37567.0;30336.0;7231.0;113080.0;7810.0;7717.0;9497.0;7779.0;21080.0;0.0;0.0;0.0;0.0;0.0;0.0;0.0;0.0;0.0;0.0;0.0;1000.0;0.0;183.0;35.0;36.0;50.0;14.0;20.0;1.0;70.0;14.0;33.0;21.0;6.0;46.0;14.0;18.0;12.0;0.0;0.0;178.0;0.0;0.0;0.0;1.0;10232.0;10257.0;1.0;10218.0;15.0;21.0;22.0;56.0;15.0;8.0;90.0;96.0;21.0;85.0;13.0;2.0;189.0;21.0;23.0;30.0;11.0;10.0;1.0;70.0;14.0;23.0;-6.0;1.0;35.0;14.0;-13.0;6.0;2.0;2.0;197.0;0.0;0.0;0.0;1.0;10235.0;10258.0;1.0;10221.0;14.0;13.0;5.0;50.0;10.0;8.0;93.0;98.0;2.0;87.0;12.0;2.0;1740853;14015;14120;22081;15743
2020-01-25;0.0;0.0;0.0;0.0;0.0;0;1;1000.0;7.0;8.0;0.0;0.0;0.0;0.0;0.0;1.0;0.0;100.0;0.0;5074773.0;0.0;5061346.0;13427.0;3448900.0;1625873.0;3011207.0;2063566.0;37567.0;30336.0;7231.0;113080.0;7810.0;7717.0;9497.0;7779.0;21080.0;0.0;0.0;0.0;0.0;0.0;0.0;0.0;0.0;0.0;0.0;0.0;1000.0;0.0;168.0;42.0;43.0;60.0;12.0;30.0;18.0;80.0;12.0;26.0;16.0;24.0;31.0;1.0;17.0;24.0;0.0;0.0;126.0;0.0;0.0;0.0;1.0;10207.0;10221.0;11.0;10184.0;24.0;7.0;24.0;57.0;11.0;8.0;92.0;98.0;24.0;89.0;12.0;1.0;164.0;28.0;29.0;40.0;2.0;20.0;6.0;60.0;2.0;20.0;9.0;24.0;26.0;13.0;10.0;24.0;0.0;0.0;127.0;0.0;0.0;0.0;1.0;10211.0;10224.0;1.0;10189.0;24.0;3.0;24.0;58.0;10.0;8.0;92.0;98.0;24.0;86.0;12.0;1.0;1740853;14015;14120;22081;15743
2020-01-26;0.0;0.0;0.0;0.0;0.0;0;1;1000.0;7.0;8.0;0.0;0.0;0.0;0.0;0.0;1.0;0.0;100.0;0.0;5074773.0;0.0;5061346.0;13427.0;3448900.0;1625873.0;3011207.0;2063566.0;37567.0;30336.0;7231.0;113080.0;7810.0;7717.0;9497.0;7779.0;21080.0;0.0;0.0;0.0;0.0;0.0;0.0;0.0;0.0;0.0;0.0;0.0;1000.0;0.0;175.0;50.0;53.0;70.0;21.0;40.0;4.0;120.0;24.0;54.0;8.0;3.0;87.0;18.0;10.0;6.0;25.0;29.0;368.0;27.0;19.0;12.0;24.0;10133.0;10177.0;1.0;10082.0;24.0;3.0;1.0;62.0;21.0;8.0;91.0;98.0;1.0;82.0;18.0;5.0;172.0;37.0;40.0;60.0;24.0;30.0;2.0;100.0;23.0;55.0;5.0;1.0;93.0;15.0;7.0;6.0;45.0;51.0;462.0;13.0;8.0;6.0;24.0;10138.0;10181.0;1.0;10091.0;24.0;2.0;1.0;65.0;17.0;8.0;89.0;99.0;1.0;80.0;13.0;6.0;1740853;14015;14120;22081;15743
2020-01-27;0.0;0.0;0.0;0.0;0.0;0;1;1000.0;7.0;8.0;0.0;0.0;0.0;0.0;0.0;1.0;0.0;100.0;0.0;5074773.0;0.0;5061346.0;13427.0;3448900.0;1625873.0;3011207.0;2063566.0;37567.0;30336.0;7231.0;113080.0;7810.0;7717.0;9497.0;7779.0;21080.0;0.0;0.0;0.0;0.0;0.0;0.0;0.0;0.0;0.0;0.0;0.0;1000.0;0.0;196.0;57.0;62.0;80.0;1.0;40.0;17.0;120.0;1.0;80.0;64.0;24.0;92.0;13.0;58.0;18.0;0.0;0.0;246.0;60.0;90.0;32.0;22.0;10015.0;10075.0;1.0;9912.0;23.0;42.0;2.0;70.0;12.0;8.0;91.0;95.0;2.0;84.0;13.0;3.0;194.0;44.0;47.0;70.0;24.0;30.0;17.0;140.0;24.0;82.0;70.0;20.0;94.0;13.0;62.0;24.0;7.0;8.0;212.0;52.0;84.0;23.0;22.0;10022.0;10086.0;1.0;9914.0;23.0;41.0;3.0;70.0;10.0;8.0;89.0;95.0;3.0;81.0;15.0;3.0;1740853;14015;14120;22081;15743
2020-01-28;0.0;0.0;0.0;0.0;0.0;0;1;1000.0;7.0;8.0;0.0;0.0;0.0;0.0;0.0;1.0;0.0;100.0;0.0;5074773.0;0.0;5061346.0;13427.0;3448900.0;1625873.0;3011207.0;2063566.0;37567.0;30336.0;7231.0;113080.0;7810.0;7717.0;9497.0;7779.0;21080.0;0.0;0.0;0.0;0.0;0.0;0.0;0.0;0.0;0.0;0.0;0.0;1000.0;0.0;251.0;82.0;89.0;130.0;12.0;50.0;5.0;190.0;12.0;57.0;39.0;8.0;70.0;1.0;35.0;12.0;21.0;24.0;241.0;46.0;74.0;41.0;7.0;9927.0;9982.0;24.0;9871.0;7.0;50.0;7.0;80.0;15.0;7.0;80.0;92.0;6.0;67.0;15.0;3.0;238.0;55.0;58.0;80.0;11.0;40.0;5.0;180.0;11.0;54.0;38.0;23.0;72.0;2.0;32.0;24.0;28.0;32.0;303.0;44.0;52.0;12.0;5.0;9933.0;9988.0;24.0;9875.0;7.0;44.0;22.0;80.0;14.0;7.0;81.0;94.0;5.0;65.0;15.0;4.0;1740853;14015;14120;22081;15743
2020-01-29;0.0;0.0;0.0;0.0;0.0;0;1;1000.0;7.0;8.0;0.0;0.0;0.0;0.0;0.0;1.0;0.0;100.0;0.0;5074773.0;0.0;5061346.0;13427.0;3448900.0;1625873.0;3011207.0;2063566.0;37567.0;30336.0;7231.0;113080.0;7810.0;7717.0;9497.0;7779.0;21080.0;0.0;0.0;0.0;0.0;0.0;0.0;0.0;0.0;0.0;0.0;0.0;1000.0;0.0;260.0;81.0;85.0;110.0;11.0;60.0;18.0;160.0;8.0;63.0;49.0;8.0;80.0;24.0;43.0;6.0;8.0;9.0;230.0;13.0;8.0;6.0;8.0;10055.0;10099.0;20.0;9988.0;1.0;63.0;11.0;75.0;7.0;7.0;77.0;81.0;1.0;73.0;13.0;3.0;250.0;46.0;49.0;60.0;9.0;30.0;18.0;140.0;12.0;60.0;44.0;1.0;73.0;15.0;39.0;6.0;21.0;24.0;272.0;10.0;7.0;3.0;9.0;10061.0;10105.0;19.0;9991.0;1.0;62.0;8.0;75.0;4.0;8.0;77.0;86.0;22.0;67.0;15.0;4.0;1740853;14015;14120;22081;15743
2020-01-30;0.0;0.0;0.0;0.0;0.0;0;1;1000.0;7.0;8.0;0.0;0.0;0.0;0.0;0.0;1.0;0.0;100.0;0.0;5074773.0;0.0;5061346.0;13427.0;3448900.0;1625873.0;3011207.0;2063566.0;37567.0;30336.0;7231.0;113080.0;7810.0;7717.0;9497.0;7779.0;21080.0;0.0;0.0;0.0;0.0;0.0;0.0;0.0;0.0;0.0;0.0;0.0;1000.0;0.0;219.0;81.0;85.0;110.0;1.0;60.0;15.0;180.0;23.0;88.0;70.0;2.0;115.0;22.0;64.0;6.0;19.0;21.0;322.0;31.0;7.0;2.0;15.0;10044.0;10090.0;2.0;9990.0;19.0;18.0;19.0;71.0;12.0;8.0;88.0;97.0;19.0;80.0;12.0;5.0;218.0;54.0;58.0;70.0;1.0;40.0;15.0;150.0;23.0;85.0;64.0;2.0;114.0;24.0;57.0;6.0;7.0;8.0;294.0;43.0;9.0;2.0;18.0;10052.0;10097.0;3.0;9996.0;19.0;20.0;19.0;73.0;11.0;8.0;87.0;96.0;18.0;78.0;11.0;4.0;1740853;14015;14120;22081;15743
2020-01-31;0.0;0.0;0.0;0.0;0.0;0;1;1000.0;7.0;8.0;0.0;0.0;0.0;0.0;0.0;1.0;0.0;100.0;0.0;5074773.0;0.0;5061346.0;13427.0;3448900.0;1625873.0;3011207.0;2063566.0;37567.0;30336.0;7231.0;113080.0;7810.0;7717.0;9497.0;7779.0;21080.0;0.0;0.0;0.0;0.0;0.0;0.0;0.0;0.0;0.0;0.0;0.0;1000.0;0.0;227.0;88.0;90.0;120.0;13.0;60.0;9.0;180.0;14.0;104.0;83.0;8.0;125.0;21.0;78.0;12.0;3.0;3.0;173.0;4.0;2.0;2.0;24.0;10058.0;10077.0;11.0;10025.0;1.0;28.0;24.0;70.0;7.0;8.0;89.0;95.0;24.0;84.0;19.0;3.0;226.0;62.0;64.0;80.0;23.0;40.0;6.0;150.0;16.0;109.0;89.0;6.0;125.0;22.0;82.0;6.0;0.0;0.0;146.0;5.0;1.0;1.0;18.0;10065.0;10084.0;12.0;10029.0;1.0;60.0;6.0;70.0;1.0;8.0;87.0;92.0;6.0;82.0;23.0;2.0;1740853;14015;14120;22081;15743
2020-02-01;0.0;0.0;0.0;0.0;0.0;0;1;1000.0;7.0;8.0;0.0;0.0;0.0;0.0;0.0;1.0;0.0;200.0;0.0;4719956.0;187.0;4701062.0;18707.0;3329009.0;1390760.0;3011143.0;1708626.0;34992.0;28414.0;6578.0;116293.0;5521.0;8694.0;10539.0;7278.0;16860.0;0.0;0.0;0.0;0.0;0.0;0.0;0.0;0.0;0.0;0.0;0.0;1000.0;0.0;240.0;98.0;100.0;120.0;22.0;80.0;3.0;180.0;13.0;104.0;88.0;20.0;120.0;4.0;78.0;24.0;36.0;40.0;389.0;24.0;15.0;7.0;1.0;10029.0;10079.0;24.0;10002.0;9.0;33.0;4.0;70.0;8.0;6.0;80.0;95.0;1.0;66.0;20.0;6.0;239.0;63.0;65.0;80.0;13.0;50.0;19.0;160.0;14.0;106.0;86.0;19.0;120.0;5.0;76.0;24.0;19.0;21.0;285.0;5.0;2.0;2.0;4.0;10036.0;10086.0;24.0;10011.0;7.0;50.0;1.0;70.0;2.0;7.0;79.0;92.0;6.0;62.0;15.0;4.0;17414806;12866;12872;21320;12140
2020-02-02;0.0;0.0;0.0;0.0;0.0;0;1;1000.0;7.0;8.0;0.0;0.0;0.0;0.0;0.0;1.0;0.0;200.0;0.0;4719956.0;187.0;4701062.0;18707.0;3329009.0;1390760.0;3011143.0;1708626.0;34992.0;28414.0;6578.0;116293.0;5521.0;8694.0;10539.0;7278.0;16860.0;0.0;0.0;0.0;0.0;0.0;0.0;0.0;0.0;0.0;0.0;0.0;1000.0;0.0;242.0;58.0;70.0;110.0;15.0;30.0;8.0;170.0;14.0;88.0;66.0;9.0;106.0;23.0;65.0;12.0;0.0;0.0;133.0;62.0;62.0;19.0;9.0;10067.0;10090.0;2.0;10029.0;12.0;31.0;12.0;70.0;14.0;8.0;88.0;97.0;9.0;76.0;1.0;2.0;230.0;39.0;46.0;70.0;15.0;20.0;9.0;150.0;15.0;89.0;65.0;8.0;115.0;16.0;63.0;12.0;0.0;0.0;115.0;62.0;70.0;22.0;9.0;10072.0;10095.0;3.0;10032.0;12.0;28.0;13.0;70.0;14.0;8.0;86.0;98.0;13.0;71.0;1.0;2.0;17414806;12866;12872;21320;12140
2020-02-03;0.0;0.0;0.0;0.0;0.0;0;1;1000.0;7.0;8.0;0.0;0.0;0.0;0.0;0.0;1.0;0.0;200.0;0.0;4719956.0;187.0;4701062.0;18707.0;3329009.0;1390760.0;3011143.0;1708626.0;34992.0;28414.0;6578.0;116293.0;5521.0;8694.0;10539.0;7278.0;16860.0;0.0;0.0;0.0;0.0;0.0;0.0;0.0;0.0;0.0;0.0;0.0;1000.0;0.0;255.0;78.0;82.0;110.0;1.0;40.0;21.0;170.0;2.0;90.0;63.0;24.0;107.0;13.0;51.0;24.0;31.0;34.0;417.0;8.0;3.0;3.0;19.0;10095.0;10124.0;12.0;10067.0;22.0;57.0;2.0;75.0;22.0;7.0;81.0;91.0;21.0;71.0;23.0;6.0;253.0;47.0;48.0;70.0;12.0;20.0;21.0;140.0;13.0;92.0;64.0;20.0;110.0;12.0;52.0;24.0;12.0;13.0;322.0;17.0;23.0;22.0;20.0;10099.0;10127.0;12.0;10066.0;23.0;57.0;1.0;75.0;24.0;7.0;79.0;92.0;22.0;66.0;13.0;5.0;17414806;12866;12872;21320;12140
2020-02-04;0.0;0.0;0.0;0.0;0.0;0;1;1000.0;7.0;8.0;0.0;0.0;0.0;0.0;0.0;1.0;0.0;200.0;0.0;4719956.0;187.0;4701062.0;18707.0;3329009.0;1390760.0;3011143.0;1708626.0;34992.0;28414.0;6578.0;116293.0;5521.0;8694.0;10539.0;7278.0;16860.0;0.0;0.0;0.0;0.0;0.0;0.0;0.0;0.0;0.0;0.0;0.0;1000.0;0.0;294.0;70.0;74.0;110.0;4.0;30.0;17.0;180.0;11.0;54.0;20.0;24.0;81.0;16.0;-11.0;24.0;24.0;26.0;313.0;23.0;27.0;11.0;14.0;10158.0;10297.0;24.0;10071.0;1.0;43.0;14.0;75.0;4.0;5.0;84.0;97.0;19.0;70.0;1.0;4.0;289.0;34.0;38.0;60.0;6.0;20.0;17.0;130.0;6.0;51.0;12.0;22.0;73.0;16.0;-15.0;24.0;19.0;21.0;290.0;35.0;64.0;26.0;15.0;10159.0;10295.0;24.0;10072.0;1.0;20.0;19.0;74.0;4.0;5.0;84.0;98.0;22.0;70.0;5.0;4.0;17414806;12866;12872;21320;12140
2020-02-05;0.0;0.0;0.0;0.0;0.0;0;1;1000.0;7.0;8.0;0.0;0.0;0.0;0.0;0.0;1.0;0.0;200.0;0.0;4719956.0;187.0;4701062.0;18707.0;3329009.0;1390760.0;3011143.0;1708626.0;34992.0;28414.0;6578.0;116293.0;5521.0;8694.0;10539.0;7278.0;16860.0;0.0;0.0;0.0;0.0;0.0;0.0;0.0;0.0;0.0;0.0;0.0;1000.0;0.0;269.0;22.0;26.0;50.0;15.0;10.0;5.0;70.0;15.0;48.0;-3.0;7.0;82.0;14.0;-34.0;12.0;56.0;60.0;573.0;0.0;0.0;0.0;1.0;10348.0;10367.0;11.0;10307.0;1.0;64.0;1.0;75.0;18.0;6.0;82.0;97.0;8.0;68.0;13.0;7.0;274.0;13.0;18.0;30.0;14.0;10.0;5.0;60.0;14.0;48.0;-2.0;8.0;84.0;15.0;-27.0;12.0;56.0;60.0;607.0;0.0;0.0;0.0;1.0;10349.0;10371.0;11.0;10304.0;1.0;4.0;5.0;77.0;13.0;7.0;82.0;98.0;1.0;63.0;13.0;8.0;17414806;12866;12872;21320;12140
2020-02-06;0.0;0.0;0.0;0.0;0.0;0;1;1000.0;7.0;8.0;0.0;0.0;0.0;0.0;0.0;1.0;0.0;200.0;0.0;4719956.0;187.0;4701062.0;18707.0;3329009.0;1390760.0;3011143.0;1708626.0;34992.0;28414.0;6578.0;116293.0;5521.0;8694.0;10539.0;7278.0;16860.0;0.0;0.0;0.0;0.0;0.0;0.0;0.0;0.0;0.0;0.0;0.0;1000.0;0.0;256.0;20.0;26.0;40.0;3.0;0.0;20.0;70.0;12.0;53.0;12.0;2.0;92.0;13.0;-18.0;24.0;54.0;58.0;543.0;0.0;0.0;0.0;1.0;10315.0;10335.0;1.0;10301.0;24.0;56.0;5.0;69.0;15.0;5.0;86.0;96.0;2.0;71.0;12.0;7.0;247.0;11.0;15.0;30.0;12.0;0.0;19.0;50.0;12.0;50.0;20.0;3.0;96.0;15.0;-20.0;6.0;54.0;58.0;540.0;0.0;0.0;0.0;1.0;10316.0;10338.0;1.0;10302.0;24.0;31.0;5.0;70.0;14.0;6.0;87.0;98.0;3.0;65.0;14.0;7.0;17414806;12866;12872;21320;12140
2020-02-07;0.0;0.0;0.0;0.0;0.0;0;1;1000.0;7.0;8.0;0.0;0.0;0.0;0.0;0.0;1.0;0.0;200.0;0.0;4719956.0;187.0;4701062.0;18707.0;3329009.0;1390760.0;3011143.0;1708626.0;34992.0;28414.0;6578.0;116293.0;5521.0;8694.0;10539.0;7278.0;16860.0;0.0;0.0;0.0;0.0;0.0;0.0;0.0;0.0;0.0;0.0;0.0;1000.0;0.0;137.0;45.0;46.0;70.0;23.0;20.0;1.0;100.0;24.0;43.0;0.0;6.0;78.0;15.0;-22.0;6.0;82.0;87.0;735.0;0.0;0.0;0.0;1.0;10242.0;10297.0;1.0;10187.0;24.0;50.0;5.0;74.0;16.0;2.0;78.0;97.0;5.0;63.0;14.0;9.0;139.0;37.0;38.0;60.0;11.0;10.0;1.0;90.0;10.0;39.0;-9.0;5.0;78.0;15.0;-35.0;6.0;83.0;88.0;764.0;0.0;0.0;0.0;1.0;10246.0;10298.0;1.0;10194.0;24.0;3.0;3.0;76.0;16.0;1.0;78.0;98.0;2.0;61.0;15.0;9.0;17414806;12866;12872;21320;12140
2020-02-08;0.0;0.0;0.0;0.0;0.0;0;1;1000.0;7.0;8.0;0.0;0.0;0.0;0.0;0.0;1.0;0.0;200.0;0.0;4719956.0;187.0;4701062.0;18707.0;3329009.0;1390760.0;3011143.0;1708626.0;34992.0;28414.0;6578.0;116293.0;5521.0;8694.0;10539.0;7278.0;16860.0;0.0;0.0;0.0;0.0;0.0;0.0;0.0;0.0;0.0;0.0;0.0;1000.0;0.0;186.0;48.0;52.0;60.0;1.0;40.0;8.0;100.0;24.0;67.0;36.0;2.0;93.0;12.0;28.0;6.0;2.0;2.0;176.0;33.0;7.0;3.0;13.0;10172.0;10183.0;1.0;10152.0;24.0;30.0;13.0;75.0;1.0;6.0;86.0;97.0;13.0;71.0;1.0;2.0;186.0;36.0;39.0;50.0;13.0;30.0;8.0;100.0;24.0;70.0;30.0;2.0;99.0;13.0;20.0;6.0;3.0;3.0;163.0;28.0;9.0;4.0;15.0;10179.0;10191.0;1.0;10161.0;24.0;36.0;14.0;74.0;3.0;8.0;85.0;94.0;14.0;72.0;2.0;2.0;17414806;12866;12872;21320;12140
2020-02-09;0.0;0.0;0.0;0.0;0.0;0;1;1000.0;7.0;8.0;0.0;0.0;0.0;0.0;0.0;1.0;0.0;200.0;0.0;4719956.0;187.0;4701062.0;18707.0;3329009.0;1390760.0;3011143.0;1708626.0;34992.0;28414.0;6578.0;116293.0;5521.0;8694.0;10539.0;7278.0;16860.0;0.0;0.0;0.0;0.0;0.0;0.0;0.0;0.0;0.0;0.0;0.0;1000.0;0.0;209.0;139.0;145.0;190.0;16.0;90.0;1.0;310.0;16.0;95.0;76.0;1.0;117.0;20.0;69.0;6.0;0.0;0.0;108.0;43.0;107.0;47.0;20.0;9969.0;10143.0;1.0;9840.0;22.0;42.0;17.0;75.0;5.0;8.0;82.0;97.0;19.0;73.0;9.0;2.0;206.0;94.0;98.0;140.0;17.0;50.0;2.0;250.0;18.0;100.0;77.0;4.0;125.0;16.0;70.0;6.0;0.0;0.0;140.0;47.0;186.0;148.0;21.0;9984.0;10152.0;1.0;9850.0;22.0;50.0;17.0;80.0;10.0;8.0;79.0;90.0;1.0;69.0;10.0;2.0;17414806;12866;12872;21320;12140
2020-02-10;0.0;0.0;0.0;0.0;0.0;0;1;1000.0;7.0;8.0;0.0;0.0;0.0;0.0;0.0;1.0;0.0;200.0;0.0;4719956.0;187.0;4701062.0;18707.0;3329009.0;1390760.0;3011143.0;1708626.0;34992.0;28414.0;6578.0;116293.0;5521.0;8694.0;10539.0;7278.0;16860.0;0.0;0.0;0.0;0.0;0.0;0.0;0.0;0.0;0.0;0.0;0.0;1000.0;0.0;253.0;127.0;132.0;160.0;9.0;80.0;21.0;250.0;5.0;76.0;43.0;21.0;99.0;1.0;33.0;24.0;26.0;27.0;444.0;19.0;30.0;15.0;5.0;9925.0;9977.0;12.0;9855.0;1.0;58.0;3.0;75.0;21.0;8.0;72.0;87.0;20.0;60.0;13.0;6.0;251.0;83.0;86.0;100.0;1.0;50.0;22.0;220.0;20.0;80.0;48.0;24.0;106.0;1.0;42.0;24.0;20.0;21.0;359.0;21.0;28.0;11.0;6.0;9934.0;9987.0;12.0;9867.0;1.0;57.0;5.0;78.0;23.0;8.0;69.0;81.0;6.0;55.0;13.0;5.0;17414806;12866;12872;21320;12140
2020-02-11;0.0;0.0;0.0;0.0;0.0;0;1;1000.0;7.0;8.0;0.0;0.0;0.0;0.0;0.0;1.0;0.0;200.0;0.0;4719956.0;187.0;4701062.0;18707.0;3329009.0;1390760.0;3011143.0;1708626.0;34992.0;28414.0;6578.0;116293.0;5521.0;8694.0;10539.0;7278.0;16860.0;0.0;0.0;0.0;0.0;0.0;0.0;0.0;0.0;0.0;0.0;0.0;1000.0;0.0;263.0;142.0;143.0;160.0;1.0;130.0;17.0;240.0;3.0;62.0;37.0;17.0;77.0;13.0;34.0;18.0;31.0;32.0;509.0;11.0;5.0;3.0;17.0;10019.0;10069.0;24.0;9960.0;1.0;66.0;2.0;80.0;18.0;7.0;60.0;66.0;17.0;52.0;15.0;7.0;257.0;80.0;80.0;90.0;1.0;70.0;17.0;200.0;1.0;63.0;49.0;1.0;73.0;13.0;42.0;6.0;23.0;24.0;392.0;1.0;3.0;3.0;1.0;10028.0;10078.0;24.0;9971.0;1.0;67.0;5.0;81.0;19.0;7.0;56.0;60.0;1.0;50.0;19.0;5.0;17414806;12866;12872;21320;12140
2020-02-12;0.0;0.0;0.0;0.0;0.0;0;1;1000.0;7.0;8.0;0.0;0.0;0.0;0.0;0.0;1.0;0.0;200.0;0.0;4719956.0;187.0;4701062.0;18707.0;3329009.0;1390760.0;3011143.0;1708626.0;34992.0;28414.0;6578.0;116293.0;5521.0;8694.0;10539.0;7278.0;16860.0;0.0;0.0;0.0;0.0;0.0;0.0;0.0;0.0;0.0;0.0;0.0;1000.0;0.0;256.0;93.0;96.0;130.0;1.0;40.0;22.0;200.0;1.0;53.0;13.0;23.0;76.0;13.0;1.0;24.0;34.0;35.0;484.0;1.0;1.0;1.0;16.0;10115.0;10145.0;18.0;10072.0;1.0;66.0;24.0;80.0;17.0;6.0;68.0;88.0;24.0;61.0;12.0;6.0;250.0;54.0;56.0;70.0;1.0;30.0;20.0;180.0;2.0;55.0;33.0;22.0;77.0;14.0;14.0;24.0;36.0;37.0;482.0;1.0;1.0;1.0;16.0;10121.0;10151.0;20.0;10080.0;2.0;66.0;24.0;80.0;15.0;7.0;66.0;84.0;23.0;56.0;13.0;6.0;17414806;12866;12872;21320;12140
2020-02-13;0.0;0.0;0.0;0.0;0.0;0;1;1000.0;7.0;8.0;0.0;0.0;0.0;0.0;0.0;1.0;0.0;200.0;0.0;4719956.0;187.0;4701062.0;18707.0;3329009.0;1390760.0;3011143.0;1708626.0;34992.0;28414.0;6578.0;116293.0;5521.0;8694.0;10539.0;7278.0;16860.0;0.0;0.0;0.0;0.0;0.0;0.0;0.0;0.0;0.0;0.0;0.0;1000.0;0.0;190.0;48.0;63.0;100.0;10.0;40.0;2.0;160.0;10.0;57.0;31.0;1.0;84.0;13.0;21.0;6.0;9.0;9.0;219.0;65.0;106.0;24.0;10.0;10009.0;10123.0;1.0;9939.0;15.0;50.0;11.0;70.0;4.0;7.0;88.0;93.0;11.0;82.0;13.0;3.0;190.0;33.0;41.0;70.0;9.0;20.0;16.0;140.0;8.0;57.0;31.0;1.0;87.0;13.0;19.0;6.0;6.0;6.0;179.0;87.0;143.0;31.0;10.0;10016.0;10130.0;1.0;9946.0;16.0;57.0;16.0;75.0;13.0;8.0;87.0;91.0;16.0;78.0;14.0;2.0;17414806;12866;12872;21320;12140
2020-02-14;0.0;0.0;0.0;0.0;0.0;0;1;1000.0;7.0;8.0;0.0;0.0;0.0;0.0;0.0;1.0;0.0;200.0;0.0;4719956.0;187.0;4701062.0;18707.0;3329009.0;1390760.0;3011143.0;1708626.0;34992.0;28414.0;6578.0;116293.0;5521.0;8694.0;10539.0;7278.0;16860.0;0.0;0.0;0.0;0.0;0.0;0.0;0.0;0.0;0.0;0.0;0.0;1000.0;0.0;232.0;38.0;55.0;70.0;5.0;40.0;1.0;110.0;23.0;73.0;57.0;4.0;90.0;12.0;54.0;6.0;21.0;21.0;443.0;0.0;-1.0;-1.0;1.0;10172.0;10205.0;18.0;10072.0;1.0;59.0;4.0;80.0;14.0;8.0;80.0;94.0;4.0;69.0;14.0;6.0;229.0;29.0;37.0;50.0;14.0;30.0;1.0;100.0;15.0;73.0;56.0;5.0;87.0;17.0;53.0;6.0;15.0;15.0;369.0;8.0;3.0;1.0;2.0;10176.0;10213.0;17.0;10076.0;1.0;59.0;5.0;80.0;12.0;8.0;79.0;93.0;5.0;68.0;12.0;5.0;17414806;12866;12872;21320;12140
2020-02-15;0.0;0.0;0.0;0.0;0.0;0;1;1000.0;7.0;8.0;0.0;0.0;0.0;0.0;0.0;1.0;0.0;200.0;0.0;4719956.0;187.0;4701062.0;18707.0;3329009.0;1390760.0;3011143.0;1708626.0;34992.0;28414.0;6578.0;116293.0;5521.0;8694.0;10539.0;7278.0;16860.0;0.0;0.0;0.0;0.0;0.0;0.0;0.0;0.0;0.0;0.0;0.0;1000.0;0.0;194.0;100.0;101.0;150.0;22.0;60.0;3.0;230.0;22.0;103.0;73.0;5.0;130.0;22.0;66.0;6.0;9.0;9.0;351.0;2.0;1.0;1.0;19.0;10115.0;10183.0;1.0;10032.0;24.0;59.0;23.0;75.0;15.0;8.0;80.0;88.0;7.0;70.0;22.0;5.0;193.0;67.0;68.0;100.0;20.0;50.0;1.0;190.0;23.0;106.0;75.0;1.0;135.0;24.0;66.0;6.0;7.0;7.0;371.0;4.0;1.0;1.0;19.0;10127.0;10192.0;1.0;10044.0;24.0;64.0;7.0;80.0;17.0;8.0;75.0;82.0;5.0;66.0;22.0;6.0;17414806;12866;12872;21320;12140
2020-02-16;0.0;0.0;0.0;0.0;0.0;0;1;1000.0;7.0;8.0;0.0;1.0;1.0;0.0;0.0;1.0;0.0;200.0;0.0;4719956.0;187.0;4701062.0;18707.0;3329009.0;1390760.0;3011143.0;1708626.0;34992.0;28414.0;6578.0;116293.0;5521.0;8694.0;10539.0;7278.0;16860.0;0.0;0.0;0.0;0.0;0.0;0.0;0.0;0.0;0.0;0.0;0.0;1000.0;0.0;215.0;130.0;139.0;160.0;8.0;100.0;18.0;250.0;16.0;114.0;81.0;19.0;148.0;15.0;73.0;24.0;0.0;0.0;141.0;87.0;130.0;56.0;16.0;9983.0;10034.0;24.0;9923.0;15.0;28.0;11.0;75.0;2.0;8.0;84.0;97.0;16.0;69.0;24.0;2.0;212.0;89.0;95.0;130.0;16.0;60.0;19.0;240.0;16.0;121.0;81.0;19.0;167.0;15.0;77.0;24.0;0.0;0.0;180.0;64.0;126.0;66.0;17.0;9996.0;10047.0;24.0;9934.0;16.0;56.0;10.0;80.0;12.0;8.0;78.0;92.0;17.0;65.0;15.0;3.0;17414806;12866;12872;21320;12140
2020-02-17;0.0;0.0;0.0;0.0;0.0;0;1;1000.0;7.0;8.0;0.0;1.0;1.0;0.0;0.0;1.0;0.0;200.0;0.0;4719956.0;187.0;4701062.0;18707.0;3329009.0;1390760.0;3011143.0;1708626.0;34992.0;28414.0;6578.0;116293.0;5521.0;8694.0;10539.0;7278.0;16860.0;0.0;0.0;0.0;0.0;0.0;0.0;0.0;0.0;0.0;0.0;0.0;1000.0;0.0;230.0;105.0;108.0;130.0;1.0;70.0;21.0;220.0;1.0;80.0;53.0;12.0;95.0;11.0;46.0;12.0;53.0;53.0;566.0;12.0;32.0;30.0;12.0;10095.0;10144.0;24.0;10043.0;1.0;59.0;12.0;75.0;13.0;6.0;76.0;86.0;21.0;64.0;5.0;8.0;225.0;71.0;72.0;90.0;1.0;50.0;22.0;220.0;1.0;81.0;66.0;8.0;101.0;11.0;55.0;12.0;55.0;55.0;631.0;9.0;42.0;19.0;21.0;10105.0;10152.0;24.0;10058.0;1.0;61.0;5.0;80.0;14.0;5.0;73.0;87.0;21.0;63.0;4.0;9.0;17414806;12866;12872;21320;12140
2020-02-18;0.0;0.0;0.0;0.0;0.0;0;1;1000.0;7.0;8.0;0.0;1.0;1.0;0.0;0.0;1.0;0.0;200.0;0.0;4719956.0;187.0;4701062.0;18707.0;3329009.0;1390760.0;3011143.0;1708626.0;34992.0;28414.0;6578.0;116293.0;5521.0;8694.0;10539.0;7278.0;16860.0;0.0;0.0;0.0;0.0;0.0;0.0;0.0;0.0;0.0;0.0;0.0;1000.0;0.0;237.0;96.0;99.0;120.0;18.0;70.0;8.0;190.0;19.0;77.0;51.0;23.0;93.0;12.0;47.0;24.0;57.0;56.0;676.0;19.0;50.0;43.0;23.0;10163.0;10190.0;10.0;10109.0;24.0;57.0;22.0;77.0;15.0;7.0;74.0;92.0;24.0;64.0;15.0;9.0;232.0;64.0;67.0;90.0;21.0;40.0;6.0;170.0;17.0;76.0;37.0;24.0;96.0;15.0;33.0;24.0;60.0;59.0;666.0;20.0;53.0;37.0;24.0;10170.0;10197.0;9.0;10116.0;23.0;58.0;11.0;79.0;16.0;7.0;73.0;91.0;24.0;62.0;15.0;9.0;17414806;12866;12872;21320;12140
2020-02-19;0.0;0.0;0.0;0.0;0.0;0;1;1000.0;7.0;8.0;0.0;1.0;1.0;0.0;0.0;1.0;0.0;200.0;0.0;4719956.0;187.0;4701062.0;18707.0;3329009.0;1390760.0;3011143.0;1708626.0;34992.0;28414.0;6578.0;116293.0;5521.0;8694.0;10539.0;7278.0;16860.0;0.0;0.0;0.0;0.0;0.0;0.0;0.0;0.0;0.0;0.0;0.0;1000.0;0.0;258.0;69.0;82.0;110.0;11.0;50.0;19.0;160.0;12.0;64.0;53.0;7.0;79.0;13.0;42.0;12.0;38.0;37.0;575.0;45.0;11.0;3.0;23.0;10166.0;10195.0;15.0;10110.0;1.0;60.0;20.0;73.0;16.0;7.0;78.0;93.0;24.0;68.0;15.0;8.0;249.0;42.0;49.0;70.0;12.0;30.0;1.0;130.0;12.0;62.0;45.0;1.0;82.0;13.0;40.0;6.0;43.0;42.0;608.0;41.0;44.0;38.0;1.0;10171.0;10199.0;14.0;10113.0;1.0;61.0;21.0;74.0;15.0;7.0;76.0;92.0;1.0;60.0;15.0;8.0;17414806;12866;12872;21320;12140
2020-02-20;0.0;0.0;0.0;0.0;0.0;0;1;1000.0;7.0;8.0;0.0;1.0;1.0;0.0;0.0;1.0;0.0;200.0;0.0;4719956.0;187.0;4701062.0;18707.0;3329009.0;1390760.0;3011143.0;1708626.0;34992.0;28414.0;6578.0;116293.0;5521.0;8694.0;10539.0;7278.0;16860.0;0.0;0.0;0.0;0.0;0.0;0.0;0.0;0.0;0.0;0.0;0.0;1000.0;0.0;230.0;79.0;96.0;110.0;10.0;80.0;1.0;240.0;21.0;79.0;44.0;21.0;99.0;12.0;39.0;24.0;1.0;1.0;272.0;59.0;90.0;41.0;18.0;10113.0;10169.0;24.0;10050.0;17.0;28.0;1.0;75.0;11.0;7.0;83.0;95.0;1.0;70.0;23.0;4.0;223.0;59.0;68.0;90.0;12.0;50.0;1.0;180.0;18.0;82.0;47.0;21.0;104.0;15.0;43.0;24.0;15.0;15.0;430.0;52.0;57.0;22.0;18.0;10121.0;10175.0;24.0;10061.0;17.0;56.0;18.0;75.0;9.0;8.0;80.0;92.0;1.0;66.0;24.0;6.0;17414806;12866;12872;21320;12140
2020-02-21;0.0;0.0;0.0;0.0;0.0;0;1;1000.0;7.0;8.0;0.0;1.0;1.0;0.0;0.0;1.0;0.0;200.0;0.0;4719956.0;187.0;4701062.0;18707.0;3329009.0;1390760.0;3011143.0;1708626.0;34992.0;28414.0;6578.0;116293.0;5521.0;8694.0;10539.0;7278.0;16860.0;0.0;0.0;0.0;0.0;0.0;0.0;0.0;0.0;0.0;0.0;0.0;1000.0;0.0;240.0;96.0;100.0;130.0;24.0;70.0;5.0;200.0;24.0;77.0;50.0;2.0;94.0;24.0;40.0;6.0;30.0;29.0;514.0;0.0;0.0;0.0;1.0;10212.0;10232.0;11.0;10178.0;1.0;63.0;11.0;74.0;1.0;5.0;75.0;78.0;17.0;72.0;1.0;7.0;230.0;59.0;61.0;80.0;21.0;30.0;6.0;150.0;21.0;73.0;40.0;8.0;89.0;15.0;28.0;6.0;15.0;15.0;466.0;0.0;0.0;0.0;1.0;10220.0;10242.0;12.0;10184.0;1.0;64.0;8.0;76.0;1.0;6.0;73.0;81.0;8.0;67.0;2.0;6.0;17414806;12866;12872;21320;12140
2020-02-22;0.0;0.0;0.0;0.0;0.0;0;1;1000.0;7.0;8.0;0.0;1.0;1.0;0.0;0.0;1.0;0.0;200.0;1.0;4719956.0;187.0;4701062.0;18707.0;3329009.0;1390760.0;3011143.0;1708626.0;34992.0;28414.0;6578.0;116293.0;5521.0;8694.0;10539.0;7278.0;16860.0;0.0;0.0;0.0;0.0;0.0;0.0;0.0;0.0;0.0;0.0;0.0;1000.0;0.0;235.0;121.0;123.0;160.0;13.0;70.0;23.0;230.0;13.0;94.0;75.0;6.0;121.0;14.0;69.0;12.0;11.0;11.0;340.0;42.0;24.0;11.0;21.0;10162.0;10191.0;24.0;10138.0;9.0;58.0;11.0;75.0;21.0;8.0;81.0;88.0;23.0;77.0;1.0;5.0;231.0;76.0;79.0;100.0;7.0;30.0;23.0;190.0;8.0;92.0;69.0;8.0;117.0;15.0;61.0;12.0;1.0;1.0;186.0;18.0;9.0;6.0;8.0;10172.0;10196.0;24.0;10150.0;7.0;60.0;24.0;80.0;7.0;8.0;77.0;85.0;12.0;67.0;7.0;3.0;17414806;12866;12872;21320;12140
2020-02-23;0.0;0.0;0.0;0.0;0.0;0;1;3.0;7.0;8.0;0.0;1.0;1.0;0.0;0.0;1.0;0.0;200.0;1.0;4719956.0;187.0;4701062.0;18707.0;3329009.0;1390760.0;3011143.0;1708626.0;34992.0;28414.0;6578.0;116293.0;5521.0;8694.0;10539.0;7278.0;16860.0;0.0;0.0;0.0;0.0;0.0;0.0;0.0;0.0;0.0;1.0;0.0;3.0;0.0;262.0;90.0;101.0;170.0;11.0;30.0;8.0;270.0;11.0;83.0;51.0;24.0;119.0;12.0;39.0;24.0;7.0;7.0;248.0;90.0;261.0;63.0;8.0;10139.0;10226.0;24.0;10056.0;10.0;25.0;7.0;75.0;18.0;7.0;85.0;98.0;7.0;70.0;21.0;3.0;259.0;57.0;63.0;110.0;10.0;20.0;8.0;210.0;10.0;87.0;54.0;24.0;129.0;13.0;40.0;24.0;7.0;7.0;152.0;93.0;317.0;79.0;8.0;10144.0;10230.0;24.0;10066.0;10.0;23.0;7.0;75.0;15.0;7.0;82.0;97.0;7.0;68.0;21.0;2.0;17414806;12866;12872;21320;12140
2020-02-24;0.0;0.0;0.0;0.0;0.0;0;1;3.0;7.0;8.0;0.0;1.0;1.0;0.0;0.0;1.0;0.0;200.0;1.0;4719956.0;187.0;4701062.0;18707.0;3329009.0;1390760.0;3011143.0;1708626.0;34992.0;28414.0;6578.0;116293.0;5521.0;8694.0;10539.0;7278.0;16860.0;0.0;0.0;0.0;0.0;0.0;0.0;0.0;0.0;0.0;1.0;0.0;3.0;0.0;227.0;80.0;92.0;160.0;15.0;30.0;2.0;250.0;14.0;76.0;36.0;2.0;109.0;20.0;21.0;6.0;0.0;0.0;129.0;73.0;106.0;38.0;14.0;10100.0;10227.0;1.0;10009.0;23.0;31.0;12.0;75.0;9.0;8.0;87.0;96.0;11.0;79.0;3.0;2.0;223.0;53.0;60.0;90.0;14.0;20.0;1.0;190.0;14.0;76.0;36.0;2.0;108.0;22.0;14.0;6.0;0.0;0.0;145.0;76.0;101.0;30.0;16.0;10108.0;10231.0;1.0;10015.0;24.0;39.0;10.0;75.0;9.0;8.0;85.0;96.0;12.0;76.0;1.0;2.0;17414806;12866;12872;21320;12140
2020-02-25;0.0;0.0;0.0;0.0;0.0;0;1;3.0;7.0;8.0;0.0;1.0;1.0;0.0;0.0;1.0;0.0;200.0;1.0;4719956.0;187.0;4701062.0;18707.0;3329009.0;1390760.0;3011143.0;1708626.0;34992.0;28414.0;6578.0;116293.0;5521.0;8694.0;10539.0;7278.0;16860.0;0.0;0.0;0.0;0.0;0.0;0.0;0.0;0.0;0.0;1.0;0.0;3.0;0.0;253.0;74.0;78.0;110.0;10.0;40.0;19.0;170.0;8.0;63.0;28.0;22.0;93.0;1.0;13.0;24.0;66.0;63.0;735.0;28.0;47.0;27.0;22.0;9971.0;10013.0;1.0;9915.0;23.0;15.0;22.0;80.0;9.0;5.0;75.0;92.0;22.0;64.0;12.0;10.0;246.0;49.0;52.0;70.0;1.0;30.0;18.0;150.0;12.0;66.0;19.0;24.0;103.0;1.0;19.0;24.0;60.0;57.0;843.0;24.0;35.0;20.0;24.0;9976.0;10016.0;1.0;9920.0;24.0;57.0;23.0;83.0;3.0;6.0;72.0;93.0;24.0;59.0;12.0;11.0;17414806;12866;12872;21320;12140
2020-02-26;0.0;0.0;0.0;0.0;1.0;0;1;3.0;7.0;8.0;0.0;1.0;1.0;0.0;0.0;1.0;0.0;200.0;1.0;4719956.0;187.0;4701062.0;18707.0;3329009.0;1390760.0;3011143.0;1708626.0;34992.0;28414.0;6578.0;116293.0;5521.0;8694.0;10539.0;7278.0;16860.0;1.0;0.0;0.0;0.0;0.0;0.0;0.0;0.0;0.0;1.0;0.0;3.0;0.0;292.0;38.0;49.0;90.0;15.0;10.0;3.0;140.0;15.0;40.0;13.0;24.0;68.0;13.0;3.0;24.0;32.0;30.0;475.0;44.0;86.0;22.0;23.0;9989.0;10048.0;23.0;9915.0;1.0;27.0;2.0;75.0;9.0;7.0;85.0;97.0;3.0;74.0;9.0;6.0;273.0;27.0;30.0;60.0;14.0;20.0;2.0;120.0;12.0;34.0;4.0;2.0;66.0;16.0;3.0;6.0;24.0;23.0;533.0;74.0;104.0;20.0;1.0;9991.0;10055.0;22.0;9918.0;2.0;21.0;1.0;75.0;12.0;7.0;86.0;97.0;6.0;73.0;12.0;6.0;17414806;12866;12872;21320;12140
2020-02-27;1.0;0.0;0.0;0.0;0.0;0;1;3.0;7.0;8.0;0.0;1.0;1.0;0.0;0.0;1.0;0.0;200.0;1.0;4719956.0;187.0;4701062.0;18707.0;3329009.0;1390760.0;3011143.0;1708626.0;34992.0;28414.0;6578.0;116293.0;5521.0;8694.0;10539.0;7278.0;16860.0;1.0;0.0;0.0;0.0;0.0;0.0;0.0;0.0;0.0;1.0;0.0;3.0;0.0;236.0;18.0;46.0;70.0;20.0;10.0;15.0;120.0;19.0;31.0;12.0;1.0;50.0;23.0;1.0;6.0;9.0;8.0;228.0;83.0;46.0;9.0;15.0;10018.0;10106.0;24.0;9955.0;13.0;59.0;17.0;75.0;21.0;7.0;87.0;94.0;1.0;70.0;21.0;3.0;202.0;12.0;27.0;40.0;5.0;10.0;15.0;100.0;20.0;27.0;1.0;3.0;39.0;24.0;-12.0;6.0;0.0;0.0;196.0;74.0;50.0;14.0;16.0;10020.0;10110.0;24.0;9954.0;13.0;56.0;3.0;75.0;23.0;7.0;89.0;95.0;2.0;80.0;23.0;2.0;17414806;12866;12872;21320;12140
2020-02-28;1.0;0.0;0.0;0.0;5.0;0;1;3.0;7.0;8.0;0.0;1.0;1.0;0.0;0.0;1.0;0.0;200.0;1.0;4719956.0;187.0;4701062.0;18707.0;3329009.0;1390760.0;3011143.0;1708626.0;34992.0;28414.0;6578.0;116293.0;5521.0;8694.0;10539.0;7278.0;16860.0;1.0;1.0;0.0;0.0;0.0;0.0;0.0;0.0;0.0;1.0;0.0;3.0;0.0;195.0;60.0;71.0;110.0;16.0;40.0;1.0;180.0;18.0;49.0;23.0;3.0;92.0;24.0;9.0;6.0;12.0;11.0;458.0;75.0;120.0;26.0;18.0;10086.0;10148.0;8.0;9966.0;24.0;50.0;20.0;80.0;12.0;7.0;84.0;96.0;21.0;69.0;12.0;6.0;194.0;46.0;50.0;80.0;16.0;20.0;2.0;160.0;17.0;46.0;19.0;4.0;84.0;24.0;-2.0;6.0;14.0;13.0;508.0;66.0;81.0;20.0;18.0;10095.0;10155.0;9.0;9980.0;24.0;32.0;19.0;80.0;12.0;7.0;83.0;95.0;20.0;64.0;14.0;6.0;17414806;12866;12872;21320;12140
2020-02-29;6.0;0.0;0.0;0.0;4.0;0;1;3.0;7.0;8.0;0.0;1.0;1.0;0.0;0.0;1.0;0.0;200.0;1.0;4719956.0;187.0;4701062.0;18707.0;3329009.0;1390760.0;3011143.0;1708626.0;34992.0;28414.0;6578.0;116293.0;5521.0;8694.0;10539.0;7278.0;16860.0;1.0;0.0;1.0;0.0;0.0;0.0;0.0;0.0;0.0;1.0;0.0;3.0;0.0;208.0;101.0;109.0;130.0;14.0;90.0;3.0;210.0;14.0;84.0;49.0;22.0;121.0;11.0;41.0;24.0;37.0;34.0;543.0;14.0;16.0;8.0;14.0;9890.0;9962.0;1.0;9817.0;13.0;59.0;12.0;81.0;17.0;6.0;77.0;89.0;1.0;63.0;17.0;8.0;208.0;70.0;75.0;100.0;21.0;50.0;5.0;280.0;14.0;87.0;52.0;24.0;126.0;12.0;42.0;24.0;29.0;27.0;512.0;16.0;17.0;13.0;14.0;9901.0;9972.0;1.0;9828.0;13.0;56.0;4.0;80.0;19.0;6.0;75.0;93.0;4.0;63.0;11.0;7.0;17414806;12866;12872;21320;12140
2020-03-01;10.0;0.0;0.0;0.0;8.0;0;1;3.0;7.0;8.0;0.0;1.0;1.0;0.0;0.0;1.0;0.0;300.0;1.0;2476512.0;140.0;2463712.0;12660.0;1641935.0;834437.0;1498230.0;978142.0;25155.0;19850.0;5305.0;120481.0;9600.0;8370.0;7213.0;9342.0;20476.0;1.0;0.0;0.0;0.0;0.0;0.0;0.0;0.0;0.0;1.0;0.0;3.0;0.0;210.0;95.0;96.0;130.0;2.0;50.0;19.0;200.0;2.0;61.0;38.0;24.0;91.0;12.0;27.0;24.0;57.0;53.0;885.0;2.0;1.0;1.0;14.0;9902.0;9910.0;14.0;9891.0;6.0;57.0;14.0;80.0;13.0;6.0;78.0;89.0;24.0;67.0;13.0;12.0;218.0;67.0;67.0;90.0;2.0;30.0;18.0;180.0;10.0;66.0;46.0;24.0;92.0;13.0;30.0;24.0;44.0;41.0;785.0;0.0;-1.0;-1.0;1.0;9910.0;9917.0;11.0;9903.0;5.0;70.0;24.0;80.0;12.0;7.0;72.0;83.0;24.0;57.0;14.0;10.0;17423980;13598;16202;15740;12910
2020-03-02;18.0;0.0;0.0;0.0;6.0;0;1;3.0;7.0;8.0;0.0;1.0;1.0;0.0;0.0;1.0;0.0;300.0;0.0;2476512.0;140.0;2463712.0;12660.0;1641935.0;834437.0;1498230.0;978142.0;25155.0;19850.0;5305.0;120481.0;9600.0;8370.0;7213.0;9342.0;20476.0;1.0;0.0;0.0;0.0;0.0;0.0;0.0;0.0;0.0;1.0;0.0;3.0;0.0;200.0;24.0;45.0;60.0;4.0;30.0;14.0;90.0;4.0;50.0;18.0;23.0;77.0;14.0;-2.0;24.0;0.0;0.0;253.0;92.0;54.0;13.0;15.0;9902.0;9963.0;24.0;9875.0;13.0;45.0;9.0;70.0;1.0;7.0;91.0;95.0;9.0;84.0;21.0;3.0;195.0;20.0;31.0;50.0;1.0;10.0;16.0;90.0;8.0;55.0;35.0;24.0;78.0;14.0;14.0;24.0;0.0;0.0;244.0;95.0;87.0;17.0;7.0;9905.0;9966.0;24.0;9877.0;13.0;44.0;8.0;70.0;1.0;7.0;90.0;95.0;18.0;83.0;1.0;3.0;17423980;13598;16202;15740;12910
2020-03-03;24.0;0.0;0.0;0.0;14.0;0;1;3.0;7.0;8.0;0.0;1.0;1.0;0.0;0.0;1.0;0.0;300.0;0.0;2476512.0;140.0;2463712.0;12660.0;1641935.0;834437.0;1498230.0;978142.0;25155.0;19850.0;5305.0;120481.0;9600.0;8370.0;7213.0;9342.0;20476.0;1.0;0.0;0.0;0.0;0.0;0.0;0.0;0.0;0.0;1.0;0.0;3.0;0.0;226.0;42.0;48.0;90.0;17.0;20.0;20.0;140.0;17.0;45.0;-3.0;6.0;92.0;14.0;-16.0;6.0;75.0;68.0;969.0;18.0;14.0;5.0;23.0;10017.0;10071.0;24.0;9968.0;1.0;64.0;23.0;80.0;13.0;4.0;84.0;94.0;2.0;65.0;14.0;12.0;223.0;30.0;33.0;60.0;12.0;10.0;19.0;100.0;12.0;44.0;9.0;23.0;88.0;12.0;-9.0;24.0;70.0;64.0;915.0;15.0;27.0;12.0;18.0;10021.0;10076.0;24.0;9972.0;1.0;57.0;18.0;80.0;13.0;3.0;83.0;97.0;20.0;65.0;13.0;11.0;17423980;13598;16202;15740;12910
2020-03-04;38.0;0.0;0.0;0.0;44.0;0;1;3.0;7.0;8.0;0.0;1.0;1.0;0.0;0.0;1.0;0.0;300.0;0.0;2476512.0;140.0;2463712.0;12660.0;1641935.0;834437.0;1498230.0;978142.0;25155.0;19850.0;5305.0;120481.0;9600.0;8370.0;7213.0;9342.0;20476.0;1.0;0.0;0.0;0.0;0.0;0.0;0.0;0.0;0.0;1.0;0.0;3.0;0.0;245.0;27.0;38.0;70.0;12.0;10.0;19.0;100.0;12.0;64.0;33.0;2.0;96.0;13.0;8.0;24.0;84.0;76.0;1033.0;16.0;9.0;5.0;24.0;10083.0;10101.0;11.0;10053.0;24.0;39.0;3.0;80.0;14.0;7.0;80.0;96.0;2.0;59.0;14.0;14.0;228.0;19.0;26.0;40.0;9.0;10.0;18.0;100.0;12.0;65.0;35.0;3.0;105.0;13.0;23.0;6.0;61.0;55.0;907.0;6.0;9.0;5.0;1.0;10086.0;10103.0;11.0;10055.0;24.0;45.0;3.0;81.0;17.0;7.0;79.0;95.0;3.0;59.0;11.0;12.0;17423980;13598;16202;15740;12910
2020-03-05;82.0;0.0;0.0;0.0;46.0;3;1;3.0;7.0;8.0;0.0;1.0;1.0;0.0;0.0;1.0;0.0;300.0;0.0;2476512.0;140.0;2463712.0;12660.0;1641935.0;834437.0;1498230.0;978142.0;25155.0;19850.0;5305.0;120481.0;9600.0;8370.0;7213.0;9342.0;20476.0;1.0;0.0;0.0;0.0;0.0;0.0;0.0;0.0;0.0;1.0;0.0;3.0;0.0;75.0;52.0;55.0;70.0;15.0;20.0;1.0;110.0;16.0;58.0;44.0;2.0;70.0;13.0;38.0;6.0;0.0;0.0;361.0;88.0;74.0;14.0;21.0;9950.0;10045.0;1.0;9891.0;22.0;59.0;1.0;75.0;15.0;8.0;88.0;96.0;2.0;80.0;15.0;5.0;73.0;39.0;42.0;60.0;14.0;20.0;1.0;100.0;14.0;55.0;44.0;4.0;68.0;13.0;41.0;6.0;0.0;0.0;280.0;100.0;118.0;19.0;19.0;9948.0;10048.0;1.0;9882.0;23.0;42.0;17.0;70.0;15.0;8.0;90.0;94.0;3.0;81.0;14.0;4.0;17423980;13598;16202;15740;12910
2020-03-06;128.0;1.0;0.0;0.0;60.0;3;1;3.0;7.0;8.0;0.0;1.0;1.0;0.0;0.0;1.0;0.0;300.0;0.0;2476512.0;140.0;2463712.0;12660.0;1641935.0;834437.0;1498230.0;978142.0;25155.0;19850.0;5305.0;120481.0;9600.0;8370.0;7213.0;9342.0;20476.0;1.0;0.0;0.0;0.0;0.0;0.0;0.0;0.0;0.0;1.0;0.0;3.0;0.0;340.0;47.0;50.0;70.0;15.0;20.0;23.0;110.0;15.0;64.0;24.0;24.0;96.0;14.0;1.0;24.0;31.0;28.0;796.0;37.0;27.0;13.0;1.0;10001.0;10115.0;24.0;9895.0;1.0;57.0;4.0;75.0;10.0;7.0;82.0;93.0;1.0;72.0;10.0;11.0;344.0;39.0;40.0;60.0;11.0;10.0;24.0;100.0;9.0;62.0;38.0;24.0;85.0;13.0;22.0;24.0;11.0;10.0;674.0;49.0;19.0;6.0;1.0;9996.0;10116.0;24.0;9885.0;1.0;56.0;1.0;72.0;22.0;8.0;80.0;93.0;1.0;68.0;13.0;9.0;17423980;13598;16202;15740;12910
2020-03-07;188.0;1.0;0.0;0.0;77.0;3;1;3.0;7.0;8.0;0.0;1.0;1.0;0.0;0.0;1.0;0.0;300.0;0.0;2476512.0;140.0;2463712.0;12660.0;1641935.0;834437.0;1498230.0;978142.0;25155.0;19850.0;5305.0;120481.0;9600.0;8370.0;7213.0;9342.0;20476.0;1.0;0.0;0.0;0.0;0.0;0.0;0.0;0.0;0.0;1.0;0.0;3.0;0.0;221.0;51.0;56.0;80.0;12.0;20.0;4.0;120.0;13.0;68.0;9.0;6.0;112.0;13.0;-25.0;6.0;73.0;65.0;1070.0;0.0;-1.0;-1.0;1.0;10153.0;10170.0;12.0;10123.0;1.0;65.0;21.0;82.0;15.0;4.0;76.0;90.0;4.0;54.0;12.0;14.0;220.0;38.0;41.0;60.0;13.0;10.0;3.0;120.0;14.0;66.0;-8.0;5.0;106.0;13.0;-30.0;6.0;64.0;57.0;959.0;0.0;0.0;0.0;1.0;10159.0;10176.0;12.0;10123.0;1.0;13.0;5.0;81.0;13.0;4.0;76.0;97.0;5.0;56.0;12.0;13.0;17423980;13598;16202;15740;12910
2020-03-08;265.0;3.0;0.0;0.0;56.0;11;1;3.0;7.0;8.0;0.0;1.0;1.0;0.0;0.0;1.0;0.0;300.0;0.0;2476512.0;140.0;2463712.0;12660.0;1641935.0;834437.0;1498230.0;978142.0;25155.0;19850.0;5305.0;120481.0;9600.0;8370.0;7213.0;9342.0;20476.0;1.0;0.0;0.0;0.0;0.0;0.0;0.0;0.0;0.0;1.0;0.0;3.0;0.0;204.0;80.0;82.0;110.0;9.0;50.0;19.0;160.0;10.0;88.0;70.0;20.0;109.0;16.0;60.0;24.0;8.0;7.0;354.0;23.0;109.0;64.0;20.0;10080.0;10128.0;1.0;10060.0;18.0;50.0;19.0;74.0;16.0;8.0;85.0;93.0;19.0;80.0;8.0;5.0;200.0;54.0;55.0;70.0;10.0;40.0;18.0;150.0;11.0;87.0;71.0;6.0;102.0;16.0;60.0;6.0;8.0;7.0;314.0;14.0;6.0;2.0;10.0;10090.0;10139.0;1.0;10065.0;20.0;56.0;10.0;75.0;2.0;8.0;82.0;88.0;19.0;76.0;9.0;4.0;17423980;13598;16202;15740;12910
2020-03-09;321.0;3.0;0.0;0.0;61.0;19;4;3.0;7.0;8.0;0.0;1.0;1.0;0.0;0.0;1.0;0.0;300.0;0.0;2476512.0;140.0;2463712.0;12660.0;1641935.0;834437.0;1498230.0;978142.0;25155.0;19850.0;5305.0;120481.0;9600.0;8370.0;7213.0;9342.0;20476.0;1.0;0.0;0.0;0.0;0.0;0.0;0.0;0.0;0.0;1.0;0.0;3.0;0.0;237.0;62.0;67.0;100.0;24.0;40.0;3.0;150.0;24.0;78.0;59.0;3.0;106.0;12.0;48.0;6.0;54.0;47.0;946.0;20.0;22.0;16.0;24.0;10100.0;10131.0;17.0;10059.0;24.0;60.0;3.0;75.0;10.0;7.0;82.0;92.0;3.0;69.0;12.0;13.0;229.0;42.0;45.0;70.0;24.0;30.0;7.0;130.0;24.0;78.0;63.0;6.0;106.0;12.0;58.0;6.0;47.0;41.0;936.0;26.0;37.0;14.0;24.0;10106.0;10134.0;17.0;10072.0;1.0;59.0;23.0;80.0;13.0;8.0;80.0;91.0;7.0;65.0;11.0;13.0;17423980;13598;16202;15740;12910
2020-03-10;382.0;4.0;0.0;0.0;121.0;19;5;3.0;7.0;8.0;0.0;1.0;1.0;0.0;0.0;1.0;0.0;300.0;0.0;2476512.0;140.0;2463712.0;12660.0;1641935.0;834437.0;1498230.0;978142.0;25155.0;19850.0;5305.0;120481.0;9600.0;8370.0;7213.0;9342.0;20476.0;1.0;0.0;0.0;1.0;0.0;0.0;0.0;0.0;0.0;1.0;0.0;3.0;0.0;236.0;106.0;110.0;140.0;19.0;70.0;24.0;210.0;21.0;105.0;66.0;1.0;124.0;16.0;61.0;6.0;0.0;0.0;251.0;138.0;111.0;26.0;1.0;10026.0;10069.0;24.0;10009.0;4.0;35.0;2.0;67.0;14.0;8.0;91.0;96.0;4.0;86.0;23.0;4.0;234.0;66.0;70.0;80.0;1.0;50.0;23.0;160.0;17.0;101.0;63.0;3.0;119.0;19.0;59.0;6.0;0.0;0.0;179.0;147.0;164.0;21.0;1.0;10035.0;10074.0;24.0;10019.0;14.0;36.0;22.0;66.0;16.0;8.0;92.0;95.0;9.0;88.0;18.0;3.0;17423980;13598;16202;15740;12910
2020-03-11;503.0;5.0;0.0;0.0;0.0;48;5;3.0;7.0;8.0;0.0;1.0;1.0;0.0;0.0;1.0;0.0;300.0;0.0;2476512.0;140.0;2463712.0;12660.0;1641935.0;834437.0;1498230.0;978142.0;25155.0;19850.0;5305.0;120481.0;9600.0;8370.0;7213.0;9342.0;20476.0;1.0;0.0;0.0;1.0;1.0;0.0;0.0;0.0;0.0;1.0;0.0;3.0;0.0;237.0;74.0;77.0;120.0;23.0;30.0;3.0;190.0;20.0;108.0;91.0;7.0;131.0;13.0;85.0;12.0;59.0;51.0;1099.0;52.0;35.0;11.0;2.0;10082.0;10110.0;11.0;10036.0;24.0;45.0;22.0;80.0;13.0;8.0;84.0;96.0;2.0;66.0;13.0;16.0;234.0;48.0;49.0;80.0;23.0;20.0;3.0;160.0;23.0;110.0;92.0;2.0;135.0;14.0;88.0;6.0;40.0;35.0;891.0;69.0;80.0;23.0;2.0;10089.0;10115.0;11.0;10051.0;24.0;36.0;23.0;75.0;11.0;8.0;85.0;96.0;3.0;71.0;12.0;13.0;17423980;13598;16202;15740;12910
2020-03-12;503.0;5.0;0.0;0.0;301.0;48;5;3.0;7.0;8.0;0.0;1.0;1.0;0.0;0.0;1.0;0.0;300.0;0.0;2476512.0;140.0;2463712.0;12660.0;1641935.0;834437.0;1498230.0;978142.0;25155.0;19850.0;5305.0;120481.0;9600.0;8370.0;7213.0;9342.0;20476.0;1.0;0.0;0.0;1.0;1.0;0.0;0.0;0.0;0.0;1.0;1.0;3.0;0.0;245.0;118.0;122.0;140.0;3.0;100.0;18.0;240.0;15.0;86.0;51.0;15.0;114.0;1.0;47.0;18.0;92.0;79.0;1281.0;2.0;2.0;2.0;15.0;10074.0;10103.0;12.0;10025.0;3.0;62.0;19.0;81.0;6.0;4.0;66.0;81.0;3.0;52.0;10.0;18.0;243.0;71.0;73.0;80.0;1.0;60.0;18.0;190.0;5.0;84.0;58.0;8.0;110.0;2.0;50.0;12.0;73.0;63.0;1164.0;27.0;47.0;19.0;5.0;10083.0;10110.0;11.0;10036.0;3.0;60.0;7.0;83.0;5.0;4.0;66.0;86.0;1.0;48.0;11.0;16.0;17423980;13598;16202;15740;12910
2020-03-13;804.0;10.0;0.0;0.0;155.0;48;5;3.0;7.0;8.0;0.0;1.0;1.0;0.0;0.0;1.0;0.0;300.0;0.0;2476512.0;140.0;2463712.0;12660.0;1641935.0;834437.0;1498230.0;978142.0;25155.0;19850.0;5305.0;120481.0;9600.0;8370.0;7213.0;9342.0;20476.0;1.0;0.0;0.0;1.0;1.0;1.0;0.0;0.0;0.0;1.0;1.0;3.0;0.0;271.0;63.0;70.0;120.0;1.0;10.0;20.0;190.0;1.0;68.0;13.0;24.0;95.0;11.0;-15.0;24.0;28.0;24.0;737.0;11.0;14.0;5.0;3.0;10158.0;10210.0;23.0;10086.0;2.0;57.0;9.0;75.0;13.0;7.0;79.0;93.0;24.0;70.0;1.0;10.0;257.0;39.0;42.0;70.0;2.0;10.0;19.0;150.0;11.0;66.0;17.0;24.0;90.0;12.0;1.0;24.0;22.0;19.0;565.0;29.0;54.0;19.0;13.0;10161.0;10212.0;22.0;10096.0;1.0;3.0;24.0;76.0;7.0;7.0;81.0;98.0;23.0;67.0;1.0;8.0;17423980;13598;16202;15740;12910
2020-03-14;959.0;12.0;2.0;0.0;176.0;61;5;3.0;7.0;8.0;0.0;1.0;1.0;0.0;0.0;1.0;0.0;300.0;0.0;2476512.0;140.0;2463712.0;12660.0;1641935.0;834437.0;1498230.0;978142.0;25155.0;19850.0;5305.0;120481.0;9600.0;8370.0;7213.0;9342.0;20476.0;1.0;0.0;0.0;1.0;1.0;1.0;0.0;0.0;0.0;1.0;1.0;3.0;0.0;163.0;51.0;55.0;80.0;13.0;20.0;1.0;120.0;14.0;70.0;5.0;2.0;120.0;15.0;-18.0;6.0;55.0;47.0;1057.0;6.0;2.0;1.0;21.0;10179.0;10207.0;1.0;10145.0;24.0;9.0;6.0;82.0;16.0;7.0;83.0;98.0;6.0;56.0;15.0;14.0;172.0;39.0;41.0;60.0;12.0;10.0;1.0;110.0;13.0;67.0;4.0;3.0;118.0;15.0;-7.0;6.0;56.0;48.0;1088.0;5.0;5.0;5.0;22.0;10185.0;10210.0;1.0;10155.0;24.0;0.0;4.0;83.0;16.0;7.0;80.0;99.0;2.0;55.0;15.0;15.0;17423980;13598;16202;15740;12910
2020-03-15;1135.0;20.0;2.0;1.0;278.0;66;5;3.0;7.0;8.0;0.0;1.0;1.0;0.0;0.0;1.0;0.0;300.0;0.0;2476512.0;140.0;2463712.0;12660.0;1641935.0;834437.0;1498230.0;978142.0;25155.0;19850.0;5305.0;120481.0;9600.0;8370.0;7213.0;9342.0;20476.0;1.0;0.0;0.0;1.0;1.0;1.0;1.0;0.0;0.0;1.0;1.0;3.0;0.0;193.0;62.0;65.0;100.0;11.0;30.0;21.0;160.0;12.0;94.0;79.0;1.0;112.0;11.0;69.0;24.0;3.0;3.0;352.0;0.0;-1.0;-1.0;1.0;10116.0;10141.0;1.0;10101.0;17.0;60.0;7.0;75.0;10.0;8.0;80.0;90.0;1.0;70.0;18.0;5.0;189.0;46.0;47.0;80.0;12.0;20.0;22.0;140.0;11.0;96.0;77.0;1.0;112.0;17.0;54.0;24.0;7.0;6.0;404.0;0.0;0.0;0.0;1.0;10123.0;10151.0;1.0;10110.0;14.0;66.0;7.0;80.0;11.0;8.0;78.0;89.0;6.0;68.0;12.0;6.0;17423980;13598;16202;15740;12910
2020-03-16;1413.0;24.0;2.0;1.0;292.0;66;7;3.0;7.0;8.0;1.0;1.0;1.0;30.0;1.0;1.0;1.0;300.0;0.0;2476512.0;140.0;2463712.0;12660.0;1641935.0;834437.0;1498230.0;978142.0;25155.0;19850.0;5305.0;120481.0;9600.0;8370.0;7213.0;9342.0;20476.0;1.0;0.0;0.0;1.0;1.0;1.0;1.0;0.0;0.0;1.0;1.0;3.0;0.0;267.0;25.0;27.0;40.0;1.0;10.0;3.0;80.0;1.0;71.0;28.0;4.0;117.0;13.0;5.0;6.0;67.0;57.0;1183.0;0.0;0.0;0.0;1.0;10202.0;10260.0;24.0;10123.0;1.0;47.0;3.0;78.0;13.0;4.0;85.0;98.0;4.0;65.0;12.0;16.0;291.0;14.0;18.0;30.0;12.0;10.0;4.0;60.0;14.0;75.0;22.0;24.0;130.0;13.0;-3.0;24.0;67.0;57.0;1203.0;0.0;0.0;0.0;1.0;10202.0;10263.0;24.0;10125.0;1.0;29.0;5.0;81.0;14.0;4.0;82.0;98.0;4.0;55.0;13.0;16.0;17423980;13598;16202;15740;12910
2020-03-17;1705.0;43.0;2.0;1.0;346.0;66;7;3.0;7.0;8.0;1.0;1.0;1.0;30.0;1.0;1.0;1.0;300.0;0.0;2476512.0;140.0;2463712.0;12660.0;1641935.0;834437.0;1498230.0;978142.0;25155.0;19850.0;5305.0;120481.0;9600.0;8370.0;7213.0;9342.0;20476.0;1.0;0.0;0.0;1.0;1.0;1.0;1.0;0.0;0.0;1.0;1.0;3.0;0.0;217.0;57.0;58.0;90.0;15.0;30.0;1.0;120.0;14.0;83.0;25.0;1.0;133.0;15.0;3.0;6.0;70.0;59.0;1168.0;0.0;0.0;0.0;1.0;10274.0;10288.0;12.0;10258.0;3.0;56.0;2.0;83.0;16.0;7.0;71.0;97.0;2.0;44.0;16.0;16.0;221.0;40.0;40.0;60.0;11.0;20.0;1.0;100.0;11.0;86.0;12.0;1.0;133.0;14.0;-11.0;6.0;81.0;68.0;1366.0;0.0;0.0;0.0;1.0;10281.0;10295.0;11.0;10263.0;1.0;4.0;1.0;83.0;18.0;8.0;68.0;98.0;1.0;47.0;14.0;19.0;17423980;13598;16202;15740;12910
2020-03-18;2051.0;58.0;2.0;1.0;409.0;74;7;3.0;7.0;8.0;1.0;1.0;1.0;30.0;1.0;1.0;1.0;300.0;0.0;2476512.0;140.0;2463712.0;12660.0;1641935.0;834437.0;1498230.0;978142.0;25155.0;19850.0;5305.0;120481.0;9600.0;8370.0;7213.0;9342.0;20476.0;1.0;0.0;0.0;1.0;1.0;1.0;1.0;0.0;0.0;1.0;1.0;3.0;1.0;231.0;58.0;61.0;80.0;10.0;40.0;23.0;130.0;10.0;98.0;64.0;3.0;120.0;15.0;51.0;6.0;15.0;13.0;565.0;0.0;0.0;0.0;1.0;10250.0;10257.0;1.0;10242.0;19.0;56.0;24.0;83.0;1.0;8.0;77.0;95.0;24.0;57.0;1.0;8.0;228.0;39.0;40.0;60.0;10.0;20.0;19.0;110.0;10.0;105.0;67.0;5.0;137.0;12.0;44.0;24.0;27.0;23.0;902.0;0.0;0.0;0.0;1.0;10254.0;10265.0;1.0;10244.0;17.0;70.0;21.0;83.0;1.0;7.0;64.0;87.0;21.0;54.0;1.0;13.0;17423980;13598;16202;15740;12910
2020-03-19;2460.0;76.0;2.0;1.0;534.0;74;7;3.0;7.0;8.0;1.0;1.0;1.0;30.0;1.0;1.0;1.0;300.0;0.0;2476512.0;140.0;2463712.0;12660.0;1641935.0;834437.0;1498230.0;978142.0;25155.0;19850.0;5305.0;120481.0;9600.0;8370.0;7213.0;9342.0;20476.0;1.0;0.0;0.0;1.0;1.0;1.0;1.0;0.0;0.0;1.0;1.0;3.0;1.0;40.0;34.0;41.0;60.0;15.0;20.0;3.0;90.0;16.0;82.0;73.0;24.0;97.0;13.0;69.0;24.0;6.0;5.0;570.0;0.0;-1.0;-1.0;1.0;10260.0;10269.0;10.0;10245.0;1.0;2.0;3.0;75.0;14.0;8.0;86.0;99.0;1.0;74.0;15.0;8.0;27.0;23.0;26.0;40.0;15.0;0.0;5.0;80.0;17.0;85.0;69.0;24.0;99.0;1.0;58.0;24.0;0.0;0.0;391.0;0.0;0.0;0.0;1.0;10258.0;10266.0;10.0;10245.0;2.0;16.0;4.0;75.0;19.0;8.0;87.0;98.0;4.0;77.0;20.0;5.0;17423980;13598;16202;15740;12910
2020-03-20;2994.0;106.0;2.0;1.0;637.0;74;7;3.0;7.0;8.0;1.0;1.0;1.0;30.0;1.0;1.0;1.0;300.0;0.0;2476512.0;140.0;2463712.0;12660.0;1641935.0;834437.0;1498230.0;978142.0;25155.0;19850.0;5305.0;120481.0;9600.0;8370.0;7213.0;9342.0;20476.0;1.0;0.0;0.0;1.0;1.0;1.0;1.0;0.0;0.0;1.0;1.0;3.0;1.0;39.0;61.0;62.0;80.0;15.0;40.0;1.0;130.0;15.0;69.0;49.0;24.0;88.0;14.0;39.0;24.0;11.0;9.0;566.0;0.0;0.0;0.0;1.0;10283.0;10300.0;21.0;10264.0;4.0;67.0;6.0;80.0;15.0;7.0;77.0;87.0;24.0;64.0;15.0;8.0;32.0;45.0;46.0;60.0;11.0;30.0;1.0;130.0;15.0;67.0;34.0;23.0;91.0;15.0;20.0;24.0;3.0;2.0;512.0;0.0;-1.0;-1.0;1.0;10279.0;10297.0;22.0;10260.0;1.0;67.0;24.0;82.0;15.0;6.0;75.0;87.0;24.0;53.0;15.0;7.0;17423980;13598;16202;15740;12910
2020-03-21;3631.0;136.0;2.0;1.0;573.0;74;7;3.0;7.0;8.0;1.0;1.0;1.0;30.0;1.0;1.0;1.0;300.0;0.0;2476512.0;140.0;2463712.0;12660.0;1641935.0;834437.0;1498230.0;978142.0;25155.0;19850.0;5305.0;120481.0;9600.0;8370.0;7213.0;9342.0;20476.0;1.0;0.0;0.0;1.0;1.0;1.0;1.0;0.0;0.0;1.0;1.0;3.0;1.0;73.0;77.0;78.0;100.0;14.0;60.0;1.0;150.0;13.0;53.0;15.0;6.0;94.0;13.0;4.0;6.0;111.0;91.0;1714.0;0.0;0.0;0.0;1.0;10293.0;10304.0;5.0;10275.0;16.0;70.0;1.0;83.0;3.0;1.0;60.0;85.0;1.0;49.0;17.0;22.0;69.0;61.0;63.0;90.0;13.0;40.0;4.0;150.0;14.0;46.0;2.0;6.0;92.0;14.0;-14.0;6.0;111.0;91.0;1737.0;0.0;0.0;0.0;1.0;10290.0;10302.0;6.0;10274.0;16.0;68.0;1.0;83.0;17.0;0.0;61.0;88.0;2.0;47.0;17.0;22.0;17423980;13598;16202;15740;12910
2020-03-22;4204.0;179.0;2.0;1.0;545.0;77;7;3.0;7.0;8.0;1.0;1.0;1.0;30.0;1.0;1.0;1.0;300.0;0.0;2476512.0;140.0;2463712.0;12660.0;1641935.0;834437.0;1498230.0;978142.0;25155.0;19850.0;5305.0;120481.0;9600.0;8370.0;7213.0;9342.0;20476.0;1.0;0.0;0.0;1.0;1.0;1.0;1.0;0.0;0.0;1.0;1.0;3.0;1.0;91.0;65.0;66.0;80.0;9.0;50.0;4.0;130.0;14.0;50.0;5.0;6.0;101.0;15.0;-6.0;6.0;111.0;91.0;1799.0;0.0;0.0;0.0;1.0;10309.0;10323.0;23.0;10298.0;3.0;80.0;4.0;83.0;1.0;0.0;51.0;67.0;5.0;34.0;15.0;23.0;88.0;61.0;62.0;80.0;11.0;40.0;3.0;130.0;13.0;46.0;-2.0;6.0;97.0;14.0;-18.0;6.0;113.0;92.0;1844.0;0.0;0.0;0.0;1.0;10309.0;10324.0;22.0;10296.0;4.0;75.0;4.0;83.0;7.0;0.0;50.0;71.0;4.0;35.0;12.0;23.0;17423980;13598;16202;15740;12910
2020-03-23;4749.0;213.0;2.0;1.0;811.0;77;10;3.0;7.0;8.0;1.0;1.0;1.0;30.0;1.0;1.0;1.0;300.0;0.0;2476512.0;140.0;2463712.0;12660.0;1641935.0;834437.0;1498230.0;978142.0;25155.0;19850.0;5305.0;120481.0;9600.0;8370.0;7213.0;9342.0;20476.0;1.0;0.0;0.0;1.0;1.0;1.0;1.0;1.0;0.0;1.0;1.0;3.0;1.0;117.0;57.0;58.0;80.0;9.0;40.0;1.0;120.0;9.0;48.0;-3.0;6.0;102.0;16.0;-15.0;6.0;113.0;92.0;1800.0;0.0;0.0;0.0;1.0;10318.0;10332.0;8.0;10303.0;17.0;80.0;13.0;83.0;1.0;0.0;45.0;62.0;5.0;30.0;15.0;23.0;122.0;57.0;58.0;80.0;8.0;30.0;19.0;130.0;9.0;47.0;0.0;6.0;101.0;15.0;-21.0;24.0;113.0;92.0;1851.0;0.0;0.0;0.0;1.0;10321.0;10336.0;9.0;10305.0;17.0;78.0;13.0;83.0;1.0;1.0;43.0;59.0;5.0;25.0;17.0;23.0;17423980;13598;16202;15740;12910
2020-03-24;5560.0;276.0;2.0;1.0;852.0;77;10;3.0;7.0;8.0;1.0;1.0;1.0;30.0;1.0;1.0;1.0;300.0;0.0;2476512.0;140.0;2463712.0;12660.0;1641935.0;834437.0;1498230.0;978142.0;25155.0;19850.0;5305.0;120481.0;9600.0;8370.0;7213.0;9342.0;20476.0;1.0;0.0;0.0;1.0;1.0;1.0;1.0;1.0;0.0;1.0;1.0;3.0;1.0;133.0;49.0;50.0;70.0;11.0;30.0;20.0;110.0;11.0;58.0;4.0;6.0;111.0;14.0;-23.0;6.0;115.0;93.0;1800.0;0.0;0.0;0.0;1.0;10300.0;10318.0;7.0;10282.0;17.0;80.0;11.0;83.0;1.0;2.0;42.0;56.0;5.0;31.0;15.0;23.0;130.0;43.0;45.0;70.0;14.0;20.0;21.0;120.0;14.0;49.0;-1.0;24.0;105.0;15.0;-47.0;24.0;113.0;91.0;1848.0;0.0;0.0;0.0;1.0;10303.0;10323.0;8.0;10287.0;17.0;75.0;21.0;83.0;1.0;3.0;44.0;72.0;21.0;26.0;16.0;23.0;17423980;13598;16202;15740;12910
2020-03-25;6412.0;356.0;3.0;1.0;1019.0;77;10;3.0;7.0;8.0;1.0;1.0;1.0;30.0;1.0;1.0;1.0;300.0;0.0;2476512.0;140.0;2463712.0;12660.0;1641935.0;834437.0;1498230.0;978142.0;25155.0;19850.0;5305.0;120481.0;9600.0;8370.0;7213.0;9342.0;20476.0;1.0;0.0;0.0;1.0;1.0;1.0;1.0;1.0;0.0;1.0;1.0;3.0;1.0;88.0;40.0;46.0;70.0;21.0;30.0;1.0;110.0;22.0;63.0;-3.0;4.0;120.0;15.0;-36.0;6.0;115.0;92.0;1837.0;0.0;0.0;0.0;1.0;10268.0;10291.0;8.0;10244.0;17.0;78.0;8.0;83.0;1.0;2.0;42.0;59.0;1.0;29.0;15.0;24.0;85.0;34.0;39.0;60.0;16.0;10.0;1.0;100.0;16.0;55.0;-43.0;5.0;127.0;15.0;-72.0;6.0;115.0;92.0;1897.0;0.0;0.0;0.0;1.0;10268.0;10292.0;6.0;10243.0;17.0;70.0;1.0;83.0;18.0;3.0;44.0;86.0;3.0;16.0;13.0;24.0;17423980;13598;16202;15740;12910
2020-03-26;7431.0;434.0;3.0;1.0;1172.0;77;10;3.0;7.0;8.0;1.0;1.0;1.0;30.0;1.0;1.0;1.0;300.0;0.0;2476512.0;140.0;2463712.0;12660.0;1641935.0;834437.0;1498230.0;978142.0;25155.0;19850.0;5305.0;120481.0;9600.0;8370.0;7213.0;9342.0;20476.0;1.0;0.0;0.0;1.0;1.0;1.0;1.0;1.0;0.0;1.0;1.0;3.0;1.0;65.0;51.0;53.0;80.0;14.0;30.0;6.0;120.0;14.0;66.0;10.0;6.0;107.0;15.0;-16.0;6.0;115.0;92.0;1800.0;0.0;0.0;0.0;1.0;10239.0;10251.0;8.0;10226.0;16.0;71.0;10.0;83.0;2.0;1.0;46.0;63.0;24.0;36.0;11.0;24.0;69.0;47.0;48.0;70.0;11.0;30.0;1.0;120.0;16.0;66.0;12.0;6.0;118.0;15.0;-6.0;6.0;115.0;92.0;1826.0;0.0;0.0;0.0;1.0;10235.0;10248.0;1.0;10222.0;15.0;72.0;12.0;82.0;1.0;1.0;40.0;54.0;24.0;28.0;12.0;24.0;17423980;13598;16202;15740;12910
2020-03-27;8603.0;546.0;3.0;1.0;1159.0;77;10;3.0;7.0;8.0;1.0;1.0;1.0;30.0;1.0;1.0;1.0;300.0;0.0;2476512.0;140.0;2463712.0;12660.0;1641935.0;834437.0;1498230.0;978142.0;25155.0;19850.0;5305.0;120481.0;9600.0;8370.0;7213.0;9342.0;20476.0;1.0;0.0;0.0;1.0;1.0;1.0;1.0;1.0;0.0;1.0;1.0;3.0;1.0;43.0;65.0;66.0;90.0;15.0;40.0;1.0;130.0;13.0;82.0;37.0;6.0;137.0;16.0;22.0;6.0;117.0;93.0;1695.0;0.0;0.0;0.0;1.0;10221.0;10232.0;1.0;10201.0;16.0;63.0;19.0;75.0;15.0;0.0;61.0;73.0;23.0;41.0;13.0;24.0;38.0;47.0;47.0;70.0;16.0;30.0;1.0;130.0;13.0;85.0;22.0;6.0;153.0;15.0;-1.0;6.0;115.0;91.0;1720.0;0.0;0.0;0.0;1.0;10214.0;10227.0;1.0;10193.0;16.0;63.0;22.0;80.0;11.0;0.0;54.0;72.0;24.0;36.0;15.0;24.0;17423980;13598;16202;15740;12910
2020-03-28;9762.0;639.0;3.0;1.0;1104.0;77;10;3.0;7.0;8.0;1.0;1.0;1.0;30.0;1.0;1.0;1.0;300.0;0.0;2476512.0;140.0;2463712.0;12660.0;1641935.0;834437.0;1498230.0;978142.0;25155.0;19850.0;5305.0;120481.0;9600.0;8370.0;7213.0;9342.0;20476.0;1.0;0.0;0.0;1.0;1.0;1.0;1.0;1.0;0.0;1.0;1.0;3.0;1.0;25.0;71.0;73.0;90.0;14.0;60.0;3.0;150.0;15.0;73.0;42.0;23.0;111.0;13.0;31.0;24.0;108.0;85.0;1703.0;0.0;-1.0;-1.0;1.0;10260.0;10291.0;22.0;10227.0;1.0;60.0;6.0;74.0;13.0;3.0;69.0;78.0;5.0;58.0;11.0;23.0;17.0;57.0;58.0;80.0;15.0;30.0;1.0;150.0;23.0;74.0;41.0;23.0;119.0;12.0;29.0;6.0;109.0;86.0;1741.0;0.0;-1.0;-1.0;1.0;10253.0;10284.0;22.0;10220.0;1.0;62.0;23.0;74.0;15.0;2.0;64.0;73.0;5.0;46.0;11.0;24.0;17423980;13598;16202;15740;12910
2020-03-29;10866.0;771.0;250.0;1.0;884.0;77;10;3.0;7.0;8.0;1.0;1.0;1.0;30.0;1.0;1.0;1.0;300.0;0.0;2476512.0;140.0;2463712.0;12660.0;1641935.0;834437.0;1498230.0;978142.0;25155.0;19850.0;5305.0;120481.0;9600.0;8370.0;7213.0;9342.0;20476.0;1.0;0.0;0.0;1.0;1.0;1.0;1.0;1.0;0.0;1.0;1.0;3.0;1.0;20.0;81.0;83.0;120.0;10.0;20.0;24.0;200.0;11.0;45.0;-12.0;24.0;74.0;12.0;-39.0;24.0;116.0;91.0;1869.0;1.0;1.0;1.0;1.0;10330.0;10367.0;20.0;10286.0;2.0;64.0;4.0;83.0;17.0;3.0;54.0;79.0;4.0;34.0;15.0;23.0;17.0;66.0;67.0;100.0;9.0;20.0;24.0;180.0;9.0;47.0;9.0;24.0;74.0;12.0;-20.0;24.0;107.0;84.0;1693.0;0.0;-1.0;-1.0;1.0;10323.0;10363.0;21.0;10277.0;3.0;64.0;4.0;83.0;18.0;2.0;51.0;75.0;2.0;32.0;14.0;21.0;17423980;13598;16202;15740;12910
2020-03-30;11750.0;864.0;250.0;1.0;845.0;84;10;3.0;7.0;8.0;1.0;1.0;1.0;30.0;1.0;1.0;1.0;300.0;0.0;2476512.0;140.0;2463712.0;12660.0;1641935.0;834437.0;1498230.0;978142.0;25155.0;19850.0;5305.0;120481.0;9600.0;8370.0;7213.0;9342.0;20476.0;1.0;0.0;0.0;1.0;1.0;1.0;1.0;1.0;0.0;1.0;1.0;3.0;1.0;333.0;30.0;35.0;70.0;14.0;10.0;3.0;120.0;17.0;43.0;-21.0;1.0;95.0;13.0;-58.0;6.0;47.0;37.0;1085.0;11.0;12.0;8.0;18.0;10308.0;10355.0;1.0;10280.0;16.0;62.0;9.0;80.0;15.0;6.0;78.0;89.0;24.0;62.0;13.0;13.0;338.0;19.0;23.0;40.0;11.0;10.0;1.0;120.0;17.0;38.0;-31.0;3.0;97.0;15.0;-53.0;6.0;43.0;34.0;950.0;5.0;20.0;16.0;16.0;10306.0;10354.0;1.0;10278.0;18.0;58.0;16.0;81.0;14.0;5.0;78.0;94.0;6.0;54.0;14.0;12.0;17423980;13598;16202;15740;12910
2020-03-31;12595.0;1039.0;250.0;1.0;1019.0;84;10;3.0;7.0;8.0;1.0;1.0;1.0;30.0;1.0;1.0;1.0;300.0;0.0;2476512.0;140.0;2463712.0;12660.0;1641935.0;834437.0;1498230.0;978142.0;25155.0;19850.0;5305.0;120481.0;9600.0;8370.0;7213.0;9342.0;20476.0;1.0;0.0;0.0;1.0;1.0;1.0;1.0;1.0;0.0;1.0;1.0;3.0;1.0;45.0;40.0;41.0;60.0;8.0;10.0;24.0;110.0;11.0;45.0;11.0;5.0;85.0;15.0;-36.0;24.0;119.0;92.0;1974.0;0.0;0.0;0.0;1.0;10307.0;10329.0;9.0;10276.0;24.0;70.0;1.0;83.0;7.0;0.0;63.0;88.0;1.0;45.0;13.0;25.0;28.0;32.0;33.0;50.0;9.0;10.0;24.0;90.0;9.0;41.0;-12.0;24.0;92.0;14.0;-32.0;24.0;120.0;93.0;2028.0;0.0;0.0;0.0;1.0;10304.0;10328.0;8.0;10275.0;24.0;65.0;1.0;83.0;9.0;0.0;62.0;92.0;2.0;30.0;13.0;25.0;17423980;13598;16202;15740;12910
2020-04-01;13614.0;1173.0;250.0;1.0;1083.0;84;10;3.0;7.0;8.0;1.0;1.0;1.0;30.0;1.0;1.0;1.0;400.0;0.0;126877.0;862.0;123257.0;2758.0;67684.0;58331.0;64573.0;61442.0;4242.0;2046.0;2196.0;93255.0;8656.0;7609.0;4235.0;8250.0;16580.0;1.0;0.0;0.0;1.0;1.0;1.0;1.0;1.0;0.0;1.0;1.0;3.0;1.0;265.0;19.0;24.0;40.0;13.0;10.0;1.0;70.0;13.0;41.0;-17.0;2.0;91.0;13.0;-59.0;6.0;25.0;19.0;947.0;0.0;0.0;0.0;1.0;10220.0;10270.0;1.0;10172.0;24.0;65.0;2.0;83.0;10.0;6.0;77.0;93.0;6.0;61.0;10.0;12.0;307.0;14.0;16.0;30.0;13.0;0.0;3.0;100.0;13.0;39.0;-38.0;5.0;100.0;13.0;-61.0;6.0;66.0;51.0;1488.0;0.0;0.0;0.0;1.0;10219.0;10269.0;1.0;10173.0;24.0;65.0;1.0;83.0;9.0;5.0;73.0;95.0;6.0;50.0;14.0;18.0;17423980;13598;16202;15740;12910
2020-04-02;14697.0;1339.0;250.0;1.0;1026.0;84;10;3.0;7.0;8.0;1.0;1.0;1.0;30.0;1.0;1.0;1.0;400.0;0.0;126877.0;862.0;123257.0;2758.0;67684.0;58331.0;64573.0;61442.0;4242.0;2046.0;2196.0;93255.0;8656.0;7609.0;4235.0;8250.0;16580.0;1.0;0.0;0.0;1.0;1.0;1.0;1.0;1.0;0.0;1.0;1.0;3.0;1.0;248.0;59.0;61.0;100.0;12.0;20.0;2.0;130.0;12.0;79.0;34.0;1.0;115.0;11.0;20.0;6.0;50.0;38.0;1347.0;0.0;-1.0;-1.0;1.0;10128.0;10168.0;1.0;10104.0;18.0;63.0;19.0;81.0;10.0;7.0;75.0;88.0;1.0;52.0;11.0;19.0;244.0;35.0;37.0;70.0;15.0;10.0;1.0;120.0;17.0;70.0;0.0;1.0;113.0;12.0;-20.0;6.0;28.0;22.0;1002.0;0.0;-1.0;-1.0;1.0;10131.0;10171.0;1.0;10108.0;19.0;57.0;1.0;82.0;16.0;8.0;74.0;95.0;2.0;51.0;12.0;13.0;17423980;13598;16202;15740;12910
2020-04-03;15723.0;1487.0;250.0;1.0;904.0;84;10;3.0;7.0;8.0;1.0;1.0;1.0;30.0;1.0;1.0;1.0;400.0;0.0;126877.0;862.0;123257.0;2758.0;67684.0;58331.0;64573.0;61442.0;4242.0;2046.0;2196.0;93255.0;8656.0;7609.0;4235.0;8250.0;16580.0;1.0;0.0;0.0;1.0;1.0;1.0;1.0;1.0;0.0;1.0;1.0;3.0;1.0;287.0;30.0;36.0;80.0;15.0;10.0;4.0;110.0;14.0;64.0;10.0;24.0;99.0;10.0;-24.0;24.0;34.0;26.0;1071.0;6.0;19.0;19.0;8.0;10166.0;10212.0;24.0;10111.0;1.0;60.0;5.0;81.0;15.0;6.0;76.0;93.0;4.0;51.0;14.0;14.0;294.0;21.0;25.0;50.0;12.0;10.0;5.0;110.0;14.0;66.0;-2.0;24.0;103.0;12.0;-40.0;24.0;34.0;26.0;974.0;0.0;-1.0;-1.0;1.0;10167.0;10217.0;24.0;10112.0;1.0;60.0;7.0;83.0;16.0;5.0;74.0;95.0;24.0;47.0;15.0;13.0;17423980;13598;16202;15740;12910
2020-04-04;16627.0;1651.0;250.0;1.0;1224.0;84;10;3.0;7.0;8.0;1.0;1.0;1.0;30.0;1.0;1.0;1.0;400.0;0.0;126877.0;862.0;123257.0;2758.0;67684.0;58331.0;64573.0;61442.0;4242.0;2046.0;2196.0;93255.0;8656.0;7609.0;4235.0;8250.0;16580.0;1.0;0.0;0.0;1.0;1.0;1.0;1.0;1.0;0.0;1.0;1.0;3.0;1.0;157.0;36.0;40.0;70.0;13.0;20.0;3.0;100.0;12.0;89.0;14.0;1.0;148.0;15.0;-11.0;6.0;108.0;82.0;1994.0;0.0;0.0;0.0;1.0;10231.0;10246.0;10.0;10215.0;1.0;70.0;1.0;83.0;18.0;2.0;55.0;87.0;1.0;36.0;13.0;28.0;147.0;28.0;32.0;60.0;13.0;20.0;1.0;100.0;13.0;73.0;-8.0;2.0;146.0;15.0;-46.0;6.0;120.0;91.0;2083.0;0.0;0.0;0.0;1.0;10234.0;10248.0;10.0;10220.0;1.0;50.0;4.0;83.0;18.0;2.0;59.0;95.0;1.0;31.0;16.0;28.0;17423980;13598;16202;15740;12910
2020-04-05;17851.0;1766.0;250.0;1.0;952.0;84;10;3.0;7.0;8.0;1.0;1.0;1.0;30.0;1.0;1.0;1.0;400.0;0.0;126877.0;862.0;123257.0;2758.0;67684.0;58331.0;64573.0;61442.0;4242.0;2046.0;2196.0;93255.0;8656.0;7609.0;4235.0;8250.0;16580.0;1.0;0.0;0.0;1.0;1.0;1.0;1.0;1.0;0.0;1.0;1.0;3.0;1.0;130.0;61.0;62.0;90.0;12.0;40.0;1.0;130.0;11.0;134.0;52.0;5.0;197.0;15.0;33.0;6.0;123.0;93.0;2063.0;0.0;0.0;0.0;1.0;10191.0;10228.0;1.0;10154.0;23.0;71.0;7.0;83.0;1.0;0.0;45.0;67.0;4.0;30.0;15.0;33.0;130.0;50.0;50.0;80.0;13.0;20.0;1.0;130.0;13.0;126.0;19.0;5.0;196.0;15.0;-28.0;6.0;123.0;93.0;2089.0;0.0;0.0;0.0;1.0;10195.0;10230.0;1.0;10161.0;22.0;71.0;9.0;83.0;19.0;0.0;47.0;77.0;4.0;28.0;18.0;33.0;17423980;13598;16202;15740;12910
2020-04-06;18803.0;1867.0;250.0;1.0;777.0;84;10;3.0;7.0;8.0;1.0;1.0;1.0;30.0;1.0;1.0;1.0;400.0;0.0;126877.0;862.0;123257.0;2758.0;67684.0;58331.0;64573.0;61442.0;4242.0;2046.0;2196.0;93255.0;8656.0;7609.0;4235.0;8250.0;16580.0;1.0;0.0;0.0;1.0;1.0;1.0;1.0;1.0;0.0;1.0;1.0;3.0;1.0;214.0;40.0;57.0;100.0;15.0;20.0;23.0;140.0;14.0;131.0;64.0;24.0;218.0;13.0;23.0;24.0;87.0;66.0;1734.0;0.0;-1.0;-1.0;1.0;10194.0;10274.0;24.0;10147.0;4.0;57.0;24.0;82.0;1.0;2.0;63.0;94.0;24.0;37.0;12.0;27.0;205.0;25.0;39.0;50.0;10.0;20.0;21.0;110.0;17.0;143.0;84.0;24.0;230.0;14.0;48.0;24.0;91.0;69.0;1800.0;6.0;1.0;1.0;18.0;10197.0;10275.0;24.0;10154.0;3.0;66.0;24.0;82.0;1.0;3.0;57.0;90.0;24.0;31.0;13.0;29.0;17423980;13598;16202;15740;12910
2020-04-07;19580.0;2101.0;250.0;1.0;969.0;84;10;3.0;7.0;8.0;1.0;1.0;1.0;30.0;1.0;1.0;1.0;400.0;0.0;126877.0;862.0;123257.0;2758.0;67684.0;58331.0;64573.0;61442.0;4242.0;2046.0;2196.0;93255.0;8656.0;7609.0;4235.0;8250.0;16580.0;1.0;0.0;0.0;1.0;1.0;1.0;1.0;1.0;0.0;1.0;1.0;3.0;1.0;75.0;25.0;30.0;50.0;15.0;0.0;3.0;80.0;17.0;123.0;45.0;5.0;184.0;13.0;-2.0;6.0;121.0;91.0;2022.0;0.0;0.0;0.0;1.0;10299.0;10323.0;10.0;10278.0;1.0;3.0;3.0;82.0;19.0;5.0;68.0;98.0;2.0;41.0;12.0;31.0;89.0;25.0;26.0;40.0;10.0;0.0;3.0;110.0;14.0;122.0;26.0;5.0;193.0;15.0;-5.0;6.0;122.0;92.0;2066.0;0.0;0.0;0.0;1.0;10298.0;10324.0;10.0;10278.0;24.0;2.0;2.0;81.0;19.0;5.0;65.0;99.0;3.0;38.0;13.0;32.0;17423980;13598;16202;15740;12910
2020-04-08;20549.0;2248.0;250.0;1.0;1213.0;84;10;3.0;7.0;8.0;1.0;1.0;1.0;30.0;1.0;1.0;1.0;400.0;0.0;126877.0;862.0;123257.0;2758.0;67684.0;58331.0;64573.0;61442.0;4242.0;2046.0;2196.0;93255.0;8656.0;7609.0;4235.0;8250.0;16580.0;1.0;0.0;0.0;1.0;1.0;1.0;1.0;1.0;1.0;1.0;1.0;3.0;1.0;42.0;21.0;22.0;40.0;17.0;10.0;3.0;60.0;17.0;148.0;70.0;5.0;221.0;15.0;26.0;6.0;113.0;84.0;1886.0;0.0;0.0;0.0;1.0;10247.0;10273.0;1.0;10229.0;16.0;59.0;21.0;75.0;1.0;4.0;65.0;84.0;23.0;43.0;14.0;31.0;32.0;9.0;17.0;30.0;16.0;10.0;3.0;60.0;17.0;150.0;54.0;5.0;245.0;15.0;25.0;6.0;110.0;82.0;1966.0;0.0;0.0;0.0;1.0;10246.0;10273.0;1.0;10226.0;16.0;56.0;23.0;76.0;12.0;5.0;65.0;94.0;5.0;31.0;15.0;32.0;17423980;13598;16202;15740;12910
2020-04-09;21762.0;2396.0;250.0;1.0;1335.0;84;10;3.0;7.0;8.0;1.0;1.0;1.0;30.0;1.0;1.0;1.0;400.0;0.0;126877.0;862.0;123257.0;2758.0;67684.0;58331.0;64573.0;61442.0;4242.0;2046.0;2196.0;93255.0;8656.0;7609.0;4235.0;8250.0;16580.0;1.0;0.0;0.0;1.0;1.0;1.0;1.0;1.0;0.0;1.0;1.0;3.0;1.0;45.0;25.0;28.0;50.0;17.0;10.0;1.0;90.0;21.0;131.0;66.0;4.0;196.0;14.0;17.0;6.0;107.0;79.0;1950.0;0.0;0.0;0.0;1.0;10261.0;10281.0;23.0;10241.0;1.0;57.0;3.0;78.0;10.0;3.0;68.0;93.0;3.0;41.0;11.0;31.0;31.0;25.0;28.0;50.0;16.0;10.0;2.0;90.0;14.0;133.0;56.0;5.0;205.0;14.0;31.0;6.0;100.0;74.0;1981.0;0.0;0.0;0.0;1.0;10259.0;10277.0;23.0;10237.0;2.0;18.0;2.0;82.0;17.0;3.0;65.0;97.0;5.0;39.0;13.0;31.0;17423980;13598;16202;15740;12910
2020-04-10;23097.0;2511.0;250.0;1.0;1316.0;84;10;3.0;7.0;8.0;1.0;1.0;1.0;30.0;1.0;1.0;1.0;400.0;0.0;126877.0;862.0;123257.0;2758.0;67684.0;58331.0;64573.0;61442.0;4242.0;2046.0;2196.0;93255.0;8656.0;7609.0;4235.0;8250.0;16580.0;1.0;0.0;0.0;1.0;1.0;1.0;1.0;1.0;0.0;1.0;1.0;3.0;1.0;63.0;38.0;39.0;50.0;6.0;30.0;1.0;70.0;6.0;107.0;51.0;5.0;163.0;13.0;28.0;6.0;127.0;94.0;2030.0;0.0;0.0;0.0;1.0;10271.0;10284.0;7.0;10258.0;17.0;66.0;2.0;83.0;18.0;6.0;61.0;85.0;5.0;39.0;16.0;30.0;45.0;26.0;28.0;40.0;15.0;20.0;1.0;70.0;18.0;115.0;44.0;5.0;185.0;14.0;24.0;6.0;125.0;92.0;2081.0;0.0;0.0;0.0;1.0;10269.0;10282.0;6.0;10253.0;17.0;67.0;6.0;83.0;16.0;7.0;58.0;86.0;2.0;36.0;16.0;32.0;17423980;13598;16202;15740;12910
2020-04-11;24413.0;2643.0;250.0;1.0;1174.0;84;10;3.0;7.0;8.0;1.0;1.0;1.0;30.0;1.0;1.0;1.0;400.0;0.0;126877.0;862.0;123257.0;2758.0;67684.0;58331.0;64573.0;61442.0;4242.0;2046.0;2196.0;93255.0;8656.0;7609.0;4235.0;8250.0;16580.0;1.0;0.0;0.0;1.0;1.0;1.0;1.0;1.0;0.0;1.0;1.0;3.0;1.0;100.0;18.0;23.0;40.0;3.0;0.0;22.0;60.0;3.0;131.0;56.0;5.0;210.0;16.0;17.0;24.0;127.0;93.0;2132.0;0.0;0.0;0.0;1.0;10232.0;10259.0;1.0;10194.0;24.0;75.0;5.0;83.0;1.0;6.0;51.0;72.0;24.0;27.0;15.0;34.0;91.0;11.0;18.0;30.0;1.0;0.0;20.0;50.0;1.0;122.0;43.0;5.0;215.0;14.0;-5.0;6.0;125.0;92.0;2189.0;0.0;0.0;0.0;1.0;10232.0;10260.0;1.0;10195.0;24.0;65.0;23.0;83.0;1.0;7.0;54.0;92.0;23.0;17.0;13.0;34.0;17423980;13598;16202;15740;12910
2020-04-12;25587.0;2737.0;250.0;1.0;964.0;84;10;3.0;7.0;8.0;1.0;1.0;1.0;30.0;1.0;1.0;1.0;400.0;0.0;126877.0;862.0;123257.0;2758.0;67684.0;58331.0;64573.0;61442.0;4242.0;2046.0;2196.0;93255.0;8656.0;7609.0;4235.0;8250.0;16580.0;1.0;0.0;0.0;1.0;1.0;1.0;1.0;1.0;0.0;1.0;1.0;3.0;1.0;287.0;11.0;30.0;60.0;23.0;10.0;1.0;100.0;23.0;137.0;59.0;4.0;223.0;13.0;10.0;6.0;78.0;57.0;1621.0;0.0;0.0;0.0;1.0;10152.0;10186.0;1.0;10127.0;17.0;57.0;21.0;80.0;8.0;5.0;63.0;88.0;4.0;39.0;10.0;26.0;241.0;4.0;20.0;40.0;12.0;0.0;1.0;80.0;15.0;140.0;29.0;5.0;230.0;14.0;-2.0;6.0;91.0;67.0;1792.0;2.0;1.0;1.0;15.0;10152.0;10188.0;1.0;10126.0;18.0;56.0;4.0;80.0;9.0;4.0;61.0;96.0;2.0;31.0;12.0;29.0;17423980;13598;16202;15740;12910
2020-04-13;26551.0;2823.0;250.0;1.0;868.0;84;10;3.0;7.0;8.0;1.0;1.0;1.0;30.0;1.0;1.0;1.0;400.0;0.0;126877.0;862.0;123257.0;2758.0;67684.0;58331.0;64573.0;61442.0;4242.0;2046.0;2196.0;93255.0;8656.0;7609.0;4235.0;8250.0;16580.0;1.0;0.0;0.0;1.0;1.0;1.0;1.0;1.0;0.0;1.0;1.0;3.0;1.0;17.0;67.0;69.0;90.0;6.0;40.0;24.0;150.0;3.0;75.0;56.0;24.0;104.0;15.0;46.0;24.0;54.0;39.0;1555.0;0.0;-1.0;-1.0;1.0;10241.0;10273.0;22.0;10172.0;1.0;66.0;2.0;81.0;24.0;7.0;57.0;77.0;2.0;42.0;14.0;21.0;12.0;57.0;58.0;70.0;3.0;30.0;22.0;150.0;6.0;78.0;58.0;24.0;111.0;1.0;53.0;24.0;68.0;50.0;1759.0;0.0;-1.0;-1.0;1.0;10236.0;10269.0;23.0;10166.0;1.0;69.0;6.0;80.0;16.0;7.0;55.0;74.0;3.0;39.0;13.0;24.0;17423980;13598;16202;15740;12910
2020-04-14;27419.0;2945.0;250.0;1.0;734.0;84;10;3.0;7.0;8.0;1.0;1.0;1.0;30.0;1.0;1.0;1.0;400.0;0.0;126877.0;862.0;123257.0;2758.0;67684.0;58331.0;64573.0;61442.0;4242.0;2046.0;2196.0;93255.0;8656.0;7609.0;4235.0;8250.0;16580.0;1.0;0.0;0.0;1.0;1.0;1.0;1.0;1.0;0.0;1.0;1.0;3.0;1.0;344.0;31.0;32.0;50.0;3.0;0.0;23.0;90.0;2.0;63.0;28.0;24.0;96.0;15.0;-17.0;24.0;25.0;18.0;1102.0;0.0;0.0;0.0;1.0;10275.0;10284.0;10.0;10265.0;24.0;75.0;3.0;83.0;17.0;7.0;65.0;79.0;22.0;54.0;14.0;15.0;356.0;21.0;23.0;40.0;14.0;0.0;24.0;100.0;12.0;60.0;6.0;24.0;102.0;17.0;-23.0;24.0;27.0;20.0;1058.0;0.0;-1.0;-1.0;1.0;10274.0;10283.0;10.0;10267.0;24.0;62.0;24.0;83.0;17.0;7.0;67.0;96.0;23.0;49.0;13.0;14.0;17423980;13598;16202;15740;12910
2020-04-15;28153.0;3134.0;250.0;1.0;1061.0;84;10;3.0;7.0;8.0;1.0;1.0;1.0;30.0;1.0;1.0;1.0;400.0;0.0;126877.0;862.0;123257.0;2758.0;67684.0;58331.0;64573.0;61442.0;4242.0;2046.0;2196.0;93255.0;8656.0;7609.0;4235.0;8250.0;16580.0;1.0;0.0;0.0;1.0;1.0;1.0;1.0;1.0;0.0;1.0;1.0;3.0;1.0;306.0;6.0;20.0;40.0;16.0;0.0;3.0;60.0;16.0;84.0;12.0;4.0;154.0;14.0;-29.0;6.0;114.0;82.0;2086.0;0.0;0.0;0.0;1.0;10235.0;10263.0;1.0;10191.0;24.0;62.0;24.0;79.0;12.0;3.0;69.0;92.0;3.0;40.0;13.0;29.0;117.0;6.0;15.0;30.0;8.0;0.0;1.0;60.0;12.0;85.0;-10.0;5.0;170.0;16.0;-41.0;6.0;125.0;90.0;2206.0;0.0;0.0;0.0;1.0;10234.0;10263.0;1.0;10192.0;24.0;57.0;3.0;80.0;9.0;4.0;67.0;98.0;4.0;40.0;12.0;31.0;17423980;13598;16202;15740;12910
2020-04-16;29214.0;3315.0;250.0;1.0;1235.0;84;10;3.0;7.0;8.0;1.0;1.0;1.0;30.0;1.0;1.0;1.0;400.0;0.0;126877.0;862.0;123257.0;2758.0;67684.0;58331.0;64573.0;61442.0;4242.0;2046.0;2196.0;93255.0;8656.0;7609.0;4235.0;8250.0;16580.0;1.0;0.0;0.0;1.0;1.0;1.0;1.0;1.0;0.0;1.0;1.0;3.0;1.0;56.0;44.0;45.0;80.0;22.0;10.0;1.0;120.0;21.0;126.0;51.0;3.0;190.0;16.0;4.0;6.0;126.0;90.0;2095.0;0.0;0.0;0.0;1.0;10173.0;10189.0;1.0;10160.0;17.0;57.0;3.0;80.0;24.0;6.0;64.0;94.0;2.0;41.0;12.0;33.0;40.0;20.0;27.0;60.0;21.0;10.0;2.0;120.0;21.0;130.0;39.0;3.0;221.0;15.0;0.0;6.0;119.0;85.0;2131.0;0.0;0.0;0.0;1.0;10170.0;10188.0;1.0;10155.0;14.0;60.0;5.0;80.0;21.0;6.0;60.0;88.0;2.0;30.0;14.0;34.0;17423980;13598;16202;15740;12910
2020-04-17;30449.0;3459.0;250.0;1.0;1140.0;84;10;3.0;7.0;8.0;1.0;1.0;1.0;30.0;1.0;1.0;1.0;400.0;0.0;126877.0;862.0;123257.0;2758.0;67684.0;58331.0;64573.0;61442.0;4242.0;2046.0;2196.0;93255.0;8656.0;7609.0;4235.0;8250.0;16580.0;1.0;0.0;0.0;1.0;1.0;1.0;1.0;1.0;0.0;1.0;1.0;3.0;1.0;52.0;63.0;64.0;80.0;8.0;60.0;1.0;110.0;1.0;101.0;68.0;5.0;150.0;15.0;56.0;6.0;129.0;92.0;2215.0;0.0;0.0;0.0;1.0;10182.0;10200.0;7.0;10168.0;18.0;67.0;7.0;80.0;1.0;2.0;66.0;80.0;22.0;50.0;14.0;33.0;45.0;42.0;43.0;50.0;2.0;30.0;21.0;90.0;7.0;109.0;57.0;5.0;170.0;15.0;46.0;6.0;123.0;88.0;2220.0;0.0;0.0;0.0;1.0;10178.0;10198.0;7.0;10162.0;16.0;67.0;6.0;81.0;19.0;2.0;61.0;80.0;5.0;39.0;16.0;33.0;17423980;13598;16202;15740;12910
2020-04-18;31589.0;3601.0;250.0;1.0;1066.0;84;10;3.0;7.0;8.0;1.0;1.0;1.0;30.0;1.0;1.0;1.0;400.0;0.0;126877.0;862.0;123257.0;2758.0;67684.0;58331.0;64573.0;61442.0;4242.0;2046.0;2196.0;93255.0;8656.0;7609.0;4235.0;8250.0;16580.0;1.0;0.0;0.0;1.0;1.0;1.0;1.0;1.0;0.0;1.0;1.0;3.0;1.0;33.0;32.0;37.0;60.0;1.0;10.0;13.0;100.0;1.0;114.0;67.0;3.0;151.0;12.0;54.0;6.0;17.0;12.0;1016.0;16.0;5.0;4.0;19.0;10166.0;10175.0;24.0;10161.0;3.0;65.0;6.0;80.0;23.0;7.0;72.0;85.0;3.0;57.0;13.0;15.0;12.0;15.0;25.0;40.0;1.0;10.0;12.0;80.0;1.0;111.0;50.0;4.0;160.0;12.0;39.0;6.0;28.0;20.0;906.0;18.0;10.0;7.0;15.0;10163.0;10168.0;20.0;10158.0;4.0;61.0;18.0;78.0;11.0;7.0;74.0;84.0;21.0;48.0;11.0;14.0;17423980;13598;16202;15740;12910
2020-04-19;32655.0;3684.0;250.0;1.0;750.0;84;10;3.0;7.0;8.0;1.0;1.0;1.0;30.0;1.0;1.0;1.0;400.0;0.0;126877.0;862.0;123257.0;2758.0;67684.0;58331.0;64573.0;61442.0;4242.0;2046.0;2196.0;93255.0;8656.0;7609.0;4235.0;8250.0;16580.0;1.0;0.0;0.0;1.0;1.0;1.0;1.0;1.0;0.0;1.0;1.0;3.0;1.0;57.0;67.0;68.0;80.0;8.0;50.0;1.0;130.0;12.0;122.0;74.0;6.0;171.0;14.0;58.0;6.0;132.0;93.0;2383.0;0.0;0.0;0.0;1.0;10195.0;10214.0;24.0;10174.0;1.0;80.0;1.0;83.0;6.0;1.0;46.0;67.0;2.0;27.0;16.0;37.0;60.0;44.0;47.0;70.0;11.0;20.0;1.0;120.0;10.0;125.0;73.0;6.0;179.0;15.0;60.0;6.0;130.0;92.0;2401.0;0.0;-1.0;-1.0;1.0;10192.0;10211.0;24.0;10169.0;1.0;66.0;1.0;83.0;3.0;1.0;43.0;76.0;1.0;25.0;16.0;37.0;17423980;13598;16202;15740;12910
2020-04-20;33405.0;3751.0;250.0;1.0;729.0;84;10;3.0;7.0;8.0;1.0;1.0;1.0;30.0;1.0;1.0;1.0;400.0;0.0;126877.0;862.0;123257.0;2758.0;67684.0;58331.0;64573.0;61442.0;4242.0;2046.0;2196.0;93255.0;8656.0;7609.0;4235.0;8250.0;16580.0;1.0;0.0;0.0;1.0;1.0;1.0;1.0;1.0;0.0;1.0;1.0;3.0;1.0;73.0;82.0;82.0;100.0;14.0;60.0;4.0;180.0;13.0;127.0;63.0;5.0;181.0;15.0;47.0;6.0;132.0;93.0;2409.0;0.0;0.0;0.0;1.0;10199.0;10216.0;6.0;10174.0;16.0;73.0;16.0;83.0;1.0;0.0;41.0;56.0;5.0;29.0;14.0;38.0;73.0;69.0;70.0;100.0;16.0;40.0;5.0;170.0;18.0;127.0;57.0;5.0;183.0;15.0;33.0;6.0;132.0;93.0;2442.0;0.0;0.0;0.0;1.0;10196.0;10213.0;7.0;10173.0;17.0;73.0;16.0;83.0;1.0;0.0;38.0;52.0;5.0;26.0;14.0;38.0;17423980;13598;16202;15740;12910
2020-04-21;34134.0;3916.0;0.0;1.0;708.0;84;10;3.0;7.0;8.0;1.0;1.0;1.0;30.0;1.0;1.0;1.0;400.0;0.0;126877.0;862.0;123257.0;2758.0;67684.0;58331.0;64573.0;61442.0;4242.0;2046.0;2196.0;93255.0;8656.0;7609.0;4235.0;8250.0;16580.0;1.0;0.0;0.0;1.0;1.0;1.0;1.0;1.0;0.0;1.0;1.0;3.0;1.0;75.0;81.0;82.0;110.0;12.0;60.0;20.0;180.0;14.0;138.0;82.0;5.0;192.0;16.0;68.0;6.0;132.0;93.0;2400.0;0.0;0.0;0.0;1.0;10190.0;10202.0;24.0;10173.0;16.0;73.0;13.0;83.0;1.0;0.0;43.0;59.0;6.0;31.0;14.0;39.0;75.0;73.0;74.0;100.0;10.0;50.0;20.0;160.0;11.0;139.0;86.0;6.0;189.0;15.0;74.0;6.0;132.0;93.0;2444.0;0.0;0.0;0.0;1.0;10188.0;10200.0;24.0;10171.0;16.0;75.0;13.0;83.0;1.0;0.0;40.0;52.0;6.0;31.0;12.0;39.0;17423980;13598;16202;15740;12910
2020-04-22;34842.0;4054.0;0.0;1.0;887.0;84;10;3.0;7.0;8.0;1.0;1.0;1.0;30.0;1.0;1.0;1.0;400.0;0.0;126877.0;862.0;123257.0;2758.0;67684.0;58331.0;64573.0;61442.0;4242.0;2046.0;2196.0;93255.0;8656.0;7609.0;4235.0;8250.0;16580.0;1.0;0.0;0.0;1.0;1.0;1.0;1.0;1.0;0.0;1.0;1.0;3.0;1.0;73.0;65.0;65.0;90.0;10.0;40.0;23.0;140.0;14.0;152.0;95.0;5.0;210.0;15.0;78.0;6.0;133.0;93.0;2435.0;0.0;0.0;0.0;1.0;10208.0;10218.0;8.0;10194.0;17.0;74.0;12.0;83.0;1.0;0.0;44.0;59.0;24.0;28.0;17.0;40.0;76.0;56.0;56.0;70.0;10.0;30.0;22.0;130.0;14.0;152.0;96.0;5.0;215.0;16.0;74.0;24.0;132.0;92.0;2463.0;0.0;0.0;0.0;1.0;10206.0;10215.0;7.0;10193.0;16.0;77.0;9.0;83.0;1.0;0.0;41.0;54.0;3.0;27.0;16.0;41.0;17423980;13598;16202;15740;12910
2020-04-23;35729.0;4177.0;0.0;1.0;806.0;84;10;3.0;7.0;8.0;1.0;1.0;1.0;30.0;1.0;1.0;1.0;400.0;0.0;126877.0;862.0;123257.0;2758.0;67684.0;58331.0;64573.0;61442.0;4242.0;2046.0;2196.0;93255.0;8656.0;7609.0;4235.0;8250.0;16580.0;1.0;0.0;0.0;1.0;1.0;1.0;1.0;1.0;0.0;1.0;1.0;3.0;1.0;72.0;27.0;30.0;50.0;1.0;20.0;11.0;80.0;12.0;156.0;80.0;4.0;227.0;14.0;53.0;6.0;133.0;92.0;2393.0;0.0;0.0;0.0;1.0;10190.0;10214.0;6.0;10155.0;24.0;68.0;23.0;83.0;1.0;5.0;51.0;72.0;3.0;30.0;15.0;40.0;83.0;14.0;28.0;40.0;1.0;10.0;24.0;70.0;12.0;158.0;83.0;24.0;232.0;16.0;52.0;24.0;134.0;93.0;2416.0;0.0;0.0;0.0;1.0;10188.0;10214.0;6.0;10152.0;24.0;62.0;24.0;83.0;1.0;4.0;47.0;89.0;24.0;25.0;12.0;41.0;17423980;13598;16202;15740;12910
2020-04-24;36535.0;4289.0;0.0;1.0;655.0;84;10;3.0;7.0;8.0;1.0;1.0;1.0;30.0;1.0;1.0;1.0;400.0;0.0;126877.0;862.0;123257.0;2758.0;67684.0;58331.0;64573.0;61442.0;4242.0;2046.0;2196.0;93255.0;8656.0;7609.0;4235.0;8250.0;16580.0;1.0;0.0;0.0;1.0;1.0;1.0;1.0;1.0;0.0;1.0;1.0;3.0;1.0;352.0;38.0;39.0;60.0;15.0;20.0;1.0;110.0;15.0;122.0;76.0;5.0;180.0;13.0;39.0;6.0;113.0;78.0;2305.0;0.0;0.0;0.0;1.0;10148.0;10156.0;23.0;10141.0;15.0;59.0;3.0;83.0;16.0;5.0;65.0;85.0;3.0;37.0;11.0;36.0;348.0;34.0;35.0;50.0;11.0;10.0;1.0;90.0;11.0;124.0;74.0;2.0;182.0;15.0;43.0;6.0;118.0;82.0;2354.0;0.0;0.0;0.0;1.0;10144.0;10152.0;23.0;10136.0;15.0;31.0;5.0;82.0;11.0;7.0;64.0;95.0;5.0;31.0;14.0;37.0;17423980;13598;16202;15740;12910
2020-04-25;37190.0;4409.0;0.0;1.0;655.0;84;10;3.0;7.0;8.0;1.0;1.0;1.0;30.0;1.0;1.0;1.0;400.0;0.0;126877.0;862.0;123257.0;2758.0;67684.0;58331.0;64573.0;61442.0;4242.0;2046.0;2196.0;93255.0;8656.0;7609.0;4235.0;8250.0;16580.0;1.0;0.0;0.0;1.0;1.0;1.0;1.0;1.0;0.0;1.0;1.0;3.0;1.0;360.0;32.0;33.0;50.0;2.0;20.0;11.0;80.0;1.0;91.0;35.0;24.0;133.0;13.0;5.0;24.0;50.0;34.0;1488.0;0.0;0.0;0.0;1.0;10149.0;10163.0;9.0;10137.0;17.0;70.0;24.0;82.0;6.0;5.0;66.0;87.0;24.0;54.0;12.0;21.0;351.0;25.0;28.0;40.0;13.0;10.0;6.0;90.0;15.0;98.0;35.0;24.0;143.0;15.0;8.0;24.0;64.0;44.0;1721.0;0.0;0.0;0.0;1.0;10146.0;10161.0;9.0;10132.0;17.0;64.0;24.0;83.0;4.0;5.0;66.0;93.0;24.0;50.0;14.0;25.0;17423980;13598;16202;15740;12910
2020-04-26;37845.0;4475.0;0.0;1.0;400.0;84;10;3.0;7.0;8.0;1.0;1.0;1.0;30.0;1.0;1.0;1.0;400.0;0.0;126877.0;862.0;123257.0;2758.0;67684.0;58331.0;64573.0;61442.0;4242.0;2046.0;2196.0;93255.0;8656.0;7609.0;4235.0;8250.0;16580.0;1.0;0.0;0.0;1.0;1.0;1.0;1.0;1.0;0.0;1.0;1.0;3.0;1.0;306.0;11.0;14.0;40.0;15.0;0.0;2.0;70.0;15.0;94.0;19.0;5.0;157.0;14.0;-16.0;6.0;100.0;69.0;2239.0;0.0;0.0;0.0;1.0;10122.0;10139.0;1.0;10100.0;24.0;62.0;4.0;81.0;14.0;1.0;73.0;94.0;3.0;51.0;13.0;32.0;336.0;9.0;15.0;30.0;16.0;0.0;22.0;60.0;12.0;90.0;4.0;5.0;167.0;15.0;-28.0;6.0;129.0;89.0;2460.0;0.0;0.0;0.0;1.0;10121.0;10137.0;1.0;10100.0;24.0;4.0;4.0;80.0;11.0;0.0;73.0;100.0;5.0;43.0;13.0;35.0;17423980;13598;16202;15740;12910
2020-04-27;38245.0;4518.0;0.0;1.0;171.0;84;10;3.0;7.0;8.0;1.0;1.0;1.0;30.0;1.0;1.0;1.0;400.0;0.0;126877.0;862.0;123257.0;2758.0;67684.0;58331.0;64573.0;61442.0;4242.0;2046.0;2196.0;93255.0;8656.0;7609.0;4235.0;8250.0;16580.0;1.0;0.0;0.0;1.0;1.0;1.0;1.0;1.0;0.0;1.0;1.0;3.0;1.0;295.0;15.0;33.0;60.0;14.0;10.0;1.0;90.0;13.0;122.0;51.0;3.0;197.0;13.0;3.0;6.0;101.0;69.0;2181.0;0.0;0.0;0.0;1.0;10075.0;10098.0;1.0;10064.0;18.0;44.0;3.0;80.0;15.0;4.0;70.0;98.0;3.0;38.0;12.0;34.0;265.0;10.0;24.0;40.0;11.0;10.0;1.0;90.0;11.0;124.0;14.0;3.0;207.0;14.0;-17.0;6.0;115.0;79.0;2344.0;0.0;0.0;0.0;1.0;10075.0;10098.0;1.0;10062.0;16.0;1.0;2.0;82.0;19.0;4.0;64.0;98.0;1.0;28.0;13.0;36.0;17423980;13598;16202;15740;12910
2020-04-28;38416.0;4566.0;0.0;1.0;386.0;84;10;3.0;7.0;8.0;1.0;1.0;1.0;30.0;1.0;1.0;1.0;400.0;0.0;126877.0;862.0;123257.0;2758.0;67684.0;58331.0;64573.0;61442.0;4242.0;2046.0;2196.0;93255.0;8656.0;7609.0;4235.0;8250.0;16580.0;1.0;0.0;0.0;1.0;1.0;1.0;1.0;1.0;0.0;1.0;1.0;3.0;1.0;41.0;47.0;48.0;60.0;9.0;30.0;1.0;100.0;9.0;91.0;77.0;24.0;106.0;14.0;73.0;6.0;0.0;0.0;422.0;68.0;29.0;5.0;8.0;10047.0;10066.0;1.0;10034.0;24.0;44.0;23.0;70.0;2.0;8.0;87.0;96.0;24.0;81.0;2.0;6.0;35.0;29.0;30.0;50.0;10.0;20.0;16.0;100.0;10.0;94.0;77.0;24.0;113.0;15.0;72.0;6.0;9.0;6.0;542.0;49.0;17.0;5.0;9.0;10044.0;10062.0;1.0;10032.0;15.0;49.0;4.0;70.0;14.0;8.0;90.0;95.0;24.0;84.0;11.0;8.0;17423980;13598;16202;15740;12910
2020-04-29;38802.0;4711.0;0.0;1.0;514.0;84;10;3.0;7.0;8.0;1.0;1.0;1.0;30.0;1.0;1.0;1.0;400.0;0.0;126877.0;862.0;123257.0;2758.0;67684.0;58331.0;64573.0;61442.0;4242.0;2046.0;2196.0;93255.0;8656.0;7609.0;4235.0;8250.0;16580.0;1.0;0.0;0.0;1.0;1.0;1.0;1.0;1.0;0.0;1.0;1.0;3.0;1.0;214.0;25.0;39.0;60.0;11.0;0.0;6.0;130.0;21.0;109.0;77.0;3.0;153.0;16.0;76.0;6.0;28.0;19.0;1114.0;62.0;37.0;10.0;3.0;10027.0;10049.0;13.0;9999.0;24.0;42.0;6.0;80.0;14.0;8.0;84.0;97.0;3.0;61.0;15.0;17.0;209.0;28.0;33.0;60.0;22.0;10.0;1.0;130.0;22.0;117.0;77.0;1.0;155.0;16.0;76.0;6.0;24.0;16.0;1000.0;64.0;25.0;5.0;4.0;10030.0;10049.0;12.0;10007.0;24.0;15.0;4.0;82.0;14.0;8.0;83.0;97.0;2.0;61.0;16.0;15.0;17423980;13598;16202;15740;12910
2020-04-30;39316.0;4795.0;0.0;1.0;475.0;84;10;3.0;7.0;8.0;1.0;1.0;1.0;30.0;1.0;1.0;1.0;400.0;0.0;126877.0;862.0;123257.0;2758.0;67684.0;58331.0;64573.0;61442.0;4242.0;2046.0;2196.0;93255.0;8656.0;7609.0;4235.0;8250.0;16580.0;1.0;0.0;0.0;1.0;1.0;1.0;1.0;1.0;0.0;1.0;1.0;3.0;1.0;207.0;60.0;66.0;100.0;9.0;40.0;4.0;220.0;20.0;112.0;84.0;24.0;160.0;16.0;75.0;6.0;72.0;49.0;1669.0;19.0;32.0;12.0;20.0;9978.0;9996.0;10.0;9962.0;17.0;65.0;23.0;83.0;19.0;7.0;72.0;88.0;3.0;41.0;16.0;25.0;199.0;44.0;48.0;70.0;8.0;30.0;4.0;140.0;20.0;115.0;83.0;20.0;161.0;17.0;82.0;24.0;71.0;48.0;1607.0;21.0;73.0;67.0;20.0;9985.0;10003.0;11.0;9967.0;17.0;67.0;20.0;83.0;18.0;7.0;70.0;90.0;6.0;40.0;15.0;24.0;17423980;13598;16202;15740;12910
2020-05-01;39791.0;4893.0;0.0;1.0;445.0;84;10;3.0;7.0;8.0;1.0;1.0;1.0;30.0;1.0;1.0;1.0;500.0;0.0;126877.0;862.0;123257.0;2758.0;67684.0;58331.0;64573.0;61442.0;4242.0;2046.0;2196.0;93255.0;8656.0;7609.0;4235.0;8250.0;16580.0;1.0;0.0;0.0;1.0;1.0;1.0;1.0;1.0;0.0;1.0;1.0;3.0;1.0;238.0;62.0;70.0;100.0;13.0;40.0;22.0;150.0;9.0;105.0;82.0;7.0;143.0;14.0;76.0;6.0;49.0;33.0;1327.0;21.0;57.0;23.0;7.0;9987.0;10023.0;24.0;9969.0;1.0;58.0;10.0;80.0;14.0;8.0;80.0;90.0;7.0;67.0;13.0;20.0;231.0;37.0;43.0;70.0;11.0;20.0;20.0;140.0;10.0;105.0;81.0;5.0;142.0;16.0;60.0;24.0;48.0;32.0;1240.0;18.0;29.0;15.0;9.0;9992.0;10028.0;24.0;9978.0;10.0;57.0;9.0;81.0;15.0;7.0;77.0;88.0;9.0;57.0;16.0;18.0;17423980;13598;16202;15740;12910
2020-05-02;40236.0;4987.0;0.0;1.0;335.0;84;10;3.0;7.0;8.0;1.0;1.0;1.0;30.0;1.0;1.0;1.0;500.0;0.0;126877.0;862.0;123257.0;2758.0;67684.0;58331.0;64573.0;61442.0;4242.0;2046.0;2196.0;93255.0;8656.0;7609.0;4235.0;8250.0;16580.0;1.0;0.0;0.0;1.0;1.0;1.0;1.0;1.0;0.0;1.0;1.0;3.0;1.0;276.0;53.0;56.0;80.0;9.0;20.0;22.0;120.0;8.0;105.0;73.0;22.0;135.0;13.0;52.0;24.0;78.0;52.0;1833.0;10.0;14.0;9.0;5.0;10089.0;10146.0;24.0;10024.0;1.0;57.0;24.0;79.0;13.0;6.0;79.0;91.0;24.0;69.0;12.0;27.0;272.0;31.0;34.0;50.0;10.0;20.0;6.0;110.0;5.0;103.0;51.0;24.0;139.0;16.0;24.0;24.0;63.0;42.0;1453.0;15.0;39.0;15.0;5.0;10091.0;10150.0;24.0;10028.0;1.0;15.0;24.0;81.0;13.0;6.0;77.0;97.0;24.0;62.0;13.0;21.0;17423980;13598;16202;15740;12910
2020-05-03;40571.0;5056.0;0.0;1.0;199.0;84;10;3.0;7.0;8.0;1.0;1.0;1.0;30.0;1.0;1.0;1.0;500.0;0.0;126877.0;862.0;123257.0;2758.0;67684.0;58331.0;64573.0;61442.0;4242.0;2046.0;2196.0;93255.0;8656.0;7609.0;4235.0;8250.0;16580.0;1.0;0.0;0.0;1.0;1.0;1.0;1.0;1.0;0.0;1.0;1.0;3.0;1.0;353.0;8.0;23.0;50.0;14.0;10.0;2.0;90.0;14.0;115.0;57.0;5.0;161.0;14.0;24.0;6.0;51.0;34.0;1681.0;15.0;6.0;3.0;13.0;10169.0;10178.0;22.0;10148.0;1.0;15.0;5.0;82.0;15.0;7.0;76.0;98.0;3.0;54.0;15.0;26.0;281.0;3.0;17.0;30.0;14.0;10.0;4.0;70.0;14.0;110.0;43.0;2.0;169.0;13.0;14.0;6.0;28.0;19.0;1429.0;30.0;7.0;3.0;20.0;10170.0;10177.0;8.0;10151.0;1.0;1.0;4.0;83.0;17.0;7.0;80.0;99.0;2.0;49.0;13.0;21.0;17423980;13598;16202;15740;12910
2020-05-04;40770.0;5082.0;0.0;1.0;317.0;84;10;3.0;7.0;8.0;1.0;1.0;1.0;30.0;1.0;1.0;1.0;500.0;0.0;126877.0;862.0;123257.0;2758.0;67684.0;58331.0;64573.0;61442.0;4242.0;2046.0;2196.0;93255.0;8656.0;7609.0;4235.0;8250.0;16580.0;1.0;0.0;0.0;1.0;1.0;1.0;1.0;1.0;0.0;1.0;1.0;3.0;1.0;42.0;47.0;49.0;60.0;7.0;30.0;2.0;100.0;15.0;108.0;61.0;24.0;149.0;13.0;34.0;24.0;113.0;75.0;2514.0;0.0;-1.0;-1.0;1.0;10203.0;10236.0;23.0;10172.0;3.0;63.0;2.0;82.0;15.0;3.0;70.0;90.0;2.0;55.0;11.0;38.0;29.0;37.0;38.0;50.0;8.0;10.0;1.0;100.0;18.0;108.0;55.0;24.0;152.0;14.0;37.0;24.0;112.0;74.0;2459.0;11.0;4.0;3.0;1.0;10200.0;10236.0;23.0;10170.0;3.0;50.0;2.0;83.0;19.0;3.0;71.0;95.0;1.0;52.0;14.0;37.0;17423980;13598;16202;15740;12910
2020-05-05;41087.0;5168.0;0.0;1.0;232.0;84;10;3.0;7.0;8.0;1.0;1.0;1.0;30.0;1.0;1.0;1.0;500.0;0.0;126877.0;862.0;123257.0;2758.0;67684.0;58331.0;64573.0;61442.0;4242.0;2046.0;2196.0;93255.0;8656.0;7609.0;4235.0;8250.0;16580.0;1.0;0.0;0.0;1.0;1.0;1.0;1.0;1.0;0.0;1.0;1.0;3.0;1.0;45.0;44.0;46.0;70.0;9.0;20.0;5.0;110.0;19.0;93.0;42.0;5.0;138.0;14.0;19.0;6.0;137.0;91.0;2505.0;0.0;0.0;0.0;1.0;10230.0;10251.0;23.0;10223.0;15.0;70.0;23.0;82.0;8.0;1.0;64.0;83.0;23.0;45.0;14.0;36.0;37.0;35.0;36.0;50.0;8.0;10.0;4.0;100.0;8.0;92.0;16.0;5.0;148.0;15.0;-17.0;6.0;140.0;93.0;2669.0;0.0;0.0;0.0;1.0;10227.0;10249.0;24.0;10217.0;15.0;60.0;4.0;83.0;19.0;1.0;62.0;92.0;4.0;38.0;15.0;38.0;17423980;13598;16202;15740;12910
2020-05-06;41319.0;5204.0;0.0;1.0;455.0;84;10;3.0;7.0;8.0;1.0;1.0;1.0;30.0;1.0;1.0;1.0;500.0;0.0;126877.0;862.0;123257.0;2758.0;67684.0;58331.0;64573.0;61442.0;4242.0;2046.0;2196.0;93255.0;8656.0;7609.0;4235.0;8250.0;16580.0;1.0;0.0;0.0;1.0;1.0;1.0;1.0;1.0;0.0;0.0;1.0;3.0;1.0;51.0;29.0;31.0;50.0;16.0;20.0;9.0;80.0;15.0;110.0;45.0;4.0;164.0;15.0;7.0;6.0;142.0;93.0;2665.0;0.0;0.0;0.0;1.0;10261.0;10267.0;21.0;10251.0;1.0;70.0;4.0;83.0;18.0;1.0;63.0;85.0;24.0;41.0;13.0;40.0;20.0;19.0;25.0;40.0;13.0;10.0;9.0;80.0;13.0;106.0;34.0;4.0;168.0;15.0;0.0;6.0;142.0;94.0;2682.0;0.0;0.0;0.0;1.0;10259.0;10266.0;23.0;10249.0;1.0;32.0;24.0;83.0;19.0;1.0;63.0;97.0;24.0;40.0;11.0;40.0;17423980;13598;16202;15740;12910
2020-05-07;41774.0;5288.0;0.0;1.0;319.0;84;10;3.0;7.0;8.0;1.0;1.0;1.0;30.0;1.0;1.0;1.0;500.0;0.0;126877.0;862.0;123257.0;2758.0;67684.0;58331.0;64573.0;61442.0;4242.0;2046.0;2196.0;93255.0;8656.0;7609.0;4235.0;8250.0;16580.0;1.0;0.0;0.0;1.0;1.0;1.0;1.0;1.0;0.0;0.0;1.0;3.0;1.0;28.0;6.0;14.0;40.0;16.0;0.0;5.0;70.0;15.0;124.0;40.0;4.0;195.0;14.0;2.0;6.0;141.0;92.0;2564.0;0.0;0.0;0.0;1.0;10234.0;10262.0;1.0;10205.0;24.0;59.0;24.0;79.0;8.0;4.0;66.0;95.0;4.0;39.0;17.0;40.0;42.0;8.0;14.0;40.0;18.0;0.0;5.0;60.0;17.0;120.0;17.0;5.0;207.0;17.0;-22.0;6.0;140.0;92.0;2589.0;0.0;0.0;0.0;1.0;10234.0;10262.0;1.0;10205.0;24.0;2.0;2.0;80.0;8.0;4.0;66.0;98.0;2.0;31.0;15.0;40.0;17423980;13598;16202;15740;12910
2020-05-08;42093;5359;0;1.0;289.0;84;10;3.0;7.0;9.0;1.0;1.0;1.0;30.0;1.0;1.0;1.0;500.0;0.0;126877.0;862.0;123257.0;2758.0;67684.0;58331.0;64573.0;61442.0;4242.0;2046.0;2196.0;93255.0;8656.0;7609.0;4235.0;8250.0;16580.0;1.0;0.0;0.0;1.0;1.0;1.0;1.0;1.0;0.0;0.0;1.0;3.0;1.0;32.0;7.0;18.0;40.0;15.0;0.0;1.0;70.0;16.0;154.0;74.0;3.0;224.0;14.0;27.0;6.0;117.0;76.0;2345.0;0.0;0.0;0.0;1.0;10182.0;10200.0;1.0;10163.0;24.0;50.0;3.0;81.0;17.0;6.0;62.0;97.0;4.0;37.0;11.0;39.0;38.0;9.0;14.0;30.0;16.0;0.0;1.0;60.0;16.0;145.0;45.0;5.0;229.0;13.0;14.0;6.0;108.0;71.0;2336.0;0.0;0.0;0.0;1.0;10181.0;10200.0;1.0;10163.0;24.0;20.0;3.0;79.0;15.0;6.0;62.0;98.0;1.0;35.0;9.0;38.0;Population;Children born;Deats total;Immigration;Emmigration
2020-05-09;42382;5422;0;1.0;245.0;84;10;3.0;7.0;9.0;1.0;1.0;1.0;30.0;1.0;1.0;1.0;500.0;0.0;126877.0;862.0;123257.0;2758.0;67684.0;58331.0;64573.0;61442.0;4242.0;2046.0;2196.0;93255.0;8656.0;7609.0;4235.0;8250.0;16580.0;1.0;0.0;0.0;1.0;1.0;1.0;1.0;1.0;0.0;0.0;1.0;3.0;1.0;51.0;35.0;36.0;60.0;18.0;0.0;4.0;100.0;18.0;176.0;96.0;5.0;234.0;14.0;47.0;6.0;133.0;87.0;2596.0;0.0;0.0;0.0;1.0;10126.0;10159.0;1.0;10083.0;24.0;24.0;4.0;81.0;9.0;3.0;60.0;98.0;5.0;38.0;13.0;45.0;49.0;28.0;30.0;50.0;10.0;10.0;1.0;100.0;12.0;171.0;60.0;5.0;247.0;15.0;29.0;6.0;139.0;91.0;2636.0;0.0;0.0;0.0;1.0;10123.0;10158.0;1.0;10081.0;24.0;1.0;4.0;82.0;11.0;4.0;56.0;98.0;4.0;26.0;14.0;45.0;1740853;14015;14120;22081;15743
2020-05-10;42627;5440;0;1.0;161.0;76;10;3.0;7.0;9.0;1.0;1.0;1.0;30.0;1.0;1.0;1.0;500.0;0.0;126877.0;862.0;123257.0;2758.0;67684.0;58331.0;64573.0;61442.0;4242.0;2046.0;2196.0;93255.0;8656.0;7609.0;4235.0;8250.0;16580.0;1.0;0.0;0.0;1.0;1.0;1.0;1.0;1.0;0.0;0.0;1.0;3.0;1.0;24.0;61.0;62.0;110.0;17.0;10.0;6.0;190.0;18.0;128.0;72.0;24.0;207.0;11.0;61.0;6.0;36.0;23.0;1615.0;0.0;-1.0;-1.0;1.0;10088.0;10141.0;24.0;10059.0;10.0;61.0;8.0;81.0;13.0;7.0;70.0;89.0;5.0;54.0;23.0;25.0;19.0;46.0;48.0;90.0;16.0;10.0;2.0;160.0;16.0;129.0;77.0;22.0;225.0;11.0;51.0;6.0;44.0;29.0;1755.0;0.0;-1.0;-1.0;1.0;10083.0;10133.0;23.0;10055.0;11.0;58.0;4.0;80.0;14.0;7.0;68.0;93.0;4.0;40.0;11.0;28.0;1740853;14015;14120;22081;15743
2020-05-11;42788;5456;0;1.0;196.0;76;7;10.0;7.0;9.0;0.0;1.0;1.0;30.0;1.0;1.0;1.0;500.0;0.0;126877.0;862.0;123257.0;2758.0;67684.0;58331.0;64573.0;61442.0;4242.0;2046.0;2196.0;93255.0;8656.0;7609.0;4235.0;8250.0;16580.0;1.0;0.0;0.0;1.0;1.0;1.0;1.0;1.0;0.0;0.0;1.0;10.0;1.0;15.0;74.0;75.0;100.0;8.0;30.0;23.0;170.0;13.0;84.0;38.0;24.0;122.0;14.0;19.0;24.0;106.0;68.0;2323.0;0.0;-1.0;-1.0;1.0;10167.0;10207.0;22.0;10138.0;1.0;74.0;8.0;83.0;18.0;4.0;53.0;78.0;23.0;42.0;9.0;33.0;15.0;62.0;63.0;90.0;12.0;20.0;22.0;170.0;13.0;84.0;37.0;24.0;122.0;13.0;17.0;24.0;112.0;72.0;2215.0;5.0;6.0;6.0;21.0;10160.0;10204.0;22.0;10131.0;1.0;70.0;23.0;83.0;19.0;5.0;53.0;87.0;24.0;33.0;16.0;31.0;1740853;14015;14120;22081;15743
2020-05-12;42984;5510;0;1.0;227.0;76;7;10.0;7.0;9.0;0.0;1.0;1.0;30.0;1.0;1.0;1.0;500.0;0.0;126877.0;862.0;123257.0;2758.0;67684.0;58331.0;64573.0;61442.0;4242.0;2046.0;2196.0;93255.0;8656.0;7609.0;4235.0;8250.0;16580.0;1.0;0.0;0.0;1.0;1.0;1.0;1.0;1.0;0.0;0.0;1.0;10.0;1.0;273.0;34.0;39.0;60.0;10.0;10.0;3.0;90.0;10.0;78.0;19.0;4.0;130.0;14.0;-7.0;6.0;80.0;52.0;1955.0;3.0;2.0;2.0;8.0;10184.0;10208.0;6.0;10148.0;24.0;70.0;3.0;83.0;18.0;4.0;67.0;83.0;3.0;47.0;15.0;27.0;289.0;23.0;25.0;40.0;11.0;10.0;1.0;80.0;11.0;77.0;7.0;3.0;128.0;13.0;-22.0;6.0;80.0;52.0;2013.0;0.0;0.0;0.0;1.0;10184.0;10209.0;6.0;10151.0;24.0;35.0;2.0;83.0;14.0;4.0;65.0;97.0;2.0;38.0;17.0;28.0;1740853;14015;14120;22081;15743
2020-05-13;43211;5562;0;1.0;270.0;76;7;10.0;7.0;9.0;0.0;1.0;1.0;30.0;1.0;1.0;1.0;500.0;0.0;126877.0;862.0;123257.0;2758.0;67684.0;58331.0;64573.0;61442.0;4242.0;2046.0;2196.0;93255.0;8656.0;7609.0;4235.0;8250.0;16580.0;1.0;0.0;0.0;1.0;1.0;1.0;1.0;1.0;0.0;0.0;1.0;10.0;1.0;14.0;38.0;48.0;80.0;18.0;20.0;3.0;140.0;16.0;78.0;35.0;3.0;123.0;15.0;15.0;6.0;68.0;44.0;1812.0;5.0;2.0;1.0;7.0;10154.0;10193.0;24.0;10135.0;6.0;70.0;1.0;83.0;14.0;4.0;63.0;85.0;7.0;44.0;16.0;25.0;9.0;28.0;35.0;60.0;13.0;10.0;1.0;120.0;15.0;72.0;2.0;4.0;120.0;13.0;-38.0;6.0;72.0;46.0;1748.0;2.0;2.0;2.0;9.0;10151.0;10189.0;24.0;10138.0;7.0;2.0;3.0;83.0;18.0;4.0;66.0;98.0;3.0;44.0;17.0;24.0;1740853;14015;14120;22081;15743
2020-05-14;43481;5590;0;1.0;200.0;76;7;10.0;7.0;9.0;0.0;1.0;1.0;30.0;1.0;1.0;1.0;500.0;0.0;126877.0;862.0;123257.0;2758.0;67684.0;58331.0;64573.0;61442.0;4242.0;2046.0;2196.0;93255.0;8656.0;7609.0;4235.0;8250.0;16580.0;1.0;0.0;0.0;1.0;1.0;1.0;1.0;1.0;0.0;0.0;1.0;10.0;1.0;14.0;37.0;39.0;60.0;16.0;20.0;1.0;110.0;16.0;74.0;7.0;4.0;132.0;16.0;-12.0;6.0;76.0;49.0;1643.0;0.0;0.0;0.0;1.0;10215.0;10226.0;10.0;10197.0;1.0;70.0;4.0;83.0;10.0;3.0;61.0;85.0;4.0;44.0;14.0;22.0;23.0;32.0;33.0;50.0;8.0;10.0;4.0;100.0;18.0;71.0;-10.0;4.0;128.0;13.0;-49.0;6.0;103.0;66.0;2016.0;0.0;0.0;0.0;1.0;10211.0;10221.0;10.0;10193.0;1.0;65.0;4.0;83.0;9.0;2.0;61.0;95.0;4.0;43.0;12.0;27.0;1740853;14015;14120;22081;15743
2020-05-15;43681;5643;0;1.0;189.0;76;7;10.0;7.0;9.0;0.0;1.0;1.0;30.0;1.0;1.0;1.0;500.0;0.0;126877.0;862.0;123257.0;2758.0;67684.0;58331.0;64573.0;61442.0;4242.0;2046.0;2196.0;93255.0;8656.0;7609.0;4235.0;8250.0;16580.0;1.0;0.0;0.0;1.0;1.0;1.0;1.0;1.0;0.0;0.0;1.0;10.0;1.0;310.0;25.0;28.0;50.0;14.0;0.0;6.0;90.0;15.0;90.0;12.0;4.0;144.0;15.0;-20.0;6.0;117.0;75.0;2403.0;0.0;0.0;0.0;1.0;10231.0;10240.0;22.0;10213.0;3.0;70.0;1.0;83.0;7.0;3.0;68.0;90.0;4.0;50.0;14.0;34.0;337.0;19.0;21.0;40.0;15.0;10.0;2.0;70.0;11.0;85.0;-12.0;4.0;151.0;16.0;-52.0;6.0;100.0;64.0;2147.0;0.0;0.0;0.0;1.0;10229.0;10240.0;23.0;10213.0;3.0;50.0;3.0;83.0;13.0;4.0;68.0;97.0;3.0;47.0;16.0;30.0;1740853;14015;14120;22081;15743
2020-05-16;43870;5670;0;1.0;125.0;76;7;10.0;7.0;9.0;0.0;1.0;1.0;30.0;1.0;1.0;1.0;500.0;0.0;126877.0;862.0;123257.0;2758.0;67684.0;58331.0;64573.0;61442.0;4242.0;2046.0;2196.0;93255.0;8656.0;7609.0;4235.0;8250.0;16580.0;1.0;0.0;0.0;1.0;1.0;1.0;1.0;1.0;0.0;0.0;1.0;10.0;1.0;264.0;37.0;45.0;70.0;8.0;10.0;2.0;110.0;9.0;104.0;60.0;3.0;153.0;9.0;13.0;6.0;69.0;44.0;1900.0;0.0;0.0;0.0;1.0;10226.0;10231.0;24.0;10220.0;7.0;65.0;2.0;81.0;8.0;5.0;73.0;91.0;2.0;56.0;16.0;28.0;266.0;22.0;28.0;50.0;8.0;10.0;1.0;110.0;13.0;98.0;23.0;3.0;160.0;12.0;-8.0;6.0;67.0;43.0;1828.0;0.0;0.0;0.0;1.0;10227.0;10233.0;24.0;10222.0;15.0;8.0;24.0;83.0;7.0;6.0;71.0;98.0;3.0;48.0;12.0;27.0;1740853;14015;14120;22081;15743
2020-05-17;43995;5680;0;1.0;146.0;76;7;10.0;7.0;9.0;0.0;1.0;1.0;30.0;1.0;1.0;1.0;500.0;0.0;126877.0;862.0;123257.0;2758.0;67684.0;58331.0;64573.0;61442.0;4242.0;2046.0;2196.0;93255.0;8656.0;7609.0;4235.0;8250.0;16580.0;1.0;0.0;0.0;1.0;1.0;1.0;1.0;1.0;0.0;0.0;1.0;10.0;1.0;255.0;38.0;43.0;70.0;12.0;10.0;2.0;100.0;10.0;130.0;50.0;3.0;182.0;14.0;10.0;6.0;136.0;86.0;2770.0;0.0;0.0;0.0;1.0;10233.0;10244.0;12.0;10225.0;24.0;59.0;5.0;83.0;18.0;3.0;63.0;95.0;2.0;42.0;15.0;44.0;268.0;20.0;25.0;40.0;8.0;10.0;1.0;90.0;12.0;121.0;16.0;3.0;187.0;16.0;-13.0;6.0;112.0;71.0;2210.0;0.0;0.0;0.0;1.0;10234.0;10243.0;10.0;10228.0;18.0;1.0;1.0;83.0;10.0;5.0;63.0;98.0;1.0;37.0;16.0;34.0;1740853;14015;14120;22081;15743
2020-05-18;44141;5694;0;1.0;108.0;76;7;10.0;7.0;9.0;0.0;1.0;1.0;30.0;1.0;1.0;1.0;500.0;0.0;126877.0;862.0;123257.0;2758.0;67684.0;58331.0;64573.0;61442.0;4242.0;2046.0;2196.0;93255.0;8656.0;7609.0;4235.0;8250.0;16580.0;1.0;0.0;0.0;1.0;1.0;1.0;1.0;1.0;0.0;0.0;1.0;10.0;1.0;251.0;42.0;45.0;80.0;12.0;10.0;4.0;130.0;12.0;142.0;83.0;3.0;188.0;12.0;48.0;6.0;119.0;75.0;2564.0;0.0;0.0;0.0;1.0;10224.0;10230.0;12.0;10217.0;4.0;61.0;4.0;82.0;15.0;5.0;70.0;96.0;4.0;50.0;16.0;42.0;244.0;27.0;30.0;50.0;10.0;0.0;22.0;100.0;11.0;149.0;59.0;2.0;212.0;15.0;31.0;6.0;124.0;78.0;2687.0;0.0;0.0;0.0;1.0;10225.0;10228.0;10.0;10219.0;24.0;62.0;24.0;82.0;17.0;7.0;65.0;93.0;23.0;36.0;15.0;44.0;1740853;14015;14120;22081;15743
2020-05-19;44249;5715;0;1.0;NewCases;lockdown_severity;7;10.0;7.0;9.0;0.0;1.0;1.0;30.0;1.0;1.0;1.0;500.0;0.0;126877.0;862.0;123257.0;2758.0;67684.0;58331.0;64573.0;61442.0;4242.0;2046.0;2196.0;93255.0;8656.0;7609.0;4235.0;8250.0;16580.0;1.0;0.0;0.0;1.0;1.0;1.0;1.0;1.0;0.0;0.0;1.0;10.0;1.0;282.0;33.0;35.0;70.0;14.0;20.0;1.0;100.0;14.0;155.0;103.0;4.0;202.0;12.0;80.0;6.0;117.0;74.0;2634.0;0.0;0.0;0.0;1.0;10223.0;10234.0;24.0;10212.0;3.0;59.0;4.0;81.0;11.0;4.0;75.0;91.0;3.0;58.0;11.0;44.0;296.0;24.0;28.0;50.0;12.0;10.0;4.0;90.0;12.0;166.0;86.0;1.0;217.0;13.0;54.0;6.0;123.0;78.0;2623.0;0.0;0.0;0.0;1.0;10222.0;10233.0;23.0;10214.0;4.0;65.0;24.0;82.0;11.0;4.0;66.0;91.0;24.0;47.0;13.0;45.0;17414806;12866;12872;21320;12140