#;BRON:;KONINKLIJK;NEDERLANDS;METEOROLOGISCH;INSTITUUT;(KNMI);;;;;;;;;;;;;;;;;;;;;;;;;;;;;;;;;;;;;;;;;;
#;Opmerking:;door;stationsverplaatsingen;en;veranderingen;in;waarneemmethodieken;zijn;deze;tijdreeksen;van;dagwaarden;mogelijk;inhomogeen!;Dat;betekent;dat;deze;reeks;van;gemeten;waarden;niet;geschikt;is;voor;trendanalyse.;Voor;studies;naar;klimaatverandering;verwijzen;we;naar;de;gehomogeniseerde;reeks;maandtemperaturen;van;De;Bilt;<http://www.knmi.nl/kennis-en-datacentrum/achtergrond/gehomogeniseerde-reeks-maandtemperaturen-de-bilt>;of;de;Centraal;Nederland;Temperatuur;<http://www.knmi.nl/kennis-en-datacentrum/achtergrond/centraal-nederland-temperatuur-cnt>.
#;;;;;;;;;;;;;;;;;;;;;;;;;;;;;;;;;;;;;;;;;;;;;;;;
#;;;;;;;;;;;;;;;;;;;;;;;;;;;;;;;;;;;;;;;;;;;;;;;;
#;STN;LON(east);LAT(north);ALT(m);NAME;;;;;;;;;;;;;;;;;;;;;;;;;;;;;;;;;;;;;;;;;;;
#;240:00:00;4.790;52.318;-3.30;SCHIPHOL;;;;;;;;;;;;;;;;;;;;;;;;;;;;;;;;;;;;;;;;;;;
#;260:00:00;5.180;52.100;1.90;DE;BILT;;;;;;;;;;;;;;;;;;;;;;;;;;;;;;;;;;;;;;;;;;
#;;;;;;;;;;;;;;;;;;;;;;;;;;;;;;;;;;;;;;;;;;;;;;;;
#;YYYYMMDD;=;Datum;(YYYY=jaar;MM=maand;"DD=dag);";;;;;;;;;;;;;;;;;;;;;;;;;;;;;;;;;;;;;;;;;;
#;DDVEC;=;Vectorgemiddelde;windrichting;in;graden;(360=noord;90=oost;180=zuid;270=west;0=windstil/variabel).;Zie;"http://www.knmi.nl/kennis-en-datacentrum/achtergrond/klimatologische-brochures-en-boeken;";;;;;;;;;;;;;;;;;;;;;;;;;;;;;;;;;;;
#;FHVEC;=;Vectorgemiddelde;windsnelheid;(in;0.1;m/s).;Zie;"http://www.knmi.nl/kennis-en-datacentrum/achtergrond/klimatologische-brochures-en-boeken;";;;;;;;;;;;;;;;;;;;;;;;;;;;;;;;;;;;;;;;
#;FG;=;Etmaalgemiddelde;windsnelheid;(in;0.1;"m/s);";;;;;;;;;;;;;;;;;;;;;;;;;;;;;;;;;;;;;;;;;
#;FHX;=;Hoogste;uurgemiddelde;windsnelheid;(in;0.1;"m/s);";;;;;;;;;;;;;;;;;;;;;;;;;;;;;;;;;;;;;;;;
#;FHXH;=;Uurvak;waarin;FHX;is;"gemeten;";;;;;;;;;;;;;;;;;;;;;;;;;;;;;;;;;;;;;;;;;
#;FHN;=;Laagste;uurgemiddelde;windsnelheid;(in;0.1;"m/s);";;;;;;;;;;;;;;;;;;;;;;;;;;;;;;;;;;;;;;;;
#;FHNH;=;Uurvak;waarin;FHN;is;"gemeten;";;;;;;;;;;;;;;;;;;;;;;;;;;;;;;;;;;;;;;;;;
#;FXX;=;Hoogste;windstoot;(in;0.1;"m/s);";;;;;;;;;;;;;;;;;;;;;;;;;;;;;;;;;;;;;;;;;
#;FXXH;=;Uurvak;waarin;FXX;is;"gemeten;";;;;;;;;;;;;;;;;;;;;;;;;;;;;;;;;;;;;;;;;;
#;TG;=;Etmaalgemiddelde;temperatuur;(in;0.1;graden;"Celsius);";;;;;;;;;;;;;;;;;;;;;;;;;;;;;;;;;;;;;;;;
#;TN;=;Minimum;temperatuur;(in;0.1;graden;"Celsius);";;;;;;;;;;;;;;;;;;;;;;;;;;;;;;;;;;;;;;;;
#;TNH;=;Uurvak;waarin;TN;is;"gemeten;";;;;;;;;;;;;;;;;;;;;;;;;;;;;;;;;;;;;;;;;;
#;TX;=;Maximum;temperatuur;(in;0.1;graden;"Celsius);";;;;;;;;;;;;;;;;;;;;;;;;;;;;;;;;;;;;;;;;
#;TXH;=;Uurvak;waarin;TX;is;"gemeten;";;;;;;;;;;;;;;;;;;;;;;;;;;;;;;;;;;;;;;;;;
#;T10N;=;Minimum;temperatuur;op;10;cm;hoogte;(in;0.1;graden;"Celsius);";;;;;;;;;;;;;;;;;;;;;;;;;;;;;;;;;;;;
#;T10NH;=;6-uurs;tijdvak;waarin;T10N;is;"gemeten;";6=0-6;UT;12=6-12;UT;18=12-18;UT;24=18-24;UT;;;;;;;;;;;;;;;;;;;;;;;;;;;;;;;;
#;SQ;=;Zonneschijnduur;(in;0.1;uur);berekend;uit;de;globale;straling;(-1;voor;<0.05;"uur);";;;;;;;;;;;;;;;;;;;;;;;;;;;;;;;;;
#;SP;=;Percentage;van;de;langst;mogelijke;"zonneschijnduur;";;;;;;;;;;;;;;;;;;;;;;;;;;;;;;;;;;;;;;;;
#;Q;=;Globale;straling;(in;"J/cm2);";;;;;;;;;;;;;;;;;;;;;;;;;;;;;;;;;;;;;;;;;;
#;DR;=;Duur;van;de;neerslag;(in;0.1;"uur);";;;;;;;;;;;;;;;;;;;;;;;;;;;;;;;;;;;;;;;
#;RH;=;Etmaalsom;van;de;neerslag;(in;0.1;mm);(-1;voor;<0.05;"mm);";;;;;;;;;;;;;;;;;;;;;;;;;;;;;;;;;;;
#;RHX;=;Hoogste;uursom;van;de;neerslag;(in;0.1;mm);(-1;voor;<0.05;"mm);";;;;;;;;;;;;;;;;;;;;;;;;;;;;;;;;;;
#;RHXH;=;Uurvak;waarin;RHX;is;"gemeten;";;;;;;;;;;;;;;;;;;;;;;;;;;;;;;;;;;;;;;;;;
#;PG;=;Etmaalgemiddelde;luchtdruk;herleid;tot;zeeniveau;(in;0.1;hPa);berekend;uit;24;"uurwaarden;";;;;;;;;;;;;;;;;;;;;;;;;;;;;;;;;;;
#;PX;=;Hoogste;uurwaarde;van;de;luchtdruk;herleid;tot;zeeniveau;(in;0.1;"hPa);";;;;;;;;;;;;;;;;;;;;;;;;;;;;;;;;;;;
#;PXH;=;Uurvak;waarin;PX;is;"gemeten;";;;;;;;;;;;;;;;;;;;;;;;;;;;;;;;;;;;;;;;;;
#;PN;=;Laagste;uurwaarde;van;de;luchtdruk;herleid;tot;zeeniveau;(in;0.1;"hPa);";;;;;;;;;;;;;;;;;;;;;;;;;;;;;;;;;;;
#;PNH;=;Uurvak;waarin;PN;is;"gemeten;";;;;;;;;;;;;;;;;;;;;;;;;;;;;;;;;;;;;;;;;;
#;VVN;=;Minimum;opgetreden;"zicht;";00:00;<100;m;1:100-200;m;2:200-300;m;...;49:4900-5000;m;50:5-6;km;56:6-7;km;57:7-8;km;...;79:29-30;km;80:30-35;km;81:35-40;km;...;89:00:00;>70;km);;;;;;;;;;;;;;;;
#;VVNH;=;Uurvak;waarin;VVN;is;"gemeten;";;;;;;;;;;;;;;;;;;;;;;;;;;;;;;;;;;;;;;;;;
#;VVX;=;Maximum;opgetreden;"zicht;";00:00;<100;m;1:100-200;m;2:200-300;m;...;49:4900-5000;m;50:5-6;km;56:6-7;km;57:7-8;km;...;79:29-30;km;80:30-35;km;81:35-40;km;...;89:00:00;>70;km);;;;;;;;;;;;;;;;
#;VVXH;=;Uurvak;waarin;VVX;is;"gemeten;";;;;;;;;;;;;;;;;;;;;;;;;;;;;;;;;;;;;;;;;;
#;NG;=;Etmaalgemiddelde;bewolking;(bedekkingsgraad;van;de;bovenlucht;in;achtsten;9=bovenlucht;"onzichtbaar);";;;;;;;;;;;;;;;;;;;;;;;;;;;;;;;;;;;;
#;UG;=;Etmaalgemiddelde;relatieve;vochtigheid;(in;"procenten);";;;;;;;;;;;;;;;;;;;;;;;;;;;;;;;;;;;;;;;;;
#;UX;=;Maximale;relatieve;vochtigheid;(in;"procenten);";;;;;;;;;;;;;;;;;;;;;;;;;;;;;;;;;;;;;;;;;
#;UXH;=;Uurvak;waarin;UX;is;"gemeten;";;;;;;;;;;;;;;;;;;;;;;;;;;;;;;;;;;;;;;;;;
#;UN;=;Minimale;relatieve;vochtigheid;(in;"procenten);";;;;;;;;;;;;;;;;;;;;;;;;;;;;;;;;;;;;;;;;;
#;UNH;=;Uurvak;waarin;UN;is;"gemeten;";;;;;;;;;;;;;;;;;;;;;;;;;;;;;;;;;;;;;;;;;
#;EV24;=;Referentiegewasverdamping;(Makkink);(in;0.1;"mm);";;;;;;;;;;;;;;;;;;;;;;;;;;;;;;;;;;;;;;;;;
#;;;;;;;;;;;;;;;;;;;;;;;;;;;;;;;;;;;;;;;;;;;;;;;;
#;STN;YYYYMMDD;DDVEC;FHVEC;FG;FHX;FHXH;FHN;FHNH;FXX;FXXH;TG;TN;TNH;TX;TXH;T10N;T10NH;SQ;SP;Q;DR;RH;RHX;RHXH;PG;PX;PXH;PN;PNH;VVN;VVNH;VVX;VVXH;NG;UG;UX;UXH;UN;UNH;EV24;;;;;;;
#;;;;;;;;;;;;;;;;;;;;;;;;;;;;;;;;;;;;;;;;;;;;;;;;
;240;20200101;174;33;38;50;22;20;1;70;2;19;0;10;31;1;2;12;0;0;80;0;0;0;1;10315;10342;1;10288;24;2;2;46;21;8;96;98;1;91;21;1;;;;;;;
;240;20200102;186;55;56;80;24;40;2;110;23;42;14;2;79;24;14;6;0;0;66;0;0;0;1;10230;10283;1;10168;24;5;1;64;23;8;95;98;1;88;23;1;;;;;;;
;240;20200103;249;48;69;100;11;30;19;180;11;76;42;21;105;11;23;24;0;0;84;56;26;6;13;10184;10273;23;10130;11;27;12;70;7;7;88;96;12;76;17;1;;;;;;;
;240;20200104;279;60;62;90;11;20;22;130;9;73;53;4;84;14;43;6;3;4;121;25;8;4;21;10295;10334;24;10273;2;31;20;65;8;8;88;97;20;83;10;2;;;;;;;
;240;20200105;214;46;47;60;15;30;1;100;16;70;62;17;78;11;59;18;0;0;77;0;-1;-1;1;10325;10339;3;10299;24;58;16;70;11;8;90;95;2;81;14;1;;;;;;;
;240;20200106;197;54;57;80;11;30;20;120;11;60;33;19;72;12;22;24;32;41;246;10;7;6;23;10233;10291;1;10185;18;50;23;75;10;7;85;95;23;72;12;3;;;;;;;
;240;20200107;201;59;63;100;24;40;3;150;24;68;29;8;84;24;17;12;31;39;271;3;1;1;18;10230;10255;10;10196;24;36;22;65;21;5;92;97;8;85;21;4;;;;;;;
;240;20200108;235;57;61;90;1;30;18;150;5;104;84;1;122;12;81;6;7;9;161;42;15;8;20;10209;10228;17;10189;2;17;2;68;12;8;94;98;23;89;12;2;;;;;;;
;240;20200109;197;70;73;100;9;30;1;140;8;112;87;1;123;13;84;24;0;0;59;89;46;21;19;10096;10180;1;10060;22;15;3;70;21;8;94;98;1;87;24;1;;;;;;;
;240;20200110;280;31;46;70;10;20;18;130;12;65;20;20;92;1;-8;24;29;36;270;2;1;1;11;10199;10302;24;10078;1;50;10;75;12;6;87;95;22;73;15;4;;;;;;;
;240;20200111;202;73;73;100;18;40;1;150;18;65;31;1;79;21;18;6;4;5;249;0;0;0;1;10265;10304;3;10217;24;70;1;75;4;8;80;90;1;75;17;3;;;;;;;
;240;20200112;220;74;79;110;14;30;22;180;14;78;51;23;108;15;37;24;3;4;108;16;12;5;10;10185;10208;1;10155;14;56;9;75;1;8;85;94;12;78;1;1;;;;;;;
;240;20200113;181;69;70;110;24;40;1;170;24;73;46;7;104;24;37;12;39;48;307;6;2;2;24;10126;10200;1;10014;24;50;3;75;16;6;89;96;3;80;16;4;;;;;;;
;240;20200114;201;109;110;140;18;70;9;220;19;105;80;8;128;20;75;12;0;0;124;75;58;17;3;10014;10032;10;9995;4;56;6;75;17;8;85;91;3;77;20;2;;;;;;;
;240;20200115;206;88;92;130;3;50;16;200;4;92;52;24;122;4;42;24;2;2;66;46;32;18;15;10095;10208;24;10035;1;60;14;80;5;6;80;93;24;66;10;1;;;;;;;
;240;20200116;168;60;64;100;22;40;7;140;22;73;36;8;96;19;29;12;70;85;467;0;0;0;1;10206;10242;8;10155;24;56;8;75;12;6;87;96;5;79;19;6;;;;;;;
;240;20200117;213;59;72;100;18;50;9;170;18;83;59;20;103;15;48;24;10;12;117;13;7;3;13;10137;10181;24;10116;14;59;12;75;1;7;82;96;12;72;23;2;;;;;;;
;240;20200118;264;41;49;80;11;30;16;150;15;50;25;20;76;11;8;24;46;55;386;26;46;17;15;10242;10310;24;10187;1;64;4;74;14;5;84;92;6;75;12;5;;;;;;;
;240;20200119;342;31;32;60;13;10;23;100;13;45;0;24;85;14;-23;24;59;70;425;1;1;1;1;10404;10471;23;10317;1;58;22;70;1;3;84;97;22;66;14;5;;;;;;;
;240;20200120;215;22;25;40;11;10;1;70;14;40;-11;2;81;14;-42;6;4;5;247;0;0;0;1;10464;10477;9;10442;24;1;23;75;12;7;90;98;1;74;14;3;;;;;;;
;240;20200121;199;32;34;50;18;20;2;70;21;23;-5;8;40;13;-17;12;9;11;196;0;0;0;1;10411;10439;1;10385;24;1;2;50;7;7;98;98;1;95;13;2;;;;;;;
;240;20200122;216;13;15;30;5;0;18;50;14;57;34;1;73;13;33;6;0;0;97;27;7;3;22;10365;10377;1;10359;14;2;23;31;18;8;97;98;5;95;2;1;;;;;;;
;240;20200123;144;17;18;30;12;10;1;40;10;55;27;24;70;12;20;18;4;5;208;0;0;0;1;10311;10358;1;10266;24;1;2;75;16;8;91;98;1;78;19;3;;;;;;;
;240;20200124;183;35;36;50;14;20;1;70;14;33;21;6;46;14;18;12;0;0;178;0;0;0;1;10232;10257;1;10218;15;21;22;56;15;8;90;96;21;85;13;2;;;;;;;
;240;20200125;168;42;43;60;12;30;18;80;12;26;16;24;31;1;17;24;0;0;126;0;0;0;1;10207;10221;11;10184;24;7;24;57;11;8;92;98;24;89;12;1;;;;;;;
;240;20200126;175;50;53;70;21;40;4;120;24;54;8;3;87;18;10;6;25;29;368;27;19;12;24;10133;10177;1;10082;24;3;1;62;21;8;91;98;1;82;18;5;;;;;;;
;240;20200127;196;57;62;80;1;40;17;120;1;80;64;24;92;13;58;18;0;0;246;60;90;32;22;10015;10075;1;9912;23;42;2;70;12;8;91;95;2;84;13;3;;;;;;;
;240;20200128;251;82;89;130;12;50;5;190;12;57;39;8;70;1;35;12;21;24;241;46;74;41;7;9927;9982;24;9871;7;50;7;80;15;7;80;92;6;67;15;3;;;;;;;
;240;20200129;260;81;85;110;11;60;18;160;8;63;49;8;80;24;43;6;8;9;230;13;8;6;8;10055;10099;20;9988;1;63;11;75;7;7;77;81;1;73;13;3;;;;;;;
;240;20200130;219;81;85;110;1;60;15;180;23;88;70;2;115;22;64;6;19;21;322;31;7;2;15;10044;10090;2;9990;19;18;19;71;12;8;88;97;19;80;12;5;;;;;;;
;240;20200131;227;88;90;120;13;60;9;180;14;104;83;8;125;21;78;12;3;3;173;4;2;2;24;10058;10077;11;10025;1;28;24;70;7;8;89;95;24;84;19;3;;;;;;;
;240;20200201;240;98;100;120;22;80;3;180;13;104;88;20;120;4;78;24;36;40;389;24;15;7;1;10029;10079;24;10002;9;33;4;70;8;6;80;95;1;66;20;6;;;;;;;
;240;20200202;242;58;70;110;15;30;8;170;14;88;66;9;106;23;65;12;0;0;133;62;62;19;9;10067;10090;2;10029;12;31;12;70;14;8;88;97;9;76;1;2;;;;;;;
;240;20200203;255;78;82;110;1;40;21;170;2;90;63;24;107;13;51;24;31;34;417;8;3;3;19;10095;10124;12;10067;22;57;2;75;22;7;81;91;21;71;23;6;;;;;;;
;240;20200204;294;70;74;110;4;30;17;180;11;54;20;24;81;16;-11;24;24;26;313;23;27;11;14;10158;10297;24;10071;1;43;14;75;4;5;84;97;19;70;1;4;;;;;;;
;240;20200205;269;22;26;50;15;10;5;70;15;48;-3;7;82;14;-34;12;56;60;573;0;0;0;1;10348;10367;11;10307;1;64;1;75;18;6;82;97;8;68;13;7;;;;;;;
;240;20200206;256;20;26;40;3;0;20;70;12;53;12;2;92;13;-18;24;54;58;543;0;0;0;1;10315;10335;1;10301;24;56;5;69;15;5;86;96;2;71;12;7;;;;;;;
;240;20200207;137;45;46;70;23;20;1;100;24;43;0;6;78;15;-22;6;82;87;735;0;0;0;1;10242;10297;1;10187;24;50;5;74;16;2;78;97;5;63;14;9;;;;;;;
;240;20200208;186;48;52;60;1;40;8;100;24;67;36;2;93;12;28;6;2;2;176;33;7;3;13;10172;10183;1;10152;24;30;13;75;1;6;86;97;13;71;1;2;;;;;;;
;240;20200209;209;139;145;190;16;90;1;310;16;95;76;1;117;20;69;6;0;0;108;43;107;47;20;9969;10143;1;9840;22;42;17;75;5;8;82;97;19;73;9;2;;;;;;;
;240;20200210;253;127;132;160;9;80;21;250;5;76;43;21;99;1;33;24;26;27;444;19;30;15;5;9925;9977;12;9855;1;58;3;75;21;8;72;87;20;60;13;6;;;;;;;
;240;20200211;263;142;143;160;1;130;17;240;3;62;37;17;77;13;34;18;31;32;509;11;5;3;17;10019;10069;24;9960;1;66;2;80;18;7;60;66;17;52;15;7;;;;;;;
;240;20200212;256;93;96;130;1;40;22;200;1;53;13;23;76;13;1;24;34;35;484;1;1;1;16;10115;10145;18;10072;1;66;24;80;17;6;68;88;24;61;12;6;;;;;;;
;240;20200213;190;48;63;100;10;40;2;160;10;57;31;1;84;13;21;6;9;9;219;65;106;24;10;10009;10123;1;9939;15;50;11;70;4;7;88;93;11;82;13;3;;;;;;;
;240;20200214;232;38;55;70;5;40;1;110;23;73;57;4;90;12;54;6;21;21;443;0;-1;-1;1;10172;10205;18;10072;1;59;4;80;14;8;80;94;4;69;14;6;;;;;;;
;240;20200215;194;100;101;150;22;60;3;230;22;103;73;5;130;22;66;6;9;9;351;2;1;1;19;10115;10183;1;10032;24;59;23;75;15;8;80;88;7;70;22;5;;;;;;;
;240;20200216;215;130;139;160;8;100;18;250;16;114;81;19;148;15;73;24;0;0;141;87;130;56;16;9983;10034;24;9923;15;28;11;75;2;8;84;97;16;69;24;2;;;;;;;
;240;20200217;230;105;108;130;1;70;21;220;1;80;53;12;95;11;46;12;53;53;566;12;32;30;12;10095;10144;24;10043;1;59;12;75;13;6;76;86;21;64;5;8;;;;;;;
;240;20200218;237;96;99;120;18;70;8;190;19;77;51;23;93;12;47;24;57;56;676;19;50;43;23;10163;10190;10;10109;24;57;22;77;15;7;74;92;24;64;15;9;;;;;;;
;240;20200219;258;69;82;110;11;50;19;160;12;64;53;7;79;13;42;12;38;37;575;45;11;3;23;10166;10195;15;10110;1;60;20;73;16;7;78;93;24;68;15;8;;;;;;;
;240;20200220;230;79;96;110;10;80;1;240;21;79;44;21;99;12;39;24;1;1;272;59;90;41;18;10113;10169;24;10050;17;28;1;75;11;7;83;95;1;70;23;4;;;;;;;
;240;20200221;240;96;100;130;24;70;5;200;24;77;50;2;94;24;40;6;30;29;514;0;0;0;1;10212;10232;11;10178;1;63;11;74;1;5;75;78;17;72;1;7;;;;;;;
;240;20200222;235;121;123;160;13;70;23;230;13;94;75;6;121;14;69;12;11;11;340;42;24;11;21;10162;10191;24;10138;9;58;11;75;21;8;81;88;23;77;1;5;;;;;;;
;240;20200223;262;90;101;170;11;30;8;270;11;83;51;24;119;12;39;24;7;7;248;90;261;63;8;10139;10226;24;10056;10;25;7;75;18;7;85;98;7;70;21;3;;;;;;;
;240;20200224;227;80;92;160;15;30;2;250;14;76;36;2;109;20;21;6;0;0;129;73;106;38;14;10100;10227;1;10009;23;31;12;75;9;8;87;96;11;79;3;2;;;;;;;
;240;20200225;253;74;78;110;10;40;19;170;8;63;28;22;93;1;13;24;66;63;735;28;47;27;22;9971;10013;1;9915;23;15;22;80;9;5;75;92;22;64;12;10;;;;;;;
;240;20200226;292;38;49;90;15;10;3;140;15;40;13;24;68;13;3;24;32;30;475;44;86;22;23;9989;10048;23;9915;1;27;2;75;9;7;85;97;3;74;9;6;;;;;;;
;240;20200227;236;18;46;70;20;10;15;120;19;31;12;1;50;23;1;6;9;8;228;83;46;9;15;10018;10106;24;9955;13;59;17;75;21;7;87;94;1;70;21;3;;;;;;;
;240;20200228;195;60;71;110;16;40;1;180;18;49;23;3;92;24;9;6;12;11;458;75;120;26;18;10086;10148;8;9966;24;50;20;80;12;7;84;96;21;69;12;6;;;;;;;
;240;20200229;208;101;109;130;14;90;3;210;14;84;49;22;121;11;41;24;37;34;543;14;16;8;14;9890;9962;1;9817;13;59;12;81;17;6;77;89;1;63;17;8;;;;;;;
;240;20200301;210;95;96;130;2;50;19;200;2;61;38;24;91;12;27;24;57;53;885;2;1;1;14;9902;9910;14;9891;6;57;14;80;13;6;78;89;24;67;13;12;;;;;;;
;240;20200302;200;24;45;60;4;30;14;90;4;50;18;23;77;14;-2;24;0;0;253;92;54;13;15;9902;9963;24;9875;13;45;9;70;1;7;91;95;9;84;21;3;;;;;;;
;240;20200303;226;42;48;90;17;20;20;140;17;45;-3;6;92;14;-16;6;75;68;969;18;14;5;23;10017;10071;24;9968;1;64;23;80;13;4;84;94;2;65;14;12;;;;;;;
;240;20200304;245;27;38;70;12;10;19;100;12;64;33;2;96;13;8;24;84;76;1033;16;9;5;24;10083;10101;11;10053;24;39;3;80;14;7;80;96;2;59;14;14;;;;;;;
;240;20200305;75;52;55;70;15;20;1;110;16;58;44;2;70;13;38;6;0;0;361;88;74;14;21;9950;10045;1;9891;22;59;1;75;15;8;88;96;2;80;15;5;;;;;;;
;240;20200306;340;47;50;70;15;20;23;110;15;64;24;24;96;14;1;24;31;28;796;37;27;13;1;10001;10115;24;9895;1;57;4;75;10;7;82;93;1;72;10;11;;;;;;;
;240;20200307;221;51;56;80;12;20;4;120;13;68;9;6;112;13;-25;6;73;65;1070;0;-1;-1;1;10153;10170;12;10123;1;65;21;82;15;4;76;90;4;54;12;14;;;;;;;
;240;20200308;204;80;82;110;9;50;19;160;10;88;70;20;109;16;60;24;8;7;354;23;109;64;20;10080;10128;1;10060;18;50;19;74;16;8;85;93;19;80;8;5;;;;;;;
;240;20200309;237;62;67;100;24;40;3;150;24;78;59;3;106;12;48;6;54;47;946;20;22;16;24;10100;10131;17;10059;24;60;3;75;10;7;82;92;3;69;12;13;;;;;;;
;240;20200310;236;106;110;140;19;70;24;210;21;105;66;1;124;16;61;6;0;0;251;138;111;26;1;10026;10069;24;10009;4;35;2;67;14;8;91;96;4;86;23;4;;;;;;;
;240;20200311;237;74;77;120;23;30;3;190;20;108;91;7;131;13;85;12;59;51;1099;52;35;11;2;10082;10110;11;10036;24;45;22;80;13;8;84;96;2;66;13;16;;;;;;;
;240;20200312;245;118;122;140;3;100;18;240;15;86;51;15;114;1;47;18;92;79;1281;2;2;2;15;10074;10103;12;10025;3;62;19;81;6;4;66;81;3;52;10;18;;;;;;;
;240;20200313;271;63;70;120;1;10;20;190;1;68;13;24;95;11;-15;24;28;24;737;11;14;5;3;10158;10210;23;10086;2;57;9;75;13;7;79;93;24;70;1;10;;;;;;;
;240;20200314;163;51;55;80;13;20;1;120;14;70;5;2;120;15;-18;6;55;47;1057;6;2;1;21;10179;10207;1;10145;24;9;6;82;16;7;83;98;6;56;15;14;;;;;;;
;240;20200315;193;62;65;100;11;30;21;160;12;94;79;1;112;11;69;24;3;3;352;0;-1;-1;1;10116;10141;1;10101;17;60;7;75;10;8;80;90;1;70;18;5;;;;;;;
;240;20200316;267;25;27;40;1;10;3;80;1;71;28;4;117;13;5;6;67;57;1183;0;0;0;1;10202;10260;24;10123;1;47;3;78;13;4;85;98;4;65;12;16;;;;;;;
;240;20200317;217;57;58;90;15;30;1;120;14;83;25;1;133;15;3;6;70;59;1168;0;0;0;1;10274;10288;12;10258;3;56;2;83;16;7;71;97;2;44;16;16;;;;;;;
;240;20200318;231;58;61;80;10;40;23;130;10;98;64;3;120;15;51;6;15;13;565;0;0;0;1;10250;10257;1;10242;19;56;24;83;1;8;77;95;24;57;1;8;;;;;;;
;240;20200319;40;34;41;60;15;20;3;90;16;82;73;24;97;13;69;24;6;5;570;0;-1;-1;1;10260;10269;10;10245;1;2;3;75;14;8;86;99;1;74;15;8;;;;;;;
;240;20200320;39;61;62;80;15;40;1;130;15;69;49;24;88;14;39;24;11;9;566;0;0;0;1;10283;10300;21;10264;4;67;6;80;15;7;77;87;24;64;15;8;;;;;;;
;240;20200321;73;77;78;100;14;60;1;150;13;53;15;6;94;13;4;6;111;91;1714;0;0;0;1;10293;10304;5;10275;16;70;1;83;3;1;60;85;1;49;17;22;;;;;;;
;240;20200322;91;65;66;80;9;50;4;130;14;50;5;6;101;15;-6;6;111;91;1799;0;0;0;1;10309;10323;23;10298;3;80;4;83;1;0;51;67;5;34;15;23;;;;;;;
;240;20200323;117;57;58;80;9;40;1;120;9;48;-3;6;102;16;-15;6;113;92;1800;0;0;0;1;10318;10332;8;10303;17;80;13;83;1;0;45;62;5;30;15;23;;;;;;;
;240;20200324;133;49;50;70;11;30;20;110;11;58;4;6;111;14;-23;6;115;93;1800;0;0;0;1;10300;10318;7;10282;17;80;11;83;1;2;42;56;5;31;15;23;;;;;;;
;240;20200325;88;40;46;70;21;30;1;110;22;63;-3;4;120;15;-36;6;115;92;1837;0;0;0;1;10268;10291;8;10244;17;78;8;83;1;2;42;59;1;29;15;24;;;;;;;
;240;20200326;65;51;53;80;14;30;6;120;14;66;10;6;107;15;-16;6;115;92;1800;0;0;0;1;10239;10251;8;10226;16;71;10;83;2;1;46;63;24;36;11;24;;;;;;;
;240;20200327;43;65;66;90;15;40;1;130;13;82;37;6;137;16;22;6;117;93;1695;0;0;0;1;10221;10232;1;10201;16;63;19;75;15;0;61;73;23;41;13;24;;;;;;;
;240;20200328;25;71;73;90;14;60;3;150;15;73;42;23;111;13;31;24;108;85;1703;0;-1;-1;1;10260;10291;22;10227;1;60;6;74;13;3;69;78;5;58;11;23;;;;;;;
;240;20200329;20;81;83;120;10;20;24;200;11;45;-12;24;74;12;-39;24;116;91;1869;1;1;1;1;10330;10367;20;10286;2;64;4;83;17;3;54;79;4;34;15;23;;;;;;;
;240;20200330;333;30;35;70;14;10;3;120;17;43;-21;1;95;13;-58;6;47;37;1085;11;12;8;18;10308;10355;1;10280;16;62;9;80;15;6;78;89;24;62;13;13;;;;;;;
;240;20200331;45;40;41;60;8;10;24;110;11;45;11;5;85;15;-36;24;119;92;1974;0;0;0;1;10307;10329;9;10276;24;70;1;83;7;0;63;88;1;45;13;25;;;;;;;
;240;20200401;265;19;24;40;13;10;1;70;13;41;-17;2;91;13;-59;6;25;19;947;0;0;0;1;10220;10270;1;10172;24;65;2;83;10;6;77;93;6;61;10;12;;;;;;;
;240;20200402;248;59;61;100;12;20;2;130;12;79;34;1;115;11;20;6;50;38;1347;0;-1;-1;1;10128;10168;1;10104;18;63;19;81;10;7;75;88;1;52;11;19;;;;;;;
;240;20200403;287;30;36;80;15;10;4;110;14;64;10;24;99;10;-24;24;34;26;1071;6;19;19;8;10166;10212;24;10111;1;60;5;81;15;6;76;93;4;51;14;14;;;;;;;
;240;20200404;157;36;40;70;13;20;3;100;12;89;14;1;148;15;-11;6;108;82;1994;0;0;0;1;10231;10246;10;10215;1;70;1;83;18;2;55;87;1;36;13;28;;;;;;;
;240;20200405;130;61;62;90;12;40;1;130;11;134;52;5;197;15;33;6;123;93;2063;0;0;0;1;10191;10228;1;10154;23;71;7;83;1;0;45;67;4;30;15;33;;;;;;;
;240;20200406;214;40;57;100;15;20;23;140;14;131;64;24;218;13;23;24;87;66;1734;0;-1;-1;1;10194;10274;24;10147;4;57;24;82;1;2;63;94;24;37;12;27;;;;;;;
;240;20200407;75;25;30;50;15;0;3;80;17;123;45;5;184;13;-2;6;121;91;2022;0;0;0;1;10299;10323;10;10278;1;3;3;82;19;5;68;98;2;41;12;31;;;;;;;
;240;20200408;42;21;22;40;17;10;3;60;17;148;70;5;221;15;26;6;113;84;1886;0;0;0;1;10247;10273;1;10229;16;59;21;75;1;4;65;84;23;43;14;31;;;;;;;
;240;20200409;45;25;28;50;17;10;1;90;21;131;66;4;196;14;17;6;107;79;1950;0;0;0;1;10261;10281;23;10241;1;57;3;78;10;3;68;93;3;41;11;31;;;;;;;
;240;20200410;63;38;39;50;6;30;1;70;6;107;51;5;163;13;28;6;127;94;2030;0;0;0;1;10271;10284;7;10258;17;66;2;83;18;6;61;85;5;39;16;30;;;;;;;
;240;20200411;100;18;23;40;3;0;22;60;3;131;56;5;210;16;17;24;127;93;2132;0;0;0;1;10232;10259;1;10194;24;75;5;83;1;6;51;72;24;27;15;34;;;;;;;
;240;20200412;287;11;30;60;23;10;1;100;23;137;59;4;223;13;10;6;78;57;1621;0;0;0;1;10152;10186;1;10127;17;57;21;80;8;5;63;88;4;39;10;26;;;;;;;
;240;20200413;17;67;69;90;6;40;24;150;3;75;56;24;104;15;46;24;54;39;1555;0;-1;-1;1;10241;10273;22;10172;1;66;2;81;24;7;57;77;2;42;14;21;;;;;;;
;240;20200414;344;31;32;50;3;0;23;90;2;63;28;24;96;15;-17;24;25;18;1102;0;0;0;1;10275;10284;10;10265;24;75;3;83;17;7;65;79;22;54;14;15;;;;;;;
;240;20200415;306;6;20;40;16;0;3;60;16;84;12;4;154;14;-29;6;114;82;2086;0;0;0;1;10235;10263;1;10191;24;62;24;79;12;3;69;92;3;40;13;29;;;;;;;
;240;20200416;56;44;45;80;22;10;1;120;21;126;51;3;190;16;4;6;126;90;2095;0;0;0;1;10173;10189;1;10160;17;57;3;80;24;6;64;94;2;41;12;33;;;;;;;
;240;20200417;52;63;64;80;8;60;1;110;1;101;68;5;150;15;56;6;129;92;2215;0;0;0;1;10182;10200;7;10168;18;67;7;80;1;2;66;80;22;50;14;33;;;;;;;
;240;20200418;33;32;37;60;1;10;13;100;1;114;67;3;151;12;54;6;17;12;1016;16;5;4;19;10166;10175;24;10161;3;65;6;80;23;7;72;85;3;57;13;15;;;;;;;
;240;20200419;57;67;68;80;8;50;1;130;12;122;74;6;171;14;58;6;132;93;2383;0;0;0;1;10195;10214;24;10174;1;80;1;83;6;1;46;67;2;27;16;37;;;;;;;
;240;20200420;73;82;82;100;14;60;4;180;13;127;63;5;181;15;47;6;132;93;2409;0;0;0;1;10199;10216;6;10174;16;73;16;83;1;0;41;56;5;29;14;38;;;;;;;
;240;20200421;75;81;82;110;12;60;20;180;14;138;82;5;192;16;68;6;132;93;2400;0;0;0;1;10190;10202;24;10173;16;73;13;83;1;0;43;59;6;31;14;39;;;;;;;
;240;20200422;73;65;65;90;10;40;23;140;14;152;95;5;210;15;78;6;133;93;2435;0;0;0;1;10208;10218;8;10194;17;74;12;83;1;0;44;59;24;28;17;40;;;;;;;
;240;20200423;72;27;30;50;1;20;11;80;12;156;80;4;227;14;53;6;133;92;2393;0;0;0;1;10190;10214;6;10155;24;68;23;83;1;5;51;72;3;30;15;40;;;;;;;
;240;20200424;352;38;39;60;15;20;1;110;15;122;76;5;180;13;39;6;113;78;2305;0;0;0;1;10148;10156;23;10141;15;59;3;83;16;5;65;85;3;37;11;36;;;;;;;
;240;20200425;360;32;33;50;2;20;11;80;1;91;35;24;133;13;5;24;50;34;1488;0;0;0;1;10149;10163;9;10137;17;70;24;82;6;5;66;87;24;54;12;21;;;;;;;
;240;20200426;306;11;14;40;15;0;2;70;15;94;19;5;157;14;-16;6;100;69;2239;0;0;0;1;10122;10139;1;10100;24;62;4;81;14;1;73;94;3;51;13;32;;;;;;;
;240;20200427;295;15;33;60;14;10;1;90;13;122;51;3;197;13;3;6;101;69;2181;0;0;0;1;10075;10098;1;10064;18;44;3;80;15;4;70;98;3;38;12;34;;;;;;;
;240;20200428;41;47;48;60;9;30;1;100;9;91;77;24;106;14;73;6;0;0;422;68;29;5;8;10047;10066;1;10034;24;44;23;70;2;8;87;96;24;81;2;6;;;;;;;
;240;20200429;214;25;39;60;11;0;6;130;21;109;77;3;153;16;76;6;28;19;1114;62;37;10;3;10027;10049;13;9999;24;42;6;80;14;8;84;97;3;61;15;17;;;;;;;
;240;20200430;207;60;66;100;9;40;4;220;20;112;84;24;160;16;75;6;72;49;1669;19;32;12;20;9978;9996;10;9962;17;65;23;83;19;7;72;88;3;41;16;25;;;;;;;
;240;20200501;238;62;70;100;13;40;22;150;9;105;82;7;143;14;76;6;49;33;1327;21;57;23;7;9987;10023;24;9969;1;58;10;80;14;8;80;90;7;67;13;20;;;;;;;
;240;20200502;276;53;56;80;9;20;22;120;8;105;73;22;135;13;52;24;78;52;1833;10;14;9;5;10089;10146;24;10024;1;57;24;79;13;6;79;91;24;69;12;27;;;;;;;
;240;20200503;353;8;23;50;14;10;2;90;14;115;57;5;161;14;24;6;51;34;1681;15;6;3;13;10169;10178;22;10148;1;15;5;82;15;7;76;98;3;54;15;26;;;;;;;
;240;20200504;42;47;49;60;7;30;2;100;15;108;61;24;149;13;34;24;113;75;2514;0;-1;-1;1;10203;10236;23;10172;3;63;2;82;15;3;70;90;2;55;11;38;;;;;;;
;240;20200505;45;44;46;70;9;20;5;110;19;93;42;5;138;14;19;6;137;91;2505;0;0;0;1;10230;10251;23;10223;15;70;23;82;8;1;64;83;23;45;14;36;;;;;;;
;240;20200506;51;29;31;50;16;20;9;80;15;110;45;4;164;15;7;6;142;93;2665;0;0;0;1;10261;10267;21;10251;1;70;4;83;18;1;63;85;24;41;13;40;;;;;;;
;240;20200507;28;6;14;40;16;0;5;70;15;124;40;4;195;14;2;6;141;92;2564;0;0;0;1;10234;10262;1;10205;24;59;24;79;8;4;66;95;4;39;17;40;;;;;;;
;240;20200508;32;7;18;40;15;0;1;70;16;154;74;3;224;14;27;6;117;76;2345;0;0;0;1;10182;10200;1;10163;24;50;3;81;17;6;62;97;4;37;11;39;;;;;;;
;240;20200509;51;35;36;60;18;0;4;100;18;176;96;5;234;14;47;6;133;87;2596;0;0;0;1;10126;10159;1;10083;24;24;4;81;9;3;60;98;5;38;13;45;;;;;;;
;240;20200510;24;61;62;110;17;10;6;190;18;128;72;24;207;11;61;6;36;23;1615;0;-1;-1;1;10088;10141;24;10059;10;61;8;81;13;7;70;89;5;54;23;25;;;;;;;
;240;20200511;15;74;75;100;8;30;23;170;13;84;38;24;122;14;19;24;106;68;2323;0;-1;-1;1;10167;10207;22;10138;1;74;8;83;18;4;53;78;23;42;9;33;;;;;;;
;240;20200512;273;34;39;60;10;10;3;90;10;78;19;4;130;14;-7;6;80;52;1955;3;2;2;8;10184;10208;6;10148;24;70;3;83;18;4;67;83;3;47;15;27;;;;;;;
;240;20200513;14;38;48;80;18;20;3;140;16;78;35;3;123;15;15;6;68;44;1812;5;2;1;7;10154;10193;24;10135;6;70;1;83;14;4;63;85;7;44;16;25;;;;;;;
;240;20200514;14;37;39;60;16;20;1;110;16;74;7;4;132;16;-12;6;76;49;1643;0;0;0;1;10215;10226;10;10197;1;70;4;83;10;3;61;85;4;44;14;22;;;;;;;
;240;20200515;310;25;28;50;14;0;6;90;15;90;12;4;144;15;-20;6;117;75;2403;0;0;0;1;10231;10240;22;10213;3;70;1;83;7;3;68;90;4;50;14;34;;;;;;;
;240;20200516;264;37;45;70;8;10;2;110;9;104;60;3;153;9;13;6;69;44;1900;0;0;0;1;10226;10231;24;10220;7;65;2;81;8;5;73;91;2;56;16;28;;;;;;;
;240;20200517;255;38;43;70;12;10;2;100;10;130;50;3;182;14;10;6;136;86;2770;0;0;0;1;10233;10244;12;10225;24;59;5;83;18;3;63;95;2;42;15;44;;;;;;;
;240;20200518;251;42;45;80;12;10;4;130;12;142;83;3;188;12;48;6;119;75;2564;0;0;0;1;10224;10230;12;10217;4;61;4;82;15;5;70;96;4;50;16;42;;;;;;;
;240;20200519;282;33;35;70;14;20;1;100;14;155;103;4;202;12;80;6;117;74;2634;0;0;0;1;10223;10234;24;10212;3;59;4;81;11;4;75;91;3;58;11;44;;;;;;;
;260;20200101;161;24;27;30;2;20;1;60;2;8;-2;7;18;1;0;12;0;0;81;0;0;0;1;10318;10345;1;10292;24;0;1;15;22;8;99;99;2;98;1;1;;;;;;;
;260;20200102;187;40;41;60;20;30;1;100;20;39;13;3;74;24;14;6;0;0;68;0;0;0;1;10238;10286;1;10179;24;2;2;66;21;8;95;99;2;88;22;1;;;;;;;
;260;20200103;238;33;46;60;3;20;21;120;10;76;43;24;99;14;26;24;0;0;59;58;45;19;13;10188;10278;23;10133;12;21;10;70;8;7;88;95;13;80;20;1;;;;;;;
;260;20200104;263;33;35;50;10;10;23;110;12;67;40;1;81;12;24;6;0;0;94;23;11;8;22;10297;10336;23;10276;2;35;21;70;12;8;88;98;22;78;12;1;;;;;;;
;260;20200105;222;31;31;40;12;20;1;90;18;69;59;19;76;13;52;6;0;0;86;1;1;1;19;10330;10343;4;10303;24;57;5;75;12;8;87;95;2;75;13;1;;;;;;;
;260;20200106;198;39;41;60;12;30;1;100;11;60;35;19;70;13;23;24;35;44;295;5;3;3;23;10240;10297;1;10195;19;34;6;80;12;7;82;93;24;68;12;4;;;;;;;
;260;20200107;205;42;44;70;24;20;7;120;24;66;43;9;83;24;23;12;3;4;136;0;-1;-1;1;10238;10263;10;10204;24;6;10;70;22;6;91;98;8;81;21;2;;;;;;;
;260;20200108;223;37;39;60;1;20;17;120;1;104;82;1;117;13;79;6;0;0;78;60;35;10;22;10213;10230;17;10198;5;19;5;64;1;8;94;98;21;90;1;1;;;;;;;
;260;20200109;199;49;52;70;11;30;1;140;24;115;90;1;130;13;88;6;0;0;61;92;60;23;24;10104;10186;1;10067;22;12;2;70;13;8;92;98;1;81;24;1;;;;;;;
;260;20200110;272;22;32;50;12;20;17;130;1;68;28;22;99;1;-7;24;13;16;188;10;6;3;1;10199;10308;24;10082;1;56;6;75;13;6;86;97;24;71;15;3;;;;;;;
;260;20200111;200;51;51;70;19;30;1;120;15;60;18;1;74;15;-1;6;18;22;262;0;0;0;1;10275;10309;3;10229;24;65;1;75;8;8;78;92;1;71;14;3;;;;;;;
;260;20200112;216;49;52;70;9;20;21;130;14;75;55;7;101;16;48;12;0;0;64;31;18;6;23;10193;10218;1;10166;14;24;12;75;1;8;83;95;12;75;18;1;;;;;;;
;260;20200113;187;50;53;80;22;30;7;140;22;78;57;7;107;24;50;12;33;40;302;0;-1;-1;1;10135;10206;1;10029;24;56;5;75;15;7;85;93;1;77;16;4;;;;;;;
;260;20200114;198;73;74;100;21;60;7;200;21;106;90;9;129;21;85;12;0;0;92;102;100;16;3;10027;10048;24;10007;4;47;7;75;16;8;84;93;7;74;21;1;;;;;;;
;260;20200115;204;57;60;90;1;30;17;150;4;94;62;22;121;4;52;24;0;0;81;49;35;14;16;10105;10214;24;10049;1;61;14;80;5;6;78;90;17;66;9;1;;;;;;;
;260;20200116;164;38;40;60;19;20;6;110;21;72;32;8;102;15;19;12;71;86;461;0;0;0;1;10214;10248;8;10165;24;50;6;75;13;6;85;96;6;76;19;6;;;;;;;
;260;20200117;204;38;46;70;18;30;9;140;18;83;54;24;102;14;44;24;8;10;98;6;7;6;15;10144;10188;24;10123;13;43;12;75;1;7;79;92;12;72;21;1;;;;;;;
;260;20200118;251;27;33;50;15;20;17;150;15;45;26;24;77;14;6;24;40;48;317;13;23;8;16;10245;10310;24;10193;1;58;15;75;14;4;84;92;24;66;13;4;;;;;;;
;260;20200119;329;21;23;40;13;10;23;90;14;35;-11;24;82;13;-39;24;51;61;406;0;-1;-1;1;10402;10472;23;10317;1;2;23;70;3;2;87;98;22;65;15;5;;;;;;;
;260;20200120;208;11;13;20;13;0;3;40;13;29;-21;2;70;13;-45;6;3;4;198;0;0;0;1;10467;10481;10;10446;24;0;24;71;13;7;94;99;23;80;13;2;;;;;;;
;260;20200121;198;19;20;30;18;10;2;60;1;7;-14;9;21;19;-35;12;0;0;166;0;0;0;1;10415;10443;2;10388;23;1;1;56;7;6;98;99;1;95;7;2;;;;;;;
;260;20200122;229;12;15;20;1;0;22;40;3;44;16;1;62;15;17;6;0;0;111;30;4;1;10;10368;10380;2;10362;14;3;1;21;13;8;98;99;1;96;15;1;;;;;;;
;260;20200123;119;13;15;20;6;0;1;30;6;37;-17;23;68;13;-37;24;16;19;252;18;4;2;2;10312;10361;1;10264;24;1;4;62;13;6;95;99;2;80;13;3;;;;;;;
;260;20200124;189;21;23;30;11;10;1;70;14;23;-6;1;35;14;-13;6;2;2;197;0;0;0;1;10235;10258;1;10221;14;13;5;50;10;8;93;98;2;87;12;2;;;;;;;
;260;20200125;164;28;29;40;2;20;6;60;2;20;9;24;26;13;10;24;0;0;127;0;0;0;1;10211;10224;1;10189;24;3;24;58;10;8;92;98;24;86;12;1;;;;;;;
;260;20200126;172;37;40;60;24;30;2;100;23;55;5;1;93;15;7;6;45;51;462;13;8;6;24;10138;10181;1;10091;24;2;1;65;17;8;89;99;1;80;13;6;;;;;;;
;260;20200127;194;44;47;70;24;30;17;140;24;82;70;20;94;13;62;24;7;8;212;52;84;23;22;10022;10086;1;9914;23;41;3;70;10;8;89;95;3;81;15;3;;;;;;;
;260;20200128;238;55;58;80;11;40;5;180;11;54;38;23;72;2;32;24;28;32;303;44;52;12;5;9933;9988;24;9875;7;44;22;80;14;7;81;94;5;65;15;4;;;;;;;
;260;20200129;250;46;49;60;9;30;18;140;12;60;44;1;73;15;39;6;21;24;272;10;7;3;9;10061;10105;19;9991;1;62;8;75;4;8;77;86;22;67;15;4;;;;;;;
;260;20200130;218;54;58;70;1;40;15;150;23;85;64;2;114;24;57;6;7;8;294;43;9;2;18;10052;10097;3;9996;19;20;19;73;11;8;87;96;18;78;11;4;;;;;;;
;260;20200131;226;62;64;80;23;40;6;150;16;109;89;6;125;22;82;6;0;0;146;5;1;1;18;10065;10084;12;10029;1;60;6;70;1;8;87;92;6;82;23;2;;;;;;;
;260;20200201;239;63;65;80;13;50;19;160;14;106;86;19;120;5;76;24;19;21;285;5;2;2;4;10036;10086;24;10011;7;50;1;70;2;7;79;92;6;62;15;4;;;;;;;
;260;20200202;230;39;46;70;15;20;9;150;15;89;65;8;115;16;63;12;0;0;115;62;70;22;9;10072;10095;3;10032;12;28;13;70;14;8;86;98;13;71;1;2;;;;;;;
;260;20200203;253;47;48;70;12;20;21;140;13;92;64;20;110;12;52;24;12;13;322;17;23;22;20;10099;10127;12;10066;23;57;1;75;24;7;79;92;22;66;13;5;;;;;;;
;260;20200204;289;34;38;60;6;20;17;130;6;51;12;22;73;16;-15;24;19;21;290;35;64;26;15;10159;10295;24;10072;1;20;19;74;4;5;84;98;22;70;5;4;;;;;;;
;260;20200205;274;13;18;30;14;10;5;60;14;48;-2;8;84;15;-27;12;56;60;607;0;0;0;1;10349;10371;11;10304;1;4;5;77;13;7;82;98;1;63;13;8;;;;;;;
;260;20200206;247;11;15;30;12;0;19;50;12;50;20;3;96;15;-20;6;54;58;540;0;0;0;1;10316;10338;1;10302;24;31;5;70;14;6;87;98;3;65;14;7;;;;;;;
;260;20200207;139;37;38;60;11;10;1;90;10;39;-9;5;78;15;-35;6;83;88;764;0;0;0;1;10246;10298;1;10194;24;3;3;76;16;1;78;98;2;61;15;9;;;;;;;
;260;20200208;186;36;39;50;13;30;8;100;24;70;30;2;99;13;20;6;3;3;163;28;9;4;15;10179;10191;1;10161;24;36;14;74;3;8;85;94;14;72;2;2;;;;;;;
;260;20200209;206;94;98;140;17;50;2;250;18;100;77;4;125;16;70;6;0;0;140;47;186;148;21;9984;10152;1;9850;22;50;17;80;10;8;79;90;1;69;10;2;;;;;;;
;260;20200210;251;83;86;100;1;50;22;220;20;80;48;24;106;1;42;24;20;21;359;21;28;11;6;9934;9987;12;9867;1;57;5;78;23;8;69;81;6;55;13;5;;;;;;;
;260;20200211;257;80;80;90;1;70;17;200;1;63;49;1;73;13;42;6;23;24;392;1;3;3;1;10028;10078;24;9971;1;67;5;81;19;7;56;60;1;50;19;5;;;;;;;
;260;20200212;250;54;56;70;1;30;20;180;2;55;33;22;77;14;14;24;36;37;482;1;1;1;16;10121;10151;20;10080;2;66;24;80;15;7;66;84;23;56;13;6;;;;;;;
;260;20200213;190;33;41;70;9;20;16;140;8;57;31;1;87;13;19;6;6;6;179;87;143;31;10;10016;10130;1;9946;16;57;16;75;13;8;87;91;16;78;14;2;;;;;;;
;260;20200214;229;29;37;50;14;30;1;100;15;73;56;5;87;17;53;6;15;15;369;8;3;1;2;10176;10213;17;10076;1;59;5;80;12;8;79;93;5;68;12;5;;;;;;;
;260;20200215;193;67;68;100;20;50;1;190;23;106;75;1;135;24;66;6;7;7;371;4;1;1;19;10127;10192;1;10044;24;64;7;80;17;8;75;82;5;66;22;6;;;;;;;
;260;20200216;212;89;95;130;16;60;19;240;16;121;81;19;167;15;77;24;0;0;180;64;126;66;17;9996;10047;24;9934;16;56;10;80;12;8;78;92;17;65;15;3;;;;;;;
;260;20200217;225;71;72;90;1;50;22;220;1;81;66;8;101;11;55;12;55;55;631;9;42;19;21;10105;10152;24;10058;1;61;5;80;14;5;73;87;21;63;4;9;;;;;;;
;260;20200218;232;64;67;90;21;40;6;170;17;76;37;24;96;15;33;24;60;59;666;20;53;37;24;10170;10197;9;10116;23;58;11;79;16;7;73;91;24;62;15;9;;;;;;;
;260;20200219;249;42;49;70;12;30;1;130;12;62;45;1;82;13;40;6;43;42;608;41;44;38;1;10171;10199;14;10113;1;61;21;74;15;7;76;92;1;60;15;8;;;;;;;
;260;20200220;223;59;68;90;12;50;1;180;18;82;47;21;104;15;43;24;15;15;430;52;57;22;18;10121;10175;24;10061;17;56;18;75;9;8;80;92;1;66;24;6;;;;;;;
;260;20200221;230;59;61;80;21;30;6;150;21;73;40;8;89;15;28;6;15;15;466;0;0;0;1;10220;10242;12;10184;1;64;8;76;1;6;73;81;8;67;2;6;;;;;;;
;260;20200222;231;76;79;100;7;30;23;190;8;92;69;8;117;15;61;12;1;1;186;18;9;6;8;10172;10196;24;10150;7;60;24;80;7;8;77;85;12;67;7;3;;;;;;;
;260;20200223;259;57;63;110;10;20;8;210;10;87;54;24;129;13;40;24;7;7;152;93;317;79;8;10144;10230;24;10066;10;23;7;75;15;7;82;97;7;68;21;2;;;;;;;
;260;20200224;223;53;60;90;14;20;1;190;14;76;36;2;108;22;14;6;0;0;145;76;101;30;16;10108;10231;1;10015;24;39;10;75;9;8;85;96;12;76;1;2;;;;;;;
;260;20200225;246;49;52;70;1;30;18;150;12;66;19;24;103;1;19;24;60;57;843;24;35;20;24;9976;10016;1;9920;24;57;23;83;3;6;72;93;24;59;12;11;;;;;;;
;260;20200226;273;27;30;60;14;20;2;120;12;34;4;2;66;16;3;6;24;23;533;74;104;20;1;9991;10055;22;9918;2;21;1;75;12;7;86;97;6;73;12;6;;;;;;;
;260;20200227;202;12;27;40;5;10;15;100;20;27;1;3;39;24;-12;6;0;0;196;74;50;14;16;10020;10110;24;9954;13;56;3;75;23;7;89;95;2;80;23;2;;;;;;;
;260;20200228;194;46;50;80;16;20;2;160;17;46;19;4;84;24;-2;6;14;13;508;66;81;20;18;10095;10155;9;9980;24;32;19;80;12;7;83;95;20;64;14;6;;;;;;;
;260;20200229;208;70;75;100;21;50;5;280;14;87;52;24;126;12;42;24;29;27;512;16;17;13;14;9901;9972;1;9828;13;56;4;80;19;6;75;93;4;63;11;7;;;;;;;
;260;20200301;218;67;67;90;2;30;18;180;10;66;46;24;92;13;30;24;44;41;785;0;-1;-1;1;9910;9917;11;9903;5;70;24;80;12;7;72;83;24;57;14;10;;;;;;;
;260;20200302;195;20;31;50;1;10;16;90;8;55;35;24;78;14;14;24;0;0;244;95;87;17;7;9905;9966;24;9877;13;44;8;70;1;7;90;95;18;83;1;3;;;;;;;
;260;20200303;223;30;33;60;12;10;19;100;12;44;9;23;88;12;-9;24;70;64;915;15;27;12;18;10021;10076;24;9972;1;57;18;80;13;3;83;97;20;65;13;11;;;;;;;
;260;20200304;228;19;26;40;9;10;18;100;12;65;35;3;105;13;23;6;61;55;907;6;9;5;1;10086;10103;11;10055;24;45;3;81;17;7;79;95;3;59;11;12;;;;;;;
;260;20200305;73;39;42;60;14;20;1;100;14;55;44;4;68;13;41;6;0;0;280;100;118;19;19;9948;10048;1;9882;23;42;17;70;15;8;90;94;3;81;14;4;;;;;;;
;260;20200306;344;39;40;60;11;10;24;100;9;62;38;24;85;13;22;24;11;10;674;49;19;6;1;9996;10116;24;9885;1;56;1;72;22;8;80;93;1;68;13;9;;;;;;;
;260;20200307;220;38;41;60;13;10;3;120;14;66;-8;5;106;13;-30;6;64;57;959;0;0;0;1;10159;10176;12;10123;1;13;5;81;13;4;76;97;5;56;12;13;;;;;;;
;260;20200308;200;54;55;70;10;40;18;150;11;87;71;6;102;16;60;6;8;7;314;14;6;2;10;10090;10139;1;10065;20;56;10;75;2;8;82;88;19;76;9;4;;;;;;;
;260;20200309;229;42;45;70;24;30;7;130;24;78;63;6;106;12;58;6;47;41;936;26;37;14;24;10106;10134;17;10072;1;59;23;80;13;8;80;91;7;65;11;13;;;;;;;
;260;20200310;234;66;70;80;1;50;23;160;17;101;63;3;119;19;59;6;0;0;179;147;164;21;1;10035;10074;24;10019;14;36;22;66;16;8;92;95;9;88;18;3;;;;;;;
;260;20200311;234;48;49;80;23;20;3;160;23;110;92;2;135;14;88;6;40;35;891;69;80;23;2;10089;10115;11;10051;24;36;23;75;11;8;85;96;3;71;12;13;;;;;;;
;260;20200312;243;71;73;80;1;60;18;190;5;84;58;8;110;2;50;12;73;63;1164;27;47;19;5;10083;10110;11;10036;3;60;7;83;5;4;66;86;1;48;11;16;;;;;;;
;260;20200313;257;39;42;70;2;10;19;150;11;66;17;24;90;12;1;24;22;19;565;29;54;19;13;10161;10212;22;10096;1;3;24;76;7;7;81;98;23;67;1;8;;;;;;;
;260;20200314;172;39;41;60;12;10;1;110;13;67;4;3;118;15;-7;6;56;48;1088;5;5;5;22;10185;10210;1;10155;24;0;4;83;16;7;80;99;2;55;15;15;;;;;;;
;260;20200315;189;46;47;80;12;20;22;140;11;96;77;1;112;17;54;24;7;6;404;0;0;0;1;10123;10151;1;10110;14;66;7;80;11;8;78;89;6;68;12;6;;;;;;;
;260;20200316;291;14;18;30;12;10;4;60;14;75;22;24;130;13;-3;24;67;57;1203;0;0;0;1;10202;10263;24;10125;1;29;5;81;14;4;82;98;4;55;13;16;;;;;;;
;260;20200317;221;40;40;60;11;20;1;100;11;86;12;1;133;14;-11;6;81;68;1366;0;0;0;1;10281;10295;11;10263;1;4;1;83;18;8;68;98;1;47;14;19;;;;;;;
;260;20200318;228;39;40;60;10;20;19;110;10;105;67;5;137;12;44;24;27;23;902;0;0;0;1;10254;10265;1;10244;17;70;21;83;1;7;64;87;21;54;1;13;;;;;;;
;260;20200319;27;23;26;40;15;0;5;80;17;85;69;24;99;1;58;24;0;0;391;0;0;0;1;10258;10266;10;10245;2;16;4;75;19;8;87;98;4;77;20;5;;;;;;;
;260;20200320;32;45;46;60;11;30;1;130;15;67;34;23;91;15;20;24;3;2;512;0;-1;-1;1;10279;10297;22;10260;1;67;24;82;15;6;75;87;24;53;15;7;;;;;;;
;260;20200321;69;61;63;90;13;40;4;150;14;46;2;6;92;14;-14;6;111;91;1737;0;0;0;1;10290;10302;6;10274;16;68;1;83;17;0;61;88;2;47;17;22;;;;;;;
;260;20200322;88;61;62;80;11;40;3;130;13;46;-2;6;97;14;-18;6;113;92;1844;0;0;0;1;10309;10324;22;10296;4;75;4;83;7;0;50;71;4;35;12;23;;;;;;;
;260;20200323;122;57;58;80;8;30;19;130;9;47;0;6;101;15;-21;24;113;92;1851;0;0;0;1;10321;10336;9;10305;17;78;13;83;1;1;43;59;5;25;17;23;;;;;;;
;260;20200324;130;43;45;70;14;20;21;120;14;49;-1;24;105;15;-47;24;113;91;1848;0;0;0;1;10303;10323;8;10287;17;75;21;83;1;3;44;72;21;26;16;23;;;;;;;
;260;20200325;85;34;39;60;16;10;1;100;16;55;-43;5;127;15;-72;6;115;92;1897;0;0;0;1;10268;10292;6;10243;17;70;1;83;18;3;44;86;3;16;13;24;;;;;;;
;260;20200326;69;47;48;70;11;30;1;120;16;66;12;6;118;15;-6;6;115;92;1826;0;0;0;1;10235;10248;1;10222;15;72;12;82;1;1;40;54;24;28;12;24;;;;;;;
;260;20200327;38;47;47;70;16;30;1;130;13;85;22;6;153;15;-1;6;115;91;1720;0;0;0;1;10214;10227;1;10193;16;63;22;80;11;0;54;72;24;36;15;24;;;;;;;
;260;20200328;17;57;58;80;15;30;1;150;23;74;41;23;119;12;29;6;109;86;1741;0;-1;-1;1;10253;10284;22;10220;1;62;23;74;15;2;64;73;5;46;11;24;;;;;;;
;260;20200329;17;66;67;100;9;20;24;180;9;47;9;24;74;12;-20;24;107;84;1693;0;-1;-1;1;10323;10363;21;10277;3;64;4;83;18;2;51;75;2;32;14;21;;;;;;;
;260;20200330;338;19;23;40;11;10;1;120;17;38;-31;3;97;15;-53;6;43;34;950;5;20;16;16;10306;10354;1;10278;18;58;16;81;14;5;78;94;6;54;14;12;;;;;;;
;260;20200331;28;32;33;50;9;10;24;90;9;41;-12;24;92;14;-32;24;120;93;2028;0;0;0;1;10304;10328;8;10275;24;65;1;83;9;0;62;92;2;30;13;25;;;;;;;
;260;20200401;307;14;16;30;13;0;3;100;13;39;-38;5;100;13;-61;6;66;51;1488;0;0;0;1;10219;10269;1;10173;24;65;1;83;9;5;73;95;6;50;14;18;;;;;;;
;260;20200402;244;35;37;70;15;10;1;120;17;70;0;1;113;12;-20;6;28;22;1002;0;-1;-1;1;10131;10171;1;10108;19;57;1;82;16;8;74;95;2;51;12;13;;;;;;;
;260;20200403;294;21;25;50;12;10;5;110;14;66;-2;24;103;12;-40;24;34;26;974;0;-1;-1;1;10167;10217;24;10112;1;60;7;83;16;5;74;95;24;47;15;13;;;;;;;
;260;20200404;147;28;32;60;13;20;1;100;13;73;-8;2;146;15;-46;6;120;91;2083;0;0;0;1;10234;10248;10;10220;1;50;4;83;18;2;59;95;1;31;16;28;;;;;;;
;260;20200405;130;50;50;80;13;20;1;130;13;126;19;5;196;15;-28;6;123;93;2089;0;0;0;1;10195;10230;1;10161;22;71;9;83;19;0;47;77;4;28;18;33;;;;;;;
;260;20200406;205;25;39;50;10;20;21;110;17;143;84;24;230;14;48;24;91;69;1800;6;1;1;18;10197;10275;24;10154;3;66;24;82;1;3;57;90;24;31;13;29;;;;;;;
;260;20200407;89;25;26;40;10;0;3;110;14;122;26;5;193;15;-5;6;122;92;2066;0;0;0;1;10298;10324;10;10278;24;2;2;81;19;5;65;99;3;38;13;32;;;;;;;
;260;20200408;32;9;17;30;16;10;3;60;17;150;54;5;245;15;25;6;110;82;1966;0;0;0;1;10246;10273;1;10226;16;56;23;76;12;5;65;94;5;31;15;32;;;;;;;
;260;20200409;31;25;28;50;16;10;2;90;14;133;56;5;205;14;31;6;100;74;1981;0;0;0;1;10259;10277;23;10237;2;18;2;82;17;3;65;97;5;39;13;31;;;;;;;
;260;20200410;45;26;28;40;15;20;1;70;18;115;44;5;185;14;24;6;125;92;2081;0;0;0;1;10269;10282;6;10253;17;67;6;83;16;7;58;86;2;36;16;32;;;;;;;
;260;20200411;91;11;18;30;1;0;20;50;1;122;43;5;215;14;-5;6;125;92;2189;0;0;0;1;10232;10260;1;10195;24;65;23;83;1;7;54;92;23;17;13;34;;;;;;;
;260;20200412;241;4;20;40;12;0;1;80;15;140;29;5;230;14;-2;6;91;67;1792;2;1;1;15;10152;10188;1;10126;18;56;4;80;9;4;61;96;2;31;12;29;;;;;;;
;260;20200413;12;57;58;70;3;30;22;150;6;78;58;24;111;1;53;24;68;50;1759;0;-1;-1;1;10236;10269;23;10166;1;69;6;80;16;7;55;74;3;39;13;24;;;;;;;
;260;20200414;356;21;23;40;14;0;24;100;12;60;6;24;102;17;-23;24;27;20;1058;0;-1;-1;1;10274;10283;10;10267;24;62;24;83;17;7;67;96;23;49;13;14;;;;;;;
;260;20200415;117;6;15;30;8;0;1;60;12;85;-10;5;170;16;-41;6;125;90;2206;0;0;0;1;10234;10263;1;10192;24;57;3;80;9;4;67;98;4;40;12;31;;;;;;;
;260;20200416;40;20;27;60;21;10;2;120;21;130;39;3;221;15;0;6;119;85;2131;0;0;0;1;10170;10188;1;10155;14;60;5;80;21;6;60;88;2;30;14;34;;;;;;;
;260;20200417;45;42;43;50;2;30;21;90;7;109;57;5;170;15;46;6;123;88;2220;0;0;0;1;10178;10198;7;10162;16;67;6;81;19;2;61;80;5;39;16;33;;;;;;;
;260;20200418;12;15;25;40;1;10;12;80;1;111;50;4;160;12;39;6;28;20;906;18;10;7;15;10163;10168;20;10158;4;61;18;78;11;7;74;84;21;48;11;14;;;;;;;
;260;20200419;60;44;47;70;11;20;1;120;10;125;73;6;179;15;60;6;130;92;2401;0;-1;-1;1;10192;10211;24;10169;1;66;1;83;3;1;43;76;1;25;16;37;;;;;;;
;260;20200420;73;69;70;100;16;40;5;170;18;127;57;5;183;15;33;6;132;93;2442;0;0;0;1;10196;10213;7;10173;17;73;16;83;1;0;38;52;5;26;14;38;;;;;;;
;260;20200421;75;73;74;100;10;50;20;160;11;139;86;6;189;15;74;6;132;93;2444;0;0;0;1;10188;10200;24;10171;16;75;13;83;1;0;40;52;6;31;12;39;;;;;;;
;260;20200422;76;56;56;70;10;30;22;130;14;152;96;5;215;16;74;24;132;92;2463;0;0;0;1;10206;10215;7;10193;16;77;9;83;1;0;41;54;3;27;16;41;;;;;;;
;260;20200423;83;14;28;40;1;10;24;70;12;158;83;24;232;16;52;24;134;93;2416;0;0;0;1;10188;10214;6;10152;24;62;24;83;1;4;47;89;24;25;12;41;;;;;;;
;260;20200424;348;34;35;50;11;10;1;90;11;124;74;2;182;15;43;6;118;82;2354;0;0;0;1;10144;10152;23;10136;15;31;5;82;11;7;64;95;5;31;14;37;;;;;;;
;260;20200425;351;25;28;40;13;10;6;90;15;98;35;24;143;15;8;24;64;44;1721;0;0;0;1;10146;10161;9;10132;17;64;24;83;4;5;66;93;24;50;14;25;;;;;;;
;260;20200426;336;9;15;30;16;0;22;60;12;90;4;5;167;15;-28;6;129;89;2460;0;0;0;1;10121;10137;1;10100;24;4;4;80;11;0;73;100;5;43;13;35;;;;;;;
;260;20200427;265;10;24;40;11;10;1;90;11;124;14;3;207;14;-17;6;115;79;2344;0;0;0;1;10075;10098;1;10062;16;1;2;82;19;4;64;98;1;28;13;36;;;;;;;
;260;20200428;35;29;30;50;10;20;16;100;10;94;77;24;113;15;72;6;9;6;542;49;17;5;9;10044;10062;1;10032;15;49;4;70;14;8;90;95;24;84;11;8;;;;;;;
;260;20200429;209;28;33;60;22;10;1;130;22;117;77;1;155;16;76;6;24;16;1000;64;25;5;4;10030;10049;12;10007;24;15;4;82;14;8;83;97;2;61;16;15;;;;;;;
;260;20200430;199;44;48;70;8;30;4;140;20;115;83;20;161;17;82;24;71;48;1607;21;73;67;20;9985;10003;11;9967;17;67;20;83;18;7;70;90;6;40;15;24;;;;;;;
;260;20200501;231;37;43;70;11;20;20;140;10;105;81;5;142;16;60;24;48;32;1240;18;29;15;9;9992;10028;24;9978;10;57;9;81;15;7;77;88;9;57;16;18;;;;;;;
;260;20200502;272;31;34;50;10;20;6;110;5;103;51;24;139;16;24;24;63;42;1453;15;39;15;5;10091;10150;24;10028;1;15;24;81;13;6;77;97;24;62;13;21;;;;;;;
;260;20200503;281;3;17;30;14;10;4;70;14;110;43;2;169;13;14;6;28;19;1429;30;7;3;20;10170;10177;8;10151;1;1;4;83;17;7;80;99;2;49;13;21;;;;;;;
;260;20200504;29;37;38;50;8;10;1;100;18;108;55;24;152;14;37;24;112;74;2459;11;4;3;1;10200;10236;23;10170;3;50;2;83;19;3;71;95;1;52;14;37;;;;;;;
;260;20200505;37;35;36;50;8;10;4;100;8;92;16;5;148;15;-17;6;140;93;2669;0;0;0;1;10227;10249;24;10217;15;60;4;83;19;1;62;92;4;38;15;38;;;;;;;
;260;20200506;20;19;25;40;13;10;9;80;13;106;34;4;168;15;0;6;142;94;2682;0;0;0;1;10259;10266;23;10249;1;32;24;83;19;1;63;97;24;40;11;40;;;;;;;
;260;20200507;42;8;14;40;18;0;5;60;17;120;17;5;207;17;-22;6;140;92;2589;0;0;0;1;10234;10262;1;10205;24;2;2;80;8;4;66;98;2;31;15;40;;;;;;;
;260;20200508;38;9;14;30;16;0;1;60;16;145;45;5;229;13;14;6;108;71;2336;0;0;0;1;10181;10200;1;10163;24;20;3;79;15;6;62;98;1;35;9;38;;;;;;;
;260;20200509;49;28;30;50;10;10;1;100;12;171;60;5;247;15;29;6;139;91;2636;0;0;0;1;10123;10158;1;10081;24;1;4;82;11;4;56;98;4;26;14;45;;;;;;;
;260;20200510;19;46;48;90;16;10;2;160;16;129;77;22;225;11;51;6;44;29;1755;0;-1;-1;1;10083;10133;23;10055;11;58;4;80;14;7;68;93;4;40;11;28;;;;;;;
;260;20200511;15;62;63;90;12;20;22;170;13;84;37;24;122;13;17;24;112;72;2215;5;6;6;21;10160;10204;22;10131;1;70;23;83;19;5;53;87;24;33;16;31;;;;;;;
;260;20200512;289;23;25;40;11;10;1;80;11;77;7;3;128;13;-22;6;80;52;2013;0;0;0;1;10184;10209;6;10151;24;35;2;83;14;4;65;97;2;38;17;28;;;;;;;
;260;20200513;9;28;35;60;13;10;1;120;15;72;2;4;120;13;-38;6;72;46;1748;2;2;2;9;10151;10189;24;10138;7;2;3;83;18;4;66;98;3;44;17;24;;;;;;;
;260;20200514;23;32;33;50;8;10;4;100;18;71;-10;4;128;13;-49;6;103;66;2016;0;0;0;1;10211;10221;10;10193;1;65;4;83;9;2;61;95;4;43;12;27;;;;;;;
;260;20200515;337;19;21;40;15;10;2;70;11;85;-12;4;151;16;-52;6;100;64;2147;0;0;0;1;10229;10240;23;10213;3;50;3;83;13;4;68;97;3;47;16;30;;;;;;;
;260;20200516;266;22;28;50;8;10;1;110;13;98;23;3;160;12;-8;6;67;43;1828;0;0;0;1;10227;10233;24;10222;15;8;24;83;7;6;71;98;3;48;12;27;;;;;;;
;260;20200517;268;20;25;40;8;10;1;90;12;121;16;3;187;16;-13;6;112;71;2210;0;0;0;1;10234;10243;10;10228;18;1;1;83;10;5;63;98;1;37;16;34;;;;;;;
;260;20200518;244;27;30;50;10;0;22;100;11;149;59;2;212;15;31;6;124;78;2687;0;0;0;1;10225;10228;10;10219;24;62;24;82;17;7;65;93;23;36;15;44;;;;;;;
;260;20200519;296;24;28;50;12;10;4;90;12;166;86;1;217;13;54;6;123;78;2623;0;0;0;1;10222;10233;23;10214;4;65;24;82;11;4;66;91;24;47;13;45;;;;;;;