Date;Confirmed;Deaths;Recovered;start_date;lockdown_severity;maximum_together;mentality_grade;government_performance;kindergarten_closed;Highschool closed;University_closed;Grocery_max_in_store;Cinemas closed;sports_games_prohibited_all;Month;Spring holiday;Passenger transport inc transit;Transit direct;Passengers scheduled;Passengers non scheduled;Passengers Europe;Passengers intercontinental;Passengers O&D;Passengers Transfer;Air transport movements;Air transport movements Europe;Air transport movements intercontinental;Cargo;Cargo Europe;Cargo North America;Cargo Latin America;Cargo Middle East;Cargo Far East;Travel advice Italy updated;Second confirmed case;Third Confirmed case;Larger events banned;Events more than 100 banned;Flights cancelled ch, it, ir, s.kor;Restaurants closed;Schools closed;Stricter social distance rules;Decline in patients;Contact professions closed;Work from home;Universities closed;maximum_together_sports;Borders closed third countries;DDVEC_S;FHVEC_S;FG_S;FHX_S;FHXH_S;FHN_S;FHNH_S;FXX_S;FXXH_S;TG_S;TN_S;TNH_S;TX_S;TXH_S;T10N_S;T10NH_S;SQ_S;SP_S;Q_S;DR_S;RH_S;RHX_S;RHXH_S;PG_S;PX_S;PXH_S;PN_S;PNH_S;VVN_S;VVNH_S;VVX_S;VVXH_S;NG_S;UG_S;UX_S;UXH_S;UN_S;UNH_S;EV24_S;DDVEC;FHVEC;FG;FHX;FHXH;FHN;FHNH;FXX;FXXH;TG;Population;Children born;Deats total;Immigration;Emmigration;Population Growth
2020-01-22;0;0;0;0;1;1000;7.0;7;0;0;0;1000;0;0;100;0;5074773;0;5061346;13427;3448900;1625873;3011207;2063566;37567;30336;7231;113080;7810;7717;9497;7779;21080;0;0;0;0;0;0;0;0;0;0;0;0;0;1000;0;216;13;15;30;5;0;18;50;14;57;34;1;73;13;33;6;0;0;97;27;7;3;22;10365;10377;1;10359;14;2;23;31;18;8;97;98;5;95;2;1;229;12;15;20;1;0;22;40;3;44;1740853;14015;14120;22081;15743;6233
2020-01-23;0;0;0;0;1;1000;7.0;7;0;0;0;1000;0;0;100;0;5074773;0;5061346;13427;3448900;1625873;3011207;2063566;37567;30336;7231;113080;7810;7717;9497;7779;21080;0;0;0;0;0;0;0;0;0;0;0;0;0;1000;0;144;17;18;30;12;10;1;40;10;55;27;24;70;12;20;18;4;5;208;0;0;0;1;10311;10358;1;10266;24;1;2;75;16;8;91;98;1;78;19;3;119;13;15;20;6;0;1;30;6;37;1740853;14015;14120;22081;15743;6233
2020-01-24;0;0;0;0;1;1000;7.0;7;0;0;0;1000;0;0;100;0;5074773;0;5061346;13427;3448900;1625873;3011207;2063566;37567;30336;7231;113080;7810;7717;9497;7779;21080;0;0;0;0;0;0;0;0;0;0;0;0;0;1000;0;183;35;36;50;14;20;1;70;14;33;21;6;46;14;18;12;0;0;178;0;0;0;1;10232;10257;1;10218;15;21;22;56;15;8;90;96;21;85;13;2;189;21;23;30;11;10;1;70;14;23;1740853;14015;14120;22081;15743;6233
2020-01-25;0;0;0;0;1;1000;7.0;7;0;0;0;1000;0;0;100;0;5074773;0;5061346;13427;3448900;1625873;3011207;2063566;37567;30336;7231;113080;7810;7717;9497;7779;21080;0;0;0;0;0;0;0;0;0;0;0;0;0;1000;0;168;42;43;60;12;30;18;80;12;26;16;24;31;1;17;24;0;0;126;0;0;0;1;10207;10221;11;10184;24;7;24;57;11;8;92;98;24;89;12;1;164;28;29;40;2;20;6;60;2;20;1740853;14015;14120;22081;15743;6233
2020-01-26;0;0;0;0;1;1000;7.0;7;0;0;0;1000;0;0;100;0;5074773;0;5061346;13427;3448900;1625873;3011207;2063566;37567;30336;7231;113080;7810;7717;9497;7779;21080;0;0;0;0;0;0;0;0;0;0;0;0;0;1000;0;175;50;53;70;21;40;4;120;24;54;8;3;87;18;10;6;25;29;368;27;19;12;24;10133;10177;1;10082;24;3;1;62;21;8;91;98;1;82;18;5;172;37;40;60;24;30;2;100;23;55;1740853;14015;14120;22081;15743;6233
2020-01-27;0;0;0;0;1;1000;7.0;7;0;0;0;1000;0;0;100;0;5074773;0;5061346;13427;3448900;1625873;3011207;2063566;37567;30336;7231;113080;7810;7717;9497;7779;21080;0;0;0;0;0;0;0;0;0;0;0;0;0;1000;0;196;57;62;80;1;40;17;120;1;80;64;24;92;13;58;18;0;0;246;60;90;32;22;10015;10075;1;9912;23;42;2;70;12;8;91;95;2;84;13;3;194;44;47;70;24;30;17;140;24;82;1740853;14015;14120;22081;15743;6233
2020-01-28;0;0;0;0;1;1000;7.0;7;0;0;0;1000;0;0;100;0;5074773;0;5061346;13427;3448900;1625873;3011207;2063566;37567;30336;7231;113080;7810;7717;9497;7779;21080;0;0;0;0;0;0;0;0;0;0;0;0;0;1000;0;251;82;89;130;12;50;5;190;12;57;39;8;70;1;35;12;21;24;241;46;74;41;7;9927;9982;24;9871;7;50;7;80;15;7;80;92;6;67;15;3;238;55;58;80;11;40;5;180;11;54;1740853;14015;14120;22081;15743;6233
2020-01-29;0;0;0;0;1;1000;7.0;7;0;0;0;1000;0;0;100;0;5074773;0;5061346;13427;3448900;1625873;3011207;2063566;37567;30336;7231;113080;7810;7717;9497;7779;21080;0;0;0;0;0;0;0;0;0;0;0;0;0;1000;0;260;81;85;110;11;60;18;160;8;63;49;8;80;24;43;6;8;9;230;13;8;6;8;10055;10099;20;9988;1;63;11;75;7;7;77;81;1;73;13;3;250;46;49;60;9;30;18;140;12;60;1740853;14015;14120;22081;15743;6233
2020-01-30;0;0;0;0;1;1000;7.0;7;0;0;0;1000;0;0;100;0;5074773;0;5061346;13427;3448900;1625873;3011207;2063566;37567;30336;7231;113080;7810;7717;9497;7779;21080;0;0;0;0;0;0;0;0;0;0;0;0;0;1000;0;219;81;85;110;1;60;15;180;23;88;70;2;115;22;64;6;19;21;322;31;7;2;15;10044;10090;2;9990;19;18;19;71;12;8;88;97;19;80;12;5;218;54;58;70;1;40;15;150;23;85;1740853;14015;14120;22081;15743;6233
2020-01-31;0;0;0;0;1;1000;7.0;7;0;0;0;1000;0;0;100;0;5074773;0;5061346;13427;3448900;1625873;3011207;2063566;37567;30336;7231;113080;7810;7717;9497;7779;21080;0;0;0;0;0;0;0;0;0;0;0;0;0;1000;0;227;88;90;120;13;60;9;180;14;104;83;8;125;21;78;12;3;3;173;4;2;2;24;10058;10077;11;10025;1;28;24;70;7;8;89;95;24;84;19;3;226;62;64;80;23;40;6;150;16;109;1740853;14015;14120;22081;15743;6233
2020-02-01;0;0;0;0;1;1000;7.0;7;0;0;0;1000;0;0;200;0;4719956;187;4701062;18707;3329009;1390760;3011143;1708626;34992;28414;6578;116293;5521;8694;10539;7278;16860;0;0;0;0;0;0;0;0;0;0;0;0;0;1000;0;240;98;100;120;22;80;3;180;13;104;88;20;120;4;78;24;36;40;389;24;15;7;1;10029;10079;24;10002;9;33;4;70;8;6;80;95;1;66;20;6;239;63;65;80;13;50;19;160;14;106;17414806;12866;12872;21320;12140;9174
2020-02-02;0;0;0;0;1;1000;7.0;7;0;0;0;1000;0;0;200;0;4719956;187;4701062;18707;3329009;1390760;3011143;1708626;34992;28414;6578;116293;5521;8694;10539;7278;16860;0;0;0;0;0;0;0;0;0;0;0;0;0;1000;0;242;58;70;110;15;30;8;170;14;88;66;9;106;23;65;12;0;0;133;62;62;19;9;10067;10090;2;10029;12;31;12;70;14;8;88;97;9;76;1;2;230;39;46;70;15;20;9;150;15;89;17414806;12866;12872;21320;12140;9174
2020-02-03;0;0;0;0;1;1000;7.0;7;0;0;0;1000;0;0;200;0;4719956;187;4701062;18707;3329009;1390760;3011143;1708626;34992;28414;6578;116293;5521;8694;10539;7278;16860;0;0;0;0;0;0;0;0;0;0;0;0;0;1000;0;255;78;82;110;1;40;21;170;2;90;63;24;107;13;51;24;31;34;417;8;3;3;19;10095;10124;12;10067;22;57;2;75;22;7;81;91;21;71;23;6;253;47;48;70;12;20;21;140;13;92;17414806;12866;12872;21320;12140;9174
2020-02-04;0;0;0;0;1;1000;7.0;7;0;0;0;1000;0;0;200;0;4719956;187;4701062;18707;3329009;1390760;3011143;1708626;34992;28414;6578;116293;5521;8694;10539;7278;16860;0;0;0;0;0;0;0;0;0;0;0;0;0;1000;0;294;70;74;110;4;30;17;180;11;54;20;24;81;16;-11;24;24;26;313;23;27;11;14;10158;10297;24;10071;1;43;14;75;4;5;84;97;19;70;1;4;289;34;38;60;6;20;17;130;6;51;17414806;12866;12872;21320;12140;9174
2020-02-05;0;0;0;0;1;1000;7.0;7;0;0;0;1000;0;0;200;0;4719956;187;4701062;18707;3329009;1390760;3011143;1708626;34992;28414;6578;116293;5521;8694;10539;7278;16860;0;0;0;0;0;0;0;0;0;0;0;0;0;1000;0;269;22;26;50;15;10;5;70;15;48;-3;7;82;14;-34;12;56;60;573;0;0;0;1;10348;10367;11;10307;1;64;1;75;18;6;82;97;8;68;13;7;274;13;18;30;14;10;5;60;14;48;17414806;12866;12872;21320;12140;9174
2020-02-06;0;0;0;0;1;1000;7.0;7;0;0;0;1000;0;0;200;0;4719956;187;4701062;18707;3329009;1390760;3011143;1708626;34992;28414;6578;116293;5521;8694;10539;7278;16860;0;0;0;0;0;0;0;0;0;0;0;0;0;1000;0;256;20;26;40;3;0;20;70;12;53;12;2;92;13;-18;24;54;58;543;0;0;0;1;10315;10335;1;10301;24;56;5;69;15;5;86;96;2;71;12;7;247;11;15;30;12;0;19;50;12;50;17414806;12866;12872;21320;12140;9174
2020-02-07;0;0;0;0;1;1000;7.0;7;0;0;0;1000;0;0;200;0;4719956;187;4701062;18707;3329009;1390760;3011143;1708626;34992;28414;6578;116293;5521;8694;10539;7278;16860;0;0;0;0;0;0;0;0;0;0;0;0;0;1000;0;137;45;46;70;23;20;1;100;24;43;0;6;78;15;-22;6;82;87;735;0;0;0;1;10242;10297;1;10187;24;50;5;74;16;2;78;97;5;63;14;9;139;37;38;60;11;10;1;90;10;39;17414806;12866;12872;21320;12140;9174
2020-02-08;0;0;0;0;1;1000;7.0;7;0;0;0;1000;0;0;200;0;4719956;187;4701062;18707;3329009;1390760;3011143;1708626;34992;28414;6578;116293;5521;8694;10539;7278;16860;0;0;0;0;0;0;0;0;0;0;0;0;0;1000;0;186;48;52;60;1;40;8;100;24;67;36;2;93;12;28;6;2;2;176;33;7;3;13;10172;10183;1;10152;24;30;13;75;1;6;86;97;13;71;1;2;186;36;39;50;13;30;8;100;24;70;17414806;12866;12872;21320;12140;9174
2020-02-09;0;0;0;0;1;1000;7.0;7;0;0;0;1000;0;0;200;0;4719956;187;4701062;18707;3329009;1390760;3011143;1708626;34992;28414;6578;116293;5521;8694;10539;7278;16860;0;0;0;0;0;0;0;0;0;0;0;0;0;1000;0;209;139;145;190;16;90;1;310;16;95;76;1;117;20;69;6;0;0;108;43;107;47;20;9969;10143;1;9840;22;42;17;75;5;8;82;97;19;73;9;2;206;94;98;140;17;50;2;250;18;100;17414806;12866;12872;21320;12140;9174
2020-02-10;0;0;0;0;1;1000;7.0;7;0;0;0;1000;0;0;200;0;4719956;187;4701062;18707;3329009;1390760;3011143;1708626;34992;28414;6578;116293;5521;8694;10539;7278;16860;0;0;0;0;0;0;0;0;0;0;0;0;0;1000;0;253;127;132;160;9;80;21;250;5;76;43;21;99;1;33;24;26;27;444;19;30;15;5;9925;9977;12;9855;1;58;3;75;21;8;72;87;20;60;13;6;251;83;86;100;1;50;22;220;20;80;17414806;12866;12872;21320;12140;9174
2020-02-11;0;0;0;0;1;1000;7.0;7;0;0;0;1000;0;0;200;0;4719956;187;4701062;18707;3329009;1390760;3011143;1708626;34992;28414;6578;116293;5521;8694;10539;7278;16860;0;0;0;0;0;0;0;0;0;0;0;0;0;1000;0;263;142;143;160;1;130;17;240;3;62;37;17;77;13;34;18;31;32;509;11;5;3;17;10019;10069;24;9960;1;66;2;80;18;7;60;66;17;52;15;7;257;80;80;90;1;70;17;200;1;63;17414806;12866;12872;21320;12140;9174
2020-02-12;0;0;0;0;1;1000;7.0;7;0;0;0;1000;0;0;200;0;4719956;187;4701062;18707;3329009;1390760;3011143;1708626;34992;28414;6578;116293;5521;8694;10539;7278;16860;0;0;0;0;0;0;0;0;0;0;0;0;0;1000;0;256;93;96;130;1;40;22;200;1;53;13;23;76;13;1;24;34;35;484;1;1;1;16;10115;10145;18;10072;1;66;24;80;17;6;68;88;24;61;12;6;250;54;56;70;1;30;20;180;2;55;17414806;12866;12872;21320;12140;9174
2020-02-13;0;0;0;0;1;1000;7.0;7;0;0;0;1000;0;0;200;0;4719956;187;4701062;18707;3329009;1390760;3011143;1708626;34992;28414;6578;116293;5521;8694;10539;7278;16860;0;0;0;0;0;0;0;0;0;0;0;0;0;1000;0;190;48;63;100;10;40;2;160;10;57;31;1;84;13;21;6;9;9;219;65;106;24;10;10009;10123;1;9939;15;50;11;70;4;7;88;93;11;82;13;3;190;33;41;70;9;20;16;140;8;57;17414806;12866;12872;21320;12140;9174
2020-02-14;0;0;0;0;1;1000;7.0;7;0;0;0;1000;0;0;200;0;4719956;187;4701062;18707;3329009;1390760;3011143;1708626;34992;28414;6578;116293;5521;8694;10539;7278;16860;0;0;0;0;0;0;0;0;0;0;0;0;0;1000;0;232;38;55;70;5;40;1;110;23;73;57;4;90;12;54;6;21;21;443;0;-1;-1;1;10172;10205;18;10072;1;59;4;80;14;8;80;94;4;69;14;6;229;29;37;50;14;30;1;100;15;73;17414806;12866;12872;21320;12140;9174
2020-02-15;0;0;0;0;1;1000;7.0;7;0;0;0;1000;0;0;200;0;4719956;187;4701062;18707;3329009;1390760;3011143;1708626;34992;28414;6578;116293;5521;8694;10539;7278;16860;0;0;0;0;0;0;0;0;0;0;0;0;0;1000;0;194;100;101;150;22;60;3;230;22;103;73;5;130;22;66;6;9;9;351;2;1;1;19;10115;10183;1;10032;24;59;23;75;15;8;80;88;7;70;22;5;193;67;68;100;20;50;1;190;23;106;17414806;12866;12872;21320;12140;9174
2020-02-16;0;0;0;0;1;1000;7.0;7;0;1;1;1000;0;0;200;0;4719956;187;4701062;18707;3329009;1390760;3011143;1708626;34992;28414;6578;116293;5521;8694;10539;7278;16860;0;0;0;0;0;0;0;0;0;0;0;0;0;1000;0;215;130;139;160;8;100;18;250;16;114;81;19;148;15;73;24;0;0;141;87;130;56;16;9983;10034;24;9923;15;28;11;75;2;8;84;97;16;69;24;2;212;89;95;130;16;60;19;240;16;121;17414806;12866;12872;21320;12140;9174
2020-02-17;0;0;0;0;1;1000;7.0;7;0;1;1;1000;0;0;200;0;4719956;187;4701062;18707;3329009;1390760;3011143;1708626;34992;28414;6578;116293;5521;8694;10539;7278;16860;0;0;0;0;0;0;0;0;0;0;0;0;0;1000;0;230;105;108;130;1;70;21;220;1;80;53;12;95;11;46;12;53;53;566;12;32;30;12;10095;10144;24;10043;1;59;12;75;13;6;76;86;21;64;5;8;225;71;72;90;1;50;22;220;1;81;17414806;12866;12872;21320;12140;9174
2020-02-18;0;0;0;0;1;1000;7.0;7;0;1;1;1000;0;0;200;0;4719956;187;4701062;18707;3329009;1390760;3011143;1708626;34992;28414;6578;116293;5521;8694;10539;7278;16860;0;0;0;0;0;0;0;0;0;0;0;0;0;1000;0;237;96;99;120;18;70;8;190;19;77;51;23;93;12;47;24;57;56;676;19;50;43;23;10163;10190;10;10109;24;57;22;77;15;7;74;92;24;64;15;9;232;64;67;90;21;40;6;170;17;76;17414806;12866;12872;21320;12140;9174
2020-02-19;0;0;0;0;1;1000;7.0;7;0;1;1;1000;0;0;200;0;4719956;187;4701062;18707;3329009;1390760;3011143;1708626;34992;28414;6578;116293;5521;8694;10539;7278;16860;0;0;0;0;0;0;0;0;0;0;0;0;0;1000;0;258;69;82;110;11;50;19;160;12;64;53;7;79;13;42;12;38;37;575;45;11;3;23;10166;10195;15;10110;1;60;20;73;16;7;78;93;24;68;15;8;249;42;49;70;12;30;1;130;12;62;17414806;12866;12872;21320;12140;9174
2020-02-20;0;0;0;0;1;1000;7.0;7;0;1;1;1000;0;0;200;0;4719956;187;4701062;18707;3329009;1390760;3011143;1708626;34992;28414;6578;116293;5521;8694;10539;7278;16860;0;0;0;0;0;0;0;0;0;0;0;0;0;1000;0;230;79;96;110;10;80;1;240;21;79;44;21;99;12;39;24;1;1;272;59;90;41;18;10113;10169;24;10050;17;28;1;75;11;7;83;95;1;70;23;4;223;59;68;90;12;50;1;180;18;82;17414806;12866;12872;21320;12140;9174
2020-02-21;0;0;0;0;1;1000;7.0;7;0;1;1;1000;0;0;200;0;4719956;187;4701062;18707;3329009;1390760;3011143;1708626;34992;28414;6578;116293;5521;8694;10539;7278;16860;0;0;0;0;0;0;0;0;0;0;0;0;0;1000;0;240;96;100;130;24;70;5;200;24;77;50;2;94;24;40;6;30;29;514;0;0;0;1;10212;10232;11;10178;1;63;11;74;1;5;75;78;17;72;1;7;230;59;61;80;21;30;6;150;21;73;17414806;12866;12872;21320;12140;9174
2020-02-22;0;0;0;0;1;1000;7.0;7;0;1;1;1000;0;0;200;1;4719956;187;4701062;18707;3329009;1390760;3011143;1708626;34992;28414;6578;116293;5521;8694;10539;7278;16860;0;0;0;0;0;0;0;0;0;0;0;0;0;1000;0;235;121;123;160;13;70;23;230;13;94;75;6;121;14;69;12;11;11;340;42;24;11;21;10162;10191;24;10138;9;58;11;75;21;8;81;88;23;77;1;5;231;76;79;100;7;30;23;190;8;92;17414806;12866;12872;21320;12140;9174
2020-02-23;0;0;0;0;1;3;3;7;0;1;1;1000;0;0;200;1;4719956;187;4701062;18707;3329009;1390760;3011143;1708626;34992;28414;6578;116293;5521;8694;10539;7278;16860;0;0;0;0;0;0;0;0;0;0;1;0;0;3;0;262;90;101;170;11;30;8;270;11;83;51;24;119;12;39;24;7;7;248;90;261;63;8;10139;10226;24;10056;10;25;7;75;18;7;85;98;7;70;21;3;259;57;63;110;10;20;8;210;10;87;17414806;12866;12872;21320;12140;9174
2020-02-24;0;0;0;0;1;3;3;7;0;1;1;1000;0;0;200;1;4719956;187;4701062;18707;3329009;1390760;3011143;1708626;34992;28414;6578;116293;5521;8694;10539;7278;16860;0;0;0;0;0;0;0;0;0;0;1;0;0;3;0;227;80;92;160;15;30;2;250;14;76;36;2;109;20;21;6;0;0;129;73;106;38;14;10100;10227;1;10009;23;31;12;75;9;8;87;96;11;79;3;2;223;53;60;90;14;20;1;190;14;76;17414806;12866;12872;21320;12140;9174
2020-02-25;0;0;0;0;1;3;3;7;0;1;1;1000;0;0;200;1;4719956;187;4701062;18707;3329009;1390760;3011143;1708626;34992;28414;6578;116293;5521;8694;10539;7278;16860;0;0;0;0;0;0;0;0;0;0;1;0;0;3;0;253;74;78;110;10;40;19;170;8;63;28;22;93;1;13;24;66;63;735;28;47;27;22;9971;10013;1;9915;23;15;22;80;9;5;75;92;22;64;12;10;246;49;52;70;1;30;18;150;12;66;17414806;12866;12872;21320;12140;9174
2020-02-26;0;0;0;0;1;3;3;7;0;1;1;1000;0;0;200;1;4719956;187;4701062;18707;3329009;1390760;3011143;1708626;34992;28414;6578;116293;5521;8694;10539;7278;16860;1;0;0;0;0;0;0;0;0;0;1;0;0;3;0;292;38;49;90;15;10;3;140;15;40;13;24;68;13;3;24;32;30;475;44;86;22;23;9989;10048;23;9915;1;27;2;75;9;7;85;97;3;74;9;6;273;27;30;60;14;20;2;120;12;34;17414806;12866;12872;21320;12140;9174
2020-02-27;1;0;0;0;1;3;3;7;0;1;1;1000;0;0;200;1;4719956;187;4701062;18707;3329009;1390760;3011143;1708626;34992;28414;6578;116293;5521;8694;10539;7278;16860;1;0;0;0;0;0;0;0;0;0;1;0;0;3;0;236;18;46;70;20;10;15;120;19;31;12;1;50;23;1;6;9;8;228;83;46;9;15;10018;10106;24;9955;13;59;17;75;21;7;87;94;1;70;21;3;202;12;27;40;5;10;15;100;20;27;17414806;12866;12872;21320;12140;9174
2020-02-28;1;0;0;0;1;3;3;7;0;1;1;1000;0;0;200;1;4719956;187;4701062;18707;3329009;1390760;3011143;1708626;34992;28414;6578;116293;5521;8694;10539;7278;16860;1;1;0;0;0;0;0;0;0;0;1;0;0;3;0;195;60;71;110;16;40;1;180;18;49;23;3;92;24;9;6;12;11;458;75;120;26;18;10086;10148;8;9966;24;50;20;80;12;7;84;96;21;69;12;6;194;46;50;80;16;20;2;160;17;46;17414806;12866;12872;21320;12140;9174
2020-02-29;6;0;0;0;1;3;3;7;0;1;1;1000;0;0;200;1;4719956;187;4701062;18707;3329009;1390760;3011143;1708626;34992;28414;6578;116293;5521;8694;10539;7278;16860;1;0;1;0;0;0;0;0;0;0;1;0;0;3;0;208;101;109;130;14;90;3;210;14;84;49;22;121;11;41;24;37;34;543;14;16;8;14;9890;9962;1;9817;13;59;12;81;17;6;77;89;1;63;17;8;208;70;75;100;21;50;5;280;14;87;17414806;12866;12872;21320;12140;9174
2020-03-01;10;0;0;0;1;3;3;5;0;1;1;1000;0;0;300;1;2476512;140;2463712;12660;1641935;834437;1498230;978142;25155;19850;5305;120481;9600;8370;7213;9342;20476;1;0;0;0;0;0;0;0;0;0;1;0;0;3;0;210;95;96;130;2;50;19;200;2;61;38;24;91;12;27;24;57;53;885;2;1;1;14;9902;9910;14;9891;6;57;14;80;13;6;78;89;24;67;13;12;218;67;67;90;2;30;18;180;10;66;17423980;13598;16202;15740;12910;126
2020-03-02;18;0;0;0;1;3;3;5;0;1;1;1000;0;0;300;0;2476512;140;2463712;12660;1641935;834437;1498230;978142;25155;19850;5305;120481;9600;8370;7213;9342;20476;1;0;0;0;0;0;0;0;0;0;1;0;0;3;0;200;24;45;60;4;30;14;90;4;50;18;23;77;14;-2;24;0;0;253;92;54;13;15;9902;9963;24;9875;13;45;9;70;1;7;91;95;9;84;21;3;195;20;31;50;1;10;16;90;8;55;17423980;13598;16202;15740;12910;126
2020-03-03;24;0;0;0;1;3;3;5;0;1;1;1000;0;0;300;0;2476512;140;2463712;12660;1641935;834437;1498230;978142;25155;19850;5305;120481;9600;8370;7213;9342;20476;1;0;0;0;0;0;0;0;0;0;1;0;0;3;0;226;42;48;90;17;20;20;140;17;45;-3;6;92;14;-16;6;75;68;969;18;14;5;23;10017;10071;24;9968;1;64;23;80;13;4;84;94;2;65;14;12;223;30;33;60;12;10;19;100;12;44;17423980;13598;16202;15740;12910;126
2020-03-04;38;0;0;0;1;3;3;5;0;1;1;1000;0;0;300;0;2476512;140;2463712;12660;1641935;834437;1498230;978142;25155;19850;5305;120481;9600;8370;7213;9342;20476;1;0;0;0;0;0;0;0;0;0;1;0;0;3;0;245;27;38;70;12;10;19;100;12;64;33;2;96;13;8;24;84;76;1033;16;9;5;24;10083;10101;11;10053;24;39;3;80;14;7;80;96;2;59;14;14;228;19;26;40;9;10;18;100;12;65;17423980;13598;16202;15740;12910;126
2020-03-05;82;0;0;0;1;3;3;5;0;1;1;1000;0;0;300;0;2476512;140;2463712;12660;1641935;834437;1498230;978142;25155;19850;5305;120481;9600;8370;7213;9342;20476;1;0;0;0;0;0;0;0;0;0;1;0;0;3;0;75;52;55;70;15;20;1;110;16;58;44;2;70;13;38;6;0;0;361;88;74;14;21;9950;10045;1;9891;22;59;1;75;15;8;88;96;2;80;15;5;73;39;42;60;14;20;1;100;14;55;17423980;13598;16202;15740;12910;126
2020-03-06;128;1;0;0;1;3;3;5;0;1;1;1000;0;0;300;0;2476512;140;2463712;12660;1641935;834437;1498230;978142;25155;19850;5305;120481;9600;8370;7213;9342;20476;1;0;0;0;0;0;0;0;0;0;1;0;0;3;0;340;47;50;70;15;20;23;110;15;64;24;24;96;14;1;24;31;28;796;37;27;13;1;10001;10115;24;9895;1;57;4;75;10;7;82;93;1;72;10;11;344;39;40;60;11;10;24;100;9;62;17423980;13598;16202;15740;12910;126
2020-03-07;188;1;0;0;1;3;3;5;0;1;1;1000;0;0;300;0;2476512;140;2463712;12660;1641935;834437;1498230;978142;25155;19850;5305;120481;9600;8370;7213;9342;20476;1;0;0;0;0;0;0;0;0;0;1;0;0;3;0;221;51;56;80;12;20;4;120;13;68;9;6;112;13;-25;6;73;65;1070;0;-1;-1;1;10153;10170;12;10123;1;65;21;82;15;4;76;90;4;54;12;14;220;38;41;60;13;10;3;120;14;66;17423980;13598;16202;15740;12910;126
2020-03-08;265;3;0;0;1;3;3;5;0;1;1;1000;0;0;300;0;2476512;140;2463712;12660;1641935;834437;1498230;978142;25155;19850;5305;120481;9600;8370;7213;9342;20476;1;0;0;0;0;0;0;0;0;0;1;0;0;3;0;204;80;82;110;9;50;19;160;10;88;70;20;109;16;60;24;8;7;354;23;109;64;20;10080;10128;1;10060;18;50;19;74;16;8;85;93;19;80;8;5;200;54;55;70;10;40;18;150;11;87;17423980;13598;16202;15740;12910;126
2020-03-09;321;3;0;0;1;3;3;5;0;1;1;1000;0;0;300;0;2476512;140;2463712;12660;1641935;834437;1498230;978142;25155;19850;5305;120481;9600;8370;7213;9342;20476;1;0;0;0;0;0;0;0;0;0;1;0;0;3;0;237;62;67;100;24;40;3;150;24;78;59;3;106;12;48;6;54;47;946;20;22;16;24;10100;10131;17;10059;24;60;3;75;10;7;82;92;3;69;12;13;229;42;45;70;24;30;7;130;24;78;17423980;13598;16202;15740;12910;126
2020-03-10;382;4;0;0;1;3;3;5;0;1;1;1000;0;0;300;0;2476512;140;2463712;12660;1641935;834437;1498230;978142;25155;19850;5305;120481;9600;8370;7213;9342;20476;1;0;0;1;0;0;0;0;0;0;1;0;0;3;0;236;106;110;140;19;70;24;210;21;105;66;1;124;16;61;6;0;0;251;138;111;26;1;10026;10069;24;10009;4;35;2;67;14;8;91;96;4;86;23;4;234;66;70;80;1;50;23;160;17;101;17423980;13598;16202;15740;12910;126
2020-03-11;503;5;0;0;1;3;3;5;0;1;1;1000;0;0;300;0;2476512;140;2463712;12660;1641935;834437;1498230;978142;25155;19850;5305;120481;9600;8370;7213;9342;20476;1;0;0;1;1;0;0;0;0;0;1;0;0;3;0;237;74;77;120;23;30;3;190;20;108;91;7;131;13;85;12;59;51;1099;52;35;11;2;10082;10110;11;10036;24;45;22;80;13;8;84;96;2;66;13;16;234;48;49;80;23;20;3;160;23;110;17423980;13598;16202;15740;12910;126
2020-03-12;503;5;0;0;1;3;3;5;0;1;1;1000;0;0;300;0;2476512;140;2463712;12660;1641935;834437;1498230;978142;25155;19850;5305;120481;9600;8370;7213;9342;20476;1;0;0;1;1;0;0;0;0;0;1;1;0;3;0;245;118;122;140;3;100;18;240;15;86;51;15;114;1;47;18;92;79;1281;2;2;2;15;10074;10103;12;10025;3;62;19;81;6;4;66;81;3;52;10;18;243;71;73;80;1;60;18;190;5;84;17423980;13598;16202;15740;12910;126
2020-03-13;804;10;0;0;1;3;3;5;0;1;1;1000;0;0;300;0;2476512;140;2463712;12660;1641935;834437;1498230;978142;25155;19850;5305;120481;9600;8370;7213;9342;20476;1;0;0;1;1;1;0;0;0;0;1;1;0;3;0;271;63;70;120;1;10;20;190;1;68;13;24;95;11;-15;24;28;24;737;11;14;5;3;10158;10210;23;10086;2;57;9;75;13;7;79;93;24;70;1;10;257;39;42;70;2;10;19;150;11;66;17423980;13598;16202;15740;12910;126
2020-03-14;959;12;2;0;1;3;3;5;0;1;1;1000;0;0;300;0;2476512;140;2463712;12660;1641935;834437;1498230;978142;25155;19850;5305;120481;9600;8370;7213;9342;20476;1;0;0;1;1;1;0;0;0;0;1;1;0;3;0;163;51;55;80;13;20;1;120;14;70;5;2;120;15;-18;6;55;47;1057;6;2;1;21;10179;10207;1;10145;24;9;6;82;16;7;83;98;6;56;15;14;172;39;41;60;12;10;1;110;13;67;17423980;13598;16202;15740;12910;126
2020-03-15;1135;20;2;1;1;3;3;8;0;1;1;1000;0;0;300;0;2476512;140;2463712;12660;1641935;834437;1498230;978142;25155;19850;5305;120481;9600;8370;7213;9342;20476;1;0;0;1;1;1;0;0;0;0;1;1;0;3;0;193;62;65;100;11;30;21;160;12;94;79;1;112;11;69;24;3;3;352;0;-1;-1;1;10116;10141;1;10101;17;60;7;75;10;8;80;90;1;70;18;5;189;46;47;80;12;20;22;140;11;96;17423980;13598;16202;15740;12910;126
2020-03-16;1413;24;2;1;5;3;7.0;8;1;1;1;30;1;1;300;0;2476512;140;2463712;12660;1641935;834437;1498230;978142;25155;19850;5305;120481;9600;8370;7213;9342;20476;1;0;0;1;1;1;1;1;0;0;1;1;0;3;0;267;25;27;40;1;10;3;80;1;71;28;4;117;13;5;6;67;57;1183;0;0;0;1;10202;10260;24;10123;1;47;3;78;13;4;85;98;4;65;12;16;291;14;18;30;12;10;4;60;14;75;17423980;13598;16202;15740;12910;126
2020-03-17;1705;43;2;1;5;3;7.0;8;1;1;1;30;1;1;300;0;2476512;140;2463712;12660;1641935;834437;1498230;978142;25155;19850;5305;120481;9600;8370;7213;9342;20476;1;0;0;1;1;1;1;1;0;0;1;1;0;3;0;217;57;58;90;15;30;1;120;14;83;25;1;133;15;3;6;70;59;1168;0;0;0;1;10274;10288;12;10258;3;56;2;83;16;7;71;97;2;44;16;16;221;40;40;60;11;20;1;100;11;86;17423980;13598;16202;15740;12910;126
2020-03-18;2051;58;2;1;5;3;7.0;8;1;1;1;30;1;1;300;0;2476512;140;2463712;12660;1641935;834437;1498230;978142;25155;19850;5305;120481;9600;8370;7213;9342;20476;1;0;0;1;1;1;1;1;0;0;1;1;0;3;1;231;58;61;80;10;40;23;130;10;98;64;3;120;15;51;6;15;13;565;0;0;0;1;10250;10257;1;10242;19;56;24;83;1;8;77;95;24;57;1;8;228;39;40;60;10;20;19;110;10;105;17423980;13598;16202;15740;12910;126
2020-03-19;2460;76;2;1;5;3;7.0;8;1;1;1;30;1;1;300;0;2476512;140;2463712;12660;1641935;834437;1498230;978142;25155;19850;5305;120481;9600;8370;7213;9342;20476;1;0;0;1;1;1;1;1;0;0;1;1;0;3;1;40;34;41;60;15;20;3;90;16;82;73;24;97;13;69;24;6;5;570;0;-1;-1;1;10260;10269;10;10245;1;2;3;75;14;8;86;99;1;74;15;8;27;23;26;40;15;0;5;80;17;85;17423980;13598;16202;15740;12910;126
2020-03-20;2994;106;2;1;5;3;7.0;8;1;1;1;30;1;1;300;0;2476512;140;2463712;12660;1641935;834437;1498230;978142;25155;19850;5305;120481;9600;8370;7213;9342;20476;1;0;0;1;1;1;1;1;0;0;1;1;0;3;1;39;61;62;80;15;40;1;130;15;69;49;24;88;14;39;24;11;9;566;0;0;0;1;10283;10300;21;10264;4;67;6;80;15;7;77;87;24;64;15;8;32;45;46;60;11;30;1;130;15;67;17423980;13598;16202;15740;12910;126
2020-03-21;3631;136;2;1;5;3;7.0;8;1;1;1;30;1;1;300;0;2476512;140;2463712;12660;1641935;834437;1498230;978142;25155;19850;5305;120481;9600;8370;7213;9342;20476;1;0;0;1;1;1;1;1;0;0;1;1;0;3;1;73;77;78;100;14;60;1;150;13;53;15;6;94;13;4;6;111;91;1714;0;0;0;1;10293;10304;5;10275;16;70;1;83;3;1;60;85;1;49;17;22;69;61;63;90;13;40;4;150;14;46;17423980;13598;16202;15740;12910;126
2020-03-22;4204;179;2;1;5;3;7.0;8;1;1;1;30;1;1;300;0;2476512;140;2463712;12660;1641935;834437;1498230;978142;25155;19850;5305;120481;9600;8370;7213;9342;20476;1;0;0;1;1;1;1;1;0;0;1;1;0;3;1;91;65;66;80;9;50;4;130;14;50;5;6;101;15;-6;6;111;91;1799;0;0;0;1;10309;10323;23;10298;3;80;4;83;1;0;51;67;5;34;15;23;88;61;62;80;11;40;3;130;13;46;17423980;13598;16202;15740;12910;126
2020-03-23;4749;213;2;1;7;3;7.0;8;1;1;1;30;1;1;300;0;2476512;140;2463712;12660;1641935;834437;1498230;978142;25155;19850;5305;120481;9600;8370;7213;9342;20476;1;0;0;1;1;1;1;1;1;0;1;1;0;3;1;117;57;58;80;9;40;1;120;9;48;-3;6;102;16;-15;6;113;92;1800;0;0;0;1;10318;10332;8;10303;17;80;13;83;1;0;45;62;5;30;15;23;122;57;58;80;8;30;19;130;9;47;17423980;13598;16202;15740;12910;126
2020-03-24;5560;276;2;1;7;3;7.0;8;1;1;1;30;1;1;300;0;2476512;140;2463712;12660;1641935;834437;1498230;978142;25155;19850;5305;120481;9600;8370;7213;9342;20476;1;0;0;1;1;1;1;1;1;0;1;1;0;3;1;133;49;50;70;11;30;20;110;11;58;4;6;111;14;-23;6;115;93;1800;0;0;0;1;10300;10318;7;10282;17;80;11;83;1;2;42;56;5;31;15;23;130;43;45;70;14;20;21;120;14;49;17423980;13598;16202;15740;12910;126
2020-03-25;6412;356;3;1;7;3;7.0;8;1;1;1;30;1;1;300;0;2476512;140;2463712;12660;1641935;834437;1498230;978142;25155;19850;5305;120481;9600;8370;7213;9342;20476;1;0;0;1;1;1;1;1;1;0;1;1;1;3;1;88;40;46;70;21;30;1;110;22;63;-3;4;120;15;-36;6;115;92;1837;0;0;0;1;10268;10291;8;10244;17;78;8;83;1;2;42;59;1;29;15;24;85;34;39;60;16;10;1;100;16;55;17423980;13598;16202;15740;12910;126
2020-03-26;7431;434;3;1;7;3;7.0;8;1;1;1;30;1;1;300;0;2476512;140;2463712;12660;1641935;834437;1498230;978142;25155;19850;5305;120481;9600;8370;7213;9342;20476;1;0;0;1;1;1;1;1;1;0;1;1;1;3;1;65;51;53;80;14;30;6;120;14;66;10;6;107;15;-16;6;115;92;1800;0;0;0;1;10239;10251;8;10226;16;71;10;83;2;1;46;63;24;36;11;24;69;47;48;70;11;30;1;120;16;66;17423980;13598;16202;15740;12910;126
2020-03-27;8603;546;3;1;7;3;7.0;8;1;1;1;30;1;1;300;0;2476512;140;2463712;12660;1641935;834437;1498230;978142;25155;19850;5305;120481;9600;8370;7213;9342;20476;1;0;0;1;1;1;1;1;1;0;1;1;1;3;1;43;65;66;90;15;40;1;130;13;82;37;6;137;16;22;6;117;93;1695;0;0;0;1;10221;10232;1;10201;16;63;19;75;15;0;61;73;23;41;13;24;38;47;47;70;16;30;1;130;13;85;17423980;13598;16202;15740;12910;126
2020-03-28;9762;639;3;1;7;3;7.0;8;1;1;1;30;1;1;300;0;2476512;140;2463712;12660;1641935;834437;1498230;978142;25155;19850;5305;120481;9600;8370;7213;9342;20476;1;0;0;1;1;1;1;1;1;0;1;1;1;3;1;25;71;73;90;14;60;3;150;15;73;42;23;111;13;31;24;108;85;1703;0;-1;-1;1;10260;10291;22;10227;1;60;6;74;13;3;69;78;5;58;11;23;17;57;58;80;15;30;1;150;23;74;17423980;13598;16202;15740;12910;126
2020-03-29;10866;771;250;1;7;3;7.0;8;1;1;1;30;1;1;300;0;2476512;140;2463712;12660;1641935;834437;1498230;978142;25155;19850;5305;120481;9600;8370;7213;9342;20476;1;0;0;1;1;1;1;1;1;0;1;1;1;3;1;20;81;83;120;10;20;24;200;11;45;-12;24;74;12;-39;24;116;91;1869;1;1;1;1;10330;10367;20;10286;2;64;4;83;17;3;54;79;4;34;15;23;17;66;67;100;9;20;24;180;9;47;17423980;13598;16202;15740;12910;126
2020-03-30;11750;864;250;1;7;3;7.0;8;1;1;1;30;1;1;300;0;2476512;140;2463712;12660;1641935;834437;1498230;978142;25155;19850;5305;120481;9600;8370;7213;9342;20476;1;0;0;1;1;1;1;1;1;0;1;1;1;3;1;333;30;35;70;14;10;3;120;17;43;-21;1;95;13;-58;6;47;37;1085;11;12;8;18;10308;10355;1;10280;16;62;9;80;15;6;78;89;24;62;13;13;338;19;23;40;11;10;1;120;17;38;17423980;13598;16202;15740;12910;126
2020-03-31;12595;1039;250;1;7;3;7.0;8;1;1;1;30;1;1;300;0;2476512;140;2463712;12660;1641935;834437;1498230;978142;25155;19850;5305;120481;9600;8370;7213;9342;20476;1;0;0;1;1;1;1;1;1;0;1;1;1;3;1;45;40;41;60;8;10;24;110;11;45;11;5;85;15;-36;24;119;92;1974;0;0;0;1;10307;10329;9;10276;24;70;1;83;7;0;63;88;1;45;13;25;28;32;33;50;9;10;24;90;9;41;17423980;13598;16202;15740;12910;126
2020-04-01;13614;1173;250;1;7;3;7.0;8;1;1;1;30;1;1;400;0;126877;862;123257;2758;67684;58331;64573;61442;4242;2046;2196;93255;8656;7609;4235;8250;16580;1;0;0;1;1;1;1;1;1;0;1;1;1;3;1;265;19;24;40;13;10;1;70;13;41;-17;2;91;13;-59;6;25;19;947;0;0;0;1;10220;10270;1;10172;24;65;2;83;10;6;77;93;6;61;10;12;307;14;16;30;13;0;3;100;13;39;17423980;13598;16202;15740;12910;126
2020-04-02;14697;1339;250;1;7;3;7.0;8;1;1;1;30;1;1;400;0;126877;862;123257;2758;67684;58331;64573;61442;4242;2046;2196;93255;8656;7609;4235;8250;16580;1;0;0;1;1;1;1;1;1;0;1;1;1;3;1;248;59;61;100;12;20;2;130;12;79;34;1;115;11;20;6;50;38;1347;0;-1;-1;1;10128;10168;1;10104;18;63;19;81;10;7;75;88;1;52;11;19;244;35;37;70;15;10;1;120;17;70;17423980;13598;16202;15740;12910;126
2020-04-03;15723;1487;250;1;7;3;7.0;8;1;1;1;30;1;1;400;0;126877;862;123257;2758;67684;58331;64573;61442;4242;2046;2196;93255;8656;7609;4235;8250;16580;1;0;0;1;1;1;1;1;1;0;1;1;1;3;1;287;30;36;80;15;10;4;110;14;64;10;24;99;10;-24;24;34;26;1071;6;19;19;8;10166;10212;24;10111;1;60;5;81;15;6;76;93;4;51;14;14;294;21;25;50;12;10;5;110;14;66;17423980;13598;16202;15740;12910;126
2020-04-04;16627;1651;250;1;7;3;7.0;8;1;1;1;30;1;1;400;0;126877;862;123257;2758;67684;58331;64573;61442;4242;2046;2196;93255;8656;7609;4235;8250;16580;1;0;0;1;1;1;1;1;1;0;1;1;1;3;1;157;36;40;70;13;20;3;100;12;89;14;1;148;15;-11;6;108;82;1994;0;0;0;1;10231;10246;10;10215;1;70;1;83;18;2;55;87;1;36;13;28;147;28;32;60;13;20;1;100;13;73;17423980;13598;16202;15740;12910;126
2020-04-05;17851;1766;250;1;7;3;7.0;8;1;1;1;30;1;1;400;0;126877;862;123257;2758;67684;58331;64573;61442;4242;2046;2196;93255;8656;7609;4235;8250;16580;1;0;0;1;1;1;1;1;1;0;1;1;1;3;1;130;61;62;90;12;40;1;130;11;134;52;5;197;15;33;6;123;93;2063;0;0;0;1;10191;10228;1;10154;23;71;7;83;1;0;45;67;4;30;15;33;130;50;50;80;13;20;1;130;13;126;17423980;13598;16202;15740;12910;126
2020-04-06;18803;1867;250;1;7;3;7.0;8;1;1;1;30;1;1;400;0;126877;862;123257;2758;67684;58331;64573;61442;4242;2046;2196;93255;8656;7609;4235;8250;16580;1;0;0;1;1;1;1;1;1;0;1;1;1;3;1;214;40;57;100;15;20;23;140;14;131;64;24;218;13;23;24;87;66;1734;0;-1;-1;1;10194;10274;24;10147;4;57;24;82;1;2;63;94;24;37;12;27;205;25;39;50;10;20;21;110;17;143;17423980;13598;16202;15740;12910;126
2020-04-07;19580;2101;250;1;7;3;7.0;8;1;1;1;30;1;1;400;0;126877;862;123257;2758;67684;58331;64573;61442;4242;2046;2196;93255;8656;7609;4235;8250;16580;1;0;0;1;1;1;1;1;1;0;1;1;1;3;1;75;25;30;50;15;0;3;80;17;123;45;5;184;13;-2;6;121;91;2022;0;0;0;1;10299;10323;10;10278;1;3;3;82;19;5;68;98;2;41;12;31;89;25;26;40;10;0;3;110;14;122;17423980;13598;16202;15740;12910;126
2020-04-08;20549;2248;250;1;7;3;7.0;8;1;1;1;30;1;1;400;0;126877;862;123257;2758;67684;58331;64573;61442;4242;2046;2196;93255;8656;7609;4235;8250;16580;1;0;0;1;1;1;1;1;1;1;1;1;1;3;1;42;21;22;40;17;10;3;60;17;148;70;5;221;15;26;6;113;84;1886;0;0;0;1;10247;10273;1;10229;16;59;21;75;1;4;65;84;23;43;14;31;32;9;17;30;16;10;3;60;17;150;17423980;13598;16202;15740;12910;126
2020-04-09;21762;2396;250;1;7;3;7.0;8;1;1;1;30;1;1;400;0;126877;862;123257;2758;67684;58331;64573;61442;4242;2046;2196;93255;8656;7609;4235;8250;16580;1;0;0;1;1;1;1;1;1;0;1;1;1;3;1;45;25;28;50;17;10;1;90;21;131;66;4;196;14;17;6;107;79;1950;0;0;0;1;10261;10281;23;10241;1;57;3;78;10;3;68;93;3;41;11;31;31;25;28;50;16;10;2;90;14;133;17423980;13598;16202;15740;12910;126
2020-04-10;23097;2511;250;1;7;3;7.0;8;1;1;1;30;1;1;400;0;126877;862;123257;2758;67684;58331;64573;61442;4242;2046;2196;93255;8656;7609;4235;8250;16580;1;0;0;1;1;1;1;1;1;0;1;1;1;3;1;63;38;39;50;6;30;1;70;6;107;51;5;163;13;28;6;127;94;2030;0;0;0;1;10271;10284;7;10258;17;66;2;83;18;6;61;85;5;39;16;30;45;26;28;40;15;20;1;70;18;115;17423980;13598;16202;15740;12910;126
2020-04-11;24413;2643;250;1;7;3;7.0;8;1;1;1;30;1;1;400;0;126877;862;123257;2758;67684;58331;64573;61442;4242;2046;2196;93255;8656;7609;4235;8250;16580;1;0;0;1;1;1;1;1;1;0;1;1;1;3;1;100;18;23;40;3;0;22;60;3;131;56;5;210;16;17;24;127;93;2132;0;0;0;1;10232;10259;1;10194;24;75;5;83;1;6;51;72;24;27;15;34;91;11;18;30;1;0;20;50;1;122;17423980;13598;16202;15740;12910;126
2020-04-12;25587;2737;250;1;7;3;7.0;8;1;1;1;30;1;1;400;0;126877;862;123257;2758;67684;58331;64573;61442;4242;2046;2196;93255;8656;7609;4235;8250;16580;1;0;0;1;1;1;1;1;1;0;1;1;1;3;1;287;11;30;60;23;10;1;100;23;137;59;4;223;13;10;6;78;57;1621;0;0;0;1;10152;10186;1;10127;17;57;21;80;8;5;63;88;4;39;10;26;241;4;20;40;12;0;1;80;15;140;17423980;13598;16202;15740;12910;126
2020-04-13;26551;2823;250;1;7;3;7.0;8;1;1;1;30;1;1;400;0;126877;862;123257;2758;67684;58331;64573;61442;4242;2046;2196;93255;8656;7609;4235;8250;16580;1;0;0;1;1;1;1;1;1;0;1;1;1;3;1;17;67;69;90;6;40;24;150;3;75;56;24;104;15;46;24;54;39;1555;0;-1;-1;1;10241;10273;22;10172;1;66;2;81;24;7;57;77;2;42;14;21;12;57;58;70;3;30;22;150;6;78;17423980;13598;16202;15740;12910;126
2020-04-14;27419;2945;250;1;7;3;7.0;8;1;1;1;30;1;1;400;0;126877;862;123257;2758;67684;58331;64573;61442;4242;2046;2196;93255;8656;7609;4235;8250;16580;1;0;0;1;1;1;1;1;1;0;1;1;1;3;1;344;31;32;50;3;0;23;90;2;63;28;24;96;15;-17;24;25;18;1102;0;0;0;1;10275;10284;10;10265;24;75;3;83;17;7;65;79;22;54;14;15;356;21;23;40;14;0;24;100;12;60;17423980;13598;16202;15740;12910;126
2020-04-15;28153;3134;250;1;7;3;7.0;8;1;1;1;30;1;1;400;0;126877;862;123257;2758;67684;58331;64573;61442;4242;2046;2196;93255;8656;7609;4235;8250;16580;1;0;0;1;1;1;1;1;1;0;1;1;1;3;1;306;6;20;40;16;0;3;60;16;84;12;4;154;14;-29;6;114;82;2086;0;0;0;1;10235;10263;1;10191;24;62;24;79;12;3;69;92;3;40;13;29;117;6;15;30;8;0;1;60;12;85;17423980;13598;16202;15740;12910;126
2020-04-16;29214;3315;250;1;7;3;7.0;8;1;1;1;30;1;1;400;0;126877;862;123257;2758;67684;58331;64573;61442;4242;2046;2196;93255;8656;7609;4235;8250;16580;1;0;0;1;1;1;1;1;1;0;1;1;1;3;1;56;44;45;80;22;10;1;120;21;126;51;3;190;16;4;6;126;90;2095;0;0;0;1;10173;10189;1;10160;17;57;3;80;24;6;64;94;2;41;12;33;40;20;27;60;21;10;2;120;21;130;17423980;13598;16202;15740;12910;126
2020-04-17;30449;3459;250;1;7;3;7.0;8;1;1;1;30;1;1;400;0;126877;862;123257;2758;67684;58331;64573;61442;4242;2046;2196;93255;8656;7609;4235;8250;16580;1;0;0;1;1;1;1;1;1;0;1;1;1;3;1;52;63;64;80;8;60;1;110;1;101;68;5;150;15;56;6;129;92;2215;0;0;0;1;10182;10200;7;10168;18;67;7;80;1;2;66;80;22;50;14;33;45;42;43;50;2;30;21;90;7;109;17423980;13598;16202;15740;12910;126
2020-04-18;31589;3601;250;1;7;3;7.0;8;1;1;1;30;1;1;400;0;126877;862;123257;2758;67684;58331;64573;61442;4242;2046;2196;93255;8656;7609;4235;8250;16580;1;0;0;1;1;1;1;1;1;0;1;1;1;3;1;33;32;37;60;1;10;13;100;1;114;67;3;151;12;54;6;17;12;1016;16;5;4;19;10166;10175;24;10161;3;65;6;80;23;7;72;85;3;57;13;15;12;15;25;40;1;10;12;80;1;111;17423980;13598;16202;15740;12910;126
2020-04-19;32655;3684;250;1;7;3;7.0;8;1;1;1;30;1;1;400;0;126877;862;123257;2758;67684;58331;64573;61442;4242;2046;2196;93255;8656;7609;4235;8250;16580;1;0;0;1;1;1;1;1;1;0;1;1;1;3;1;57;67;68;80;8;50;1;130;12;122;74;6;171;14;58;6;132;93;2383;0;0;0;1;10195;10214;24;10174;1;80;1;83;6;1;46;67;2;27;16;37;60;44;47;70;11;20;1;120;10;125;17423980;13598;16202;15740;12910;126
2020-04-20;33405;3751;250;1;7;3;7.0;8;1;1;1;30;1;1;400;0;126877;862;123257;2758;67684;58331;64573;61442;4242;2046;2196;93255;8656;7609;4235;8250;16580;1;0;0;1;1;1;1;1;1;0;1;1;1;3;1;73;82;82;100;14;60;4;180;13;127;63;5;181;15;47;6;132;93;2409;0;0;0;1;10199;10216;6;10174;16;73;16;83;1;0;41;56;5;29;14;38;73;69;70;100;16;40;5;170;18;127;17423980;13598;16202;15740;12910;126
2020-04-21;34134;3916;0;1;7;3;7.0;8;1;1;1;30;1;1;400;0;126877;862;123257;2758;67684;58331;64573;61442;4242;2046;2196;93255;8656;7609;4235;8250;16580;1;0;0;1;1;1;1;1;1;0;1;1;1;3;1;75;81;82;110;12;60;20;180;14;138;82;5;192;16;68;6;132;93;2400;0;0;0;1;10190;10202;24;10173;16;73;13;83;1;0;43;59;6;31;14;39;75;73;74;100;10;50;20;160;11;139;17423980;13598;16202;15740;12910;126
2020-04-22;34842;4054;0;1;7;3;7.0;8;1;1;1;30;1;1;400;0;126877;862;123257;2758;67684;58331;64573;61442;4242;2046;2196;93255;8656;7609;4235;8250;16580;1;0;0;1;1;1;1;1;1;0;1;1;1;3;1;73;65;65;90;10;40;23;140;14;152;95;5;210;15;78;6;133;93;2435;0;0;0;1;10208;10218;8;10194;17;74;12;83;1;0;44;59;24;28;17;40;76;56;56;70;10;30;22;130;14;152;17423980;13598;16202;15740;12910;126
2020-04-23;35729;4177;0;1;7;3;7.0;8;1;1;1;30;1;1;400;0;126877;862;123257;2758;67684;58331;64573;61442;4242;2046;2196;93255;8656;7609;4235;8250;16580;1;0;0;1;1;1;1;1;1;0;1;1;1;3;1;72;27;30;50;1;20;11;80;12;156;80;4;227;14;53;6;133;92;2393;0;0;0;1;10190;10214;6;10155;24;68;23;83;1;5;51;72;3;30;15;40;83;14;28;40;1;10;24;70;12;158;17423980;13598;16202;15740;12910;126
2020-04-24;36535;4289;0;1;7;3;7.0;8;1;1;1;30;1;1;400;0;126877;862;123257;2758;67684;58331;64573;61442;4242;2046;2196;93255;8656;7609;4235;8250;16580;1;0;0;1;1;1;1;1;1;0;1;1;1;3;1;352;38;39;60;15;20;1;110;15;122;76;5;180;13;39;6;113;78;2305;0;0;0;1;10148;10156;23;10141;15;59;3;83;16;5;65;85;3;37;11;36;348;34;35;50;11;10;1;90;11;124;17423980;13598;16202;15740;12910;126
2020-04-25;37190;4409;0;1;7;3;7.0;8;1;1;1;30;1;1;400;0;126877;862;123257;2758;67684;58331;64573;61442;4242;2046;2196;93255;8656;7609;4235;8250;16580;1;0;0;1;1;1;1;1;1;0;1;1;1;3;1;360;32;33;50;2;20;11;80;1;91;35;24;133;13;5;24;50;34;1488;0;0;0;1;10149;10163;9;10137;17;70;24;82;6;5;66;87;24;54;12;21;351;25;28;40;13;10;6;90;15;98;17423980;13598;16202;15740;12910;126
2020-04-26;37845;4475;0;1;7;3;7.0;8;1;1;1;30;1;1;400;0;126877;862;123257;2758;67684;58331;64573;61442;4242;2046;2196;93255;8656;7609;4235;8250;16580;1;0;0;1;1;1;1;1;1;0;1;1;1;3;1;306;11;14;40;15;0;2;70;15;94;19;5;157;14;-16;6;100;69;2239;0;0;0;1;10122;10139;1;10100;24;62;4;81;14;1;73;94;3;51;13;32;336;9;15;30;16;0;22;60;12;90;17423980;13598;16202;15740;12910;126
2020-04-27;38245;4518;0;1;7;3;7.0;8;1;1;1;30;1;1;400;0;126877;862;123257;2758;67684;58331;64573;61442;4242;2046;2196;93255;8656;7609;4235;8250;16580;1;0;0;1;1;1;1;1;1;0;1;1;1;3;1;295;15;33;60;14;10;1;90;13;122;51;3;197;13;3;6;101;69;2181;0;0;0;1;10075;10098;1;10064;18;44;3;80;15;4;70;98;3;38;12;34;265;10;24;40;11;10;1;90;11;124;17423980;13598;16202;15740;12910;126
2020-04-28;38416;4566;0;1;7;3;7.0;8;1;1;1;30;1;1;400;0;126877;862;123257;2758;67684;58331;64573;61442;4242;2046;2196;93255;8656;7609;4235;8250;16580;1;0;0;1;1;1;1;1;1;0;1;1;1;3;1;41;47;48;60;9;30;1;100;9;91;77;24;106;14;73;6;0;0;422;68;29;5;8;10047;10066;1;10034;24;44;23;70;2;8;87;96;24;81;2;6;35;29;30;50;10;20;16;100;10;94;17423980;13598;16202;15740;12910;126
2020-04-29;38802;4711;0;1;7;3;7.0;8;1;1;1;30;1;1;400;0;126877;862;123257;2758;67684;58331;64573;61442;4242;2046;2196;93255;8656;7609;4235;8250;16580;1;0;0;1;1;1;1;1;1;0;1;1;1;3;1;214;25;39;60;11;0;6;130;21;109;77;3;153;16;76;6;28;19;1114;62;37;10;3;10027;10049;13;9999;24;42;6;80;14;8;84;97;3;61;15;17;209;28;33;60;22;10;1;130;22;117;17423980;13598;16202;15740;12910;126
2020-04-30;39316;4795;0;1;7;3;7.0;8;1;1;1;30;1;1;400;0;126877;862;123257;2758;67684;58331;64573;61442;4242;2046;2196;93255;8656;7609;4235;8250;16580;1;0;0;1;1;1;1;1;1;0;1;1;1;3;1;207;60;66;100;9;40;4;220;20;112;84;24;160;16;75;6;72;49;1669;19;32;12;20;9978;9996;10;9962;17;65;23;83;19;7;72;88;3;41;16;25;199;44;48;70;8;30;4;140;20;115;17423980;13598;16202;15740;12910;126
2020-05-01;39791;4893;0;1;5;3;7.0;8;1;1;1;30;1;1;500;0;126877;862;123257;2758;67684;58331;64573;61442;4242;2046;2196;93255;8656;7609;4235;8250;16580;1;0;0;1;1;1;1;1;1;0;1;1;1;3;1;238;62;70;100;13;40;22;150;9;105;82;7;143;14;76;6;49;33;1327;21;57;23;7;9987;10023;24;9969;1;58;10;80;14;8;80;90;7;67;13;20;231;37;43;70;11;20;20;140;10;105;17423980;13598;16202;15740;12910;126
2020-05-02;40236;4987;0;1;5;3;7.0;8;1;1;1;30;1;1;500;0;126877;862;123257;2758;67684;58331;64573;61442;4242;2046;2196;93255;8656;7609;4235;8250;16580;1;0;0;1;1;1;1;1;1;0;1;1;1;3;1;276;53;56;80;9;20;22;120;8;105;73;22;135;13;52;24;78;52;1833;10;14;9;5;10089;10146;24;10024;1;57;24;79;13;6;79;91;24;69;12;27;272;31;34;50;10;20;6;110;5;103;17423980;13598;16202;15740;12910;126
2020-05-03;40571;5056;0;1;5;3;7.0;8;1;1;1;30;1;1;500;0;126877;862;123257;2758;67684;58331;64573;61442;4242;2046;2196;93255;8656;7609;4235;8250;16580;1;0;0;1;1;1;1;1;1;0;1;1;1;3;1;353;8;23;50;14;10;2;90;14;115;57;5;161;14;24;6;51;34;1681;15;6;3;13;10169;10178;22;10148;1;15;5;82;15;7;76;98;3;54;15;26;281;3;17;30;14;10;4;70;14;110;17423980;13598;16202;15740;12910;126
2020-05-04;40770;5082;0;1;5;3;7.0;8;1;1;1;30;1;1;500;0;126877;862;123257;2758;67684;58331;64573;61442;4242;2046;2196;93255;8656;7609;4235;8250;16580;1;0;0;1;1;1;1;1;1;0;1;1;1;3;1;42;47;49;60;7;30;2;100;15;108;61;24;149;13;34;24;113;75;2514;0;-1;-1;1;10203;10236;23;10172;3;63;2;82;15;3;70;90;2;55;11;38;29;37;38;50;8;10;1;100;18;108;17423980;13598;16202;15740;12910;126
2020-05-05;41087;5168;0;1;5;3;7.0;8;1;1;1;30;1;1;500;0;126877;862;123257;2758;67684;58331;64573;61442;4242;2046;2196;93255;8656;7609;4235;8250;16580;1;0;0;1;1;1;1;1;1;0;1;1;1;3;1;45;44;46;70;9;20;5;110;19;93;42;5;138;14;19;6;137;91;2505;0;0;0;1;10230;10251;23;10223;15;70;23;82;8;1;64;83;23;45;14;36;37;35;36;50;8;10;4;100;8;92;17423980;13598;16202;15740;12910;126
2020-05-06;41319;5204;0;1;5;3;7.0;8;1;1;1;30;1;1;500;0;126877;862;123257;2758;67684;58331;64573;61442;4242;2046;2196;93255;8656;7609;4235;8250;16580;1;0;0;1;1;1;1;1;1;0;0;1;1;3;1;51;29;31;50;16;20;9;80;15;110;45;4;164;15;7;6;142;93;2665;0;0;0;1;10261;10267;21;10251;1;70;4;83;18;1;63;85;24;41;13;40;20;19;25;40;13;10;9;80;13;106;17423980;13598;16202;15740;12910;126
2020-05-07;41774;5288;0;1;5;3;7.0;8;1;1;1;30;1;1;500;0;126877;862;123257;2758;67684;58331;64573;61442;4242;2046;2196;93255;8656;7609;4235;8250;16580;1;0;0;1;1;1;1;1;1;0;0;1;1;3;1;28;6;14;40;16;0;5;70;15;124;40;4;195;14;2;6;141;92;2564;0;0;0;1;10234;10262;1;10205;24;59;24;79;8;4;66;95;4;39;17;40;42;8;14;40;18;0;5;60;17;120;17423980;13598;16202;15740;12910;126