Date,Unnamed: 0,Country/Region,Confirmed,Deaths,Recovered,start_date,lockdown_severity,leasure_shopping_prohibited,maximum_together,mentality_grade,government_performance,kindergarten_open_to_vital,highschool_open_to_vital,university_open_to_vital,going_out_for_dinner_prohibited_all,grocery_shopping_(supermarket)_prohibited_all,leaving_the_house_for_no_reason_prohibited_all,leisure_activities_like_cinemas_and_theatres_prohibited_all,ordering_food_prohibited_all,public_transportation_prohibited_all,sports_games_prohibited_all,hospital_open_to_vital,none_open_to_vital,none__open_to_vital,_closed_to_everyone,bars_closed_to_everyone,highschool_closed_to_everyone,kindergarten_closed_to_everyone,restaurants_closed_to_everyone,shops_other_than_supermarkets_closed_to_everyone,university_closed_to_everyone,protection_Not at all,protection_Only for any healthcare worker,protection_Only for hospital staff,protection_Sufficient for everyone,covid19_first_date,Population_2020,Density_KM2m,Urban_pop_pct,Health_Care_Index,hosp_beds_per_1000_2017,ICU-CCB_beds_per_100000,age_0_to_14_years_percent,age_15_to_64_years_percent,age_over_65_years_percent,sex_male_to_female_total,first_school_closure_date,airport_traffic_2018_thousands,gdp_usd_million,jan_temp,feb_temp,mar_temp,apr_temp,may_temp,jun_temp,july_temp,aug_temp,sept_temp,oct_temp,nov_temp,dec_temp,annual_temp
2020-01-22,1071,Netherlands,0,0,0,3/23/2020,5.0,0,3.0,7.0,8.0,1,1,0,1,0,1,1,0,0,1,0,0,0,1,1,1,0,1,0,1,1,0,0,0,2020-02-27 22:00:00,17134872.0,508,92%,74.65,3.32,6.4,16.4,64.8,18.8,0.98,2020-03-16 00:00:00,43996045.0,902355.0,1.99377499625,2.373549975,4.94500624938,7.5629125525,11.9835625294,14.721874953099999,16.5509375331,16.6398750544,13.895624995599999,10.3473501212,5.9162374725,3.49061252188,9.2017376425
2020-01-23,1072,Netherlands,0,0,0,3/23/2020,5.0,0,3.0,7.0,8.0,1,1,0,1,0,1,1,0,0,1,0,0,0,1,1,1,0,1,0,1,1,0,0,0,2020-02-27 22:00:00,17134872.0,508,92%,74.65,3.32,6.4,16.4,64.8,18.8,0.98,2020-03-16 00:00:00,43996045.0,902355.0,1.99377499625,2.373549975,4.94500624938,7.5629125525,11.9835625294,14.721874953099999,16.5509375331,16.6398750544,13.895624995599999,10.3473501212,5.9162374725,3.49061252188,9.2017376425
2020-01-24,1073,Netherlands,0,0,0,3/23/2020,5.0,0,3.0,7.0,8.0,1,1,0,1,0,1,1,0,0,1,0,0,0,1,1,1,0,1,0,1,1,0,0,0,2020-02-27 22:00:00,17134872.0,508,92%,74.65,3.32,6.4,16.4,64.8,18.8,0.98,2020-03-16 00:00:00,43996045.0,902355.0,1.99377499625,2.373549975,4.94500624938,7.5629125525,11.9835625294,14.721874953099999,16.5509375331,16.6398750544,13.895624995599999,10.3473501212,5.9162374725,3.49061252188,9.2017376425
2020-01-25,1074,Netherlands,0,0,0,3/23/2020,5.0,0,3.0,7.0,8.0,1,1,0,1,0,1,1,0,0,1,0,0,0,1,1,1,0,1,0,1,1,0,0,0,2020-02-27 22:00:00,17134872.0,508,92%,74.65,3.32,6.4,16.4,64.8,18.8,0.98,2020-03-16 00:00:00,43996045.0,902355.0,1.99377499625,2.373549975,4.94500624938,7.5629125525,11.9835625294,14.721874953099999,16.5509375331,16.6398750544,13.895624995599999,10.3473501212,5.9162374725,3.49061252188,9.2017376425
2020-01-26,1075,Netherlands,0,0,0,3/23/2020,5.0,0,3.0,7.0,8.0,1,1,0,1,0,1,1,0,0,1,0,0,0,1,1,1,0,1,0,1,1,0,0,0,2020-02-27 22:00:00,17134872.0,508,92%,74.65,3.32,6.4,16.4,64.8,18.8,0.98,2020-03-16 00:00:00,43996045.0,902355.0,1.99377499625,2.373549975,4.94500624938,7.5629125525,11.9835625294,14.721874953099999,16.5509375331,16.6398750544,13.895624995599999,10.3473501212,5.9162374725,3.49061252188,9.2017376425
2020-01-27,1076,Netherlands,0,0,0,3/23/2020,5.0,0,3.0,7.0,8.0,1,1,0,1,0,1,1,0,0,1,0,0,0,1,1,1,0,1,0,1,1,0,0,0,2020-02-27 22:00:00,17134872.0,508,92%,74.65,3.32,6.4,16.4,64.8,18.8,0.98,2020-03-16 00:00:00,43996045.0,902355.0,1.99377499625,2.373549975,4.94500624938,7.5629125525,11.9835625294,14.721874953099999,16.5509375331,16.6398750544,13.895624995599999,10.3473501212,5.9162374725,3.49061252188,9.2017376425
2020-01-28,1077,Netherlands,0,0,0,3/23/2020,5.0,0,3.0,7.0,8.0,1,1,0,1,0,1,1,0,0,1,0,0,0,1,1,1,0,1,0,1,1,0,0,0,2020-02-27 22:00:00,17134872.0,508,92%,74.65,3.32,6.4,16.4,64.8,18.8,0.98,2020-03-16 00:00:00,43996045.0,902355.0,1.99377499625,2.373549975,4.94500624938,7.5629125525,11.9835625294,14.721874953099999,16.5509375331,16.6398750544,13.895624995599999,10.3473501212,5.9162374725,3.49061252188,9.2017376425
2020-01-29,1078,Netherlands,0,0,0,3/23/2020,5.0,0,3.0,7.0,8.0,1,1,0,1,0,1,1,0,0,1,0,0,0,1,1,1,0,1,0,1,1,0,0,0,2020-02-27 22:00:00,17134872.0,508,92%,74.65,3.32,6.4,16.4,64.8,18.8,0.98,2020-03-16 00:00:00,43996045.0,902355.0,1.99377499625,2.373549975,4.94500624938,7.5629125525,11.9835625294,14.721874953099999,16.5509375331,16.6398750544,13.895624995599999,10.3473501212,5.9162374725,3.49061252188,9.2017376425
2020-01-30,1079,Netherlands,0,0,0,3/23/2020,5.0,0,3.0,7.0,8.0,1,1,0,1,0,1,1,0,0,1,0,0,0,1,1,1,0,1,0,1,1,0,0,0,2020-02-27 22:00:00,17134872.0,508,92%,74.65,3.32,6.4,16.4,64.8,18.8,0.98,2020-03-16 00:00:00,43996045.0,902355.0,1.99377499625,2.373549975,4.94500624938,7.5629125525,11.9835625294,14.721874953099999,16.5509375331,16.6398750544,13.895624995599999,10.3473501212,5.9162374725,3.49061252188,9.2017376425
2020-01-31,1080,Netherlands,0,0,0,3/23/2020,5.0,0,3.0,7.0,8.0,1,1,0,1,0,1,1,0,0,1,0,0,0,1,1,1,0,1,0,1,1,0,0,0,2020-02-27 22:00:00,17134872.0,508,92%,74.65,3.32,6.4,16.4,64.8,18.8,0.98,2020-03-16 00:00:00,43996045.0,902355.0,1.99377499625,2.373549975,4.94500624938,7.5629125525,11.9835625294,14.721874953099999,16.5509375331,16.6398750544,13.895624995599999,10.3473501212,5.9162374725,3.49061252188,9.2017376425
2020-02-01,1081,Netherlands,0,0,0,3/23/2020,5.0,0,3.0,7.0,8.0,1,1,0,1,0,1,1,0,0,1,0,0,0,1,1,1,0,1,0,1,1,0,0,0,2020-02-27 22:00:00,17134872.0,508,92%,74.65,3.32,6.4,16.4,64.8,18.8,0.98,2020-03-16 00:00:00,43996045.0,902355.0,1.99377499625,2.373549975,4.94500624938,7.5629125525,11.9835625294,14.721874953099999,16.5509375331,16.6398750544,13.895624995599999,10.3473501212,5.9162374725,3.49061252188,9.2017376425
2020-02-02,1092,Netherlands,0,0,0,3/23/2020,5.0,0,3.0,7.0,8.0,1,1,0,1,0,1,1,0,0,1,0,0,0,1,1,1,0,1,0,1,1,0,0,0,2020-02-27 22:00:00,17134872.0,508,92%,74.65,3.32,6.4,16.4,64.8,18.8,0.98,2020-03-16 00:00:00,43996045.0,902355.0,1.99377499625,2.373549975,4.94500624938,7.5629125525,11.9835625294,14.721874953099999,16.5509375331,16.6398750544,13.895624995599999,10.3473501212,5.9162374725,3.49061252188,9.2017376425
2020-02-03,1103,Netherlands,0,0,0,3/23/2020,5.0,0,3.0,7.0,8.0,1,1,0,1,0,1,1,0,0,1,0,0,0,1,1,1,0,1,0,1,1,0,0,0,2020-02-27 22:00:00,17134872.0,508,92%,74.65,3.32,6.4,16.4,64.8,18.8,0.98,2020-03-16 00:00:00,43996045.0,902355.0,1.99377499625,2.373549975,4.94500624938,7.5629125525,11.9835625294,14.721874953099999,16.5509375331,16.6398750544,13.895624995599999,10.3473501212,5.9162374725,3.49061252188,9.2017376425
2020-02-04,1104,Netherlands,0,0,0,3/23/2020,5.0,0,3.0,7.0,8.0,1,1,0,1,0,1,1,0,0,1,0,0,0,1,1,1,0,1,0,1,1,0,0,0,2020-02-27 22:00:00,17134872.0,508,92%,74.65,3.32,6.4,16.4,64.8,18.8,0.98,2020-03-16 00:00:00,43996045.0,902355.0,1.99377499625,2.373549975,4.94500624938,7.5629125525,11.9835625294,14.721874953099999,16.5509375331,16.6398750544,13.895624995599999,10.3473501212,5.9162374725,3.49061252188,9.2017376425
2020-02-05,1105,Netherlands,0,0,0,3/23/2020,5.0,0,3.0,7.0,8.0,1,1,0,1,0,1,1,0,0,1,0,0,0,1,1,1,0,1,0,1,1,0,0,0,2020-02-27 22:00:00,17134872.0,508,92%,74.65,3.32,6.4,16.4,64.8,18.8,0.98,2020-03-16 00:00:00,43996045.0,902355.0,1.99377499625,2.373549975,4.94500624938,7.5629125525,11.9835625294,14.721874953099999,16.5509375331,16.6398750544,13.895624995599999,10.3473501212,5.9162374725,3.49061252188,9.2017376425
2020-02-06,1106,Netherlands,0,0,0,3/23/2020,5.0,0,3.0,7.0,8.0,1,1,0,1,0,1,1,0,0,1,0,0,0,1,1,1,0,1,0,1,1,0,0,0,2020-02-27 22:00:00,17134872.0,508,92%,74.65,3.32,6.4,16.4,64.8,18.8,0.98,2020-03-16 00:00:00,43996045.0,902355.0,1.99377499625,2.373549975,4.94500624938,7.5629125525,11.9835625294,14.721874953099999,16.5509375331,16.6398750544,13.895624995599999,10.3473501212,5.9162374725,3.49061252188,9.2017376425
2020-02-07,1107,Netherlands,0,0,0,3/23/2020,5.0,0,3.0,7.0,8.0,1,1,0,1,0,1,1,0,0,1,0,0,0,1,1,1,0,1,0,1,1,0,0,0,2020-02-27 22:00:00,17134872.0,508,92%,74.65,3.32,6.4,16.4,64.8,18.8,0.98,2020-03-16 00:00:00,43996045.0,902355.0,1.99377499625,2.373549975,4.94500624938,7.5629125525,11.9835625294,14.721874953099999,16.5509375331,16.6398750544,13.895624995599999,10.3473501212,5.9162374725,3.49061252188,9.2017376425
2020-02-08,1108,Netherlands,0,0,0,3/23/2020,5.0,0,3.0,7.0,8.0,1,1,0,1,0,1,1,0,0,1,0,0,0,1,1,1,0,1,0,1,1,0,0,0,2020-02-27 22:00:00,17134872.0,508,92%,74.65,3.32,6.4,16.4,64.8,18.8,0.98,2020-03-16 00:00:00,43996045.0,902355.0,1.99377499625,2.373549975,4.94500624938,7.5629125525,11.9835625294,14.721874953099999,16.5509375331,16.6398750544,13.895624995599999,10.3473501212,5.9162374725,3.49061252188,9.2017376425
2020-02-09,1109,Netherlands,0,0,0,3/23/2020,5.0,0,3.0,7.0,8.0,1,1,0,1,0,1,1,0,0,1,0,0,0,1,1,1,0,1,0,1,1,0,0,0,2020-02-27 22:00:00,17134872.0,508,92%,74.65,3.32,6.4,16.4,64.8,18.8,0.98,2020-03-16 00:00:00,43996045.0,902355.0,1.99377499625,2.373549975,4.94500624938,7.5629125525,11.9835625294,14.721874953099999,16.5509375331,16.6398750544,13.895624995599999,10.3473501212,5.9162374725,3.49061252188,9.2017376425
2020-02-10,1082,Netherlands,0,0,0,3/23/2020,5.0,0,3.0,7.0,8.0,1,1,0,1,0,1,1,0,0,1,0,0,0,1,1,1,0,1,0,1,1,0,0,0,2020-02-27 22:00:00,17134872.0,508,92%,74.65,3.32,6.4,16.4,64.8,18.8,0.98,2020-03-16 00:00:00,43996045.0,902355.0,1.99377499625,2.373549975,4.94500624938,7.5629125525,11.9835625294,14.721874953099999,16.5509375331,16.6398750544,13.895624995599999,10.3473501212,5.9162374725,3.49061252188,9.2017376425
2020-02-11,1083,Netherlands,0,0,0,3/23/2020,5.0,0,3.0,7.0,8.0,1,1,0,1,0,1,1,0,0,1,0,0,0,1,1,1,0,1,0,1,1,0,0,0,2020-02-27 22:00:00,17134872.0,508,92%,74.65,3.32,6.4,16.4,64.8,18.8,0.98,2020-03-16 00:00:00,43996045.0,902355.0,1.99377499625,2.373549975,4.94500624938,7.5629125525,11.9835625294,14.721874953099999,16.5509375331,16.6398750544,13.895624995599999,10.3473501212,5.9162374725,3.49061252188,9.2017376425
2020-02-12,1084,Netherlands,0,0,0,3/23/2020,5.0,0,3.0,7.0,8.0,1,1,0,1,0,1,1,0,0,1,0,0,0,1,1,1,0,1,0,1,1,0,0,0,2020-02-27 22:00:00,17134872.0,508,92%,74.65,3.32,6.4,16.4,64.8,18.8,0.98,2020-03-16 00:00:00,43996045.0,902355.0,1.99377499625,2.373549975,4.94500624938,7.5629125525,11.9835625294,14.721874953099999,16.5509375331,16.6398750544,13.895624995599999,10.3473501212,5.9162374725,3.49061252188,9.2017376425
2020-02-13,1085,Netherlands,0,0,0,3/23/2020,5.0,0,3.0,7.0,8.0,1,1,0,1,0,1,1,0,0,1,0,0,0,1,1,1,0,1,0,1,1,0,0,0,2020-02-27 22:00:00,17134872.0,508,92%,74.65,3.32,6.4,16.4,64.8,18.8,0.98,2020-03-16 00:00:00,43996045.0,902355.0,1.99377499625,2.373549975,4.94500624938,7.5629125525,11.9835625294,14.721874953099999,16.5509375331,16.6398750544,13.895624995599999,10.3473501212,5.9162374725,3.49061252188,9.2017376425
2020-02-14,1086,Netherlands,0,0,0,3/23/2020,5.0,0,3.0,7.0,8.0,1,1,0,1,0,1,1,0,0,1,0,0,0,1,1,1,0,1,0,1,1,0,0,0,2020-02-27 22:00:00,17134872.0,508,92%,74.65,3.32,6.4,16.4,64.8,18.8,0.98,2020-03-16 00:00:00,43996045.0,902355.0,1.99377499625,2.373549975,4.94500624938,7.5629125525,11.9835625294,14.721874953099999,16.5509375331,16.6398750544,13.895624995599999,10.3473501212,5.9162374725,3.49061252188,9.2017376425
2020-02-15,1087,Netherlands,0,0,0,3/23/2020,5.0,0,3.0,7.0,8.0,1,1,0,1,0,1,1,0,0,1,0,0,0,1,1,1,0,1,0,1,1,0,0,0,2020-02-27 22:00:00,17134872.0,508,92%,74.65,3.32,6.4,16.4,64.8,18.8,0.98,2020-03-16 00:00:00,43996045.0,902355.0,1.99377499625,2.373549975,4.94500624938,7.5629125525,11.9835625294,14.721874953099999,16.5509375331,16.6398750544,13.895624995599999,10.3473501212,5.9162374725,3.49061252188,9.2017376425
2020-02-16,1088,Netherlands,0,0,0,3/23/2020,5.0,0,3.0,7.0,8.0,1,1,0,1,0,1,1,0,0,1,0,0,0,1,1,1,0,1,0,1,1,0,0,0,2020-02-27 22:00:00,17134872.0,508,92%,74.65,3.32,6.4,16.4,64.8,18.8,0.98,2020-03-16 00:00:00,43996045.0,902355.0,1.99377499625,2.373549975,4.94500624938,7.5629125525,11.9835625294,14.721874953099999,16.5509375331,16.6398750544,13.895624995599999,10.3473501212,5.9162374725,3.49061252188,9.2017376425
2020-02-17,1089,Netherlands,0,0,0,3/23/2020,5.0,0,3.0,7.0,8.0,1,1,0,1,0,1,1,0,0,1,0,0,0,1,1,1,0,1,0,1,1,0,0,0,2020-02-27 22:00:00,17134872.0,508,92%,74.65,3.32,6.4,16.4,64.8,18.8,0.98,2020-03-16 00:00:00,43996045.0,902355.0,1.99377499625,2.373549975,4.94500624938,7.5629125525,11.9835625294,14.721874953099999,16.5509375331,16.6398750544,13.895624995599999,10.3473501212,5.9162374725,3.49061252188,9.2017376425
2020-02-18,1090,Netherlands,0,0,0,3/23/2020,5.0,0,3.0,7.0,8.0,1,1,0,1,0,1,1,0,0,1,0,0,0,1,1,1,0,1,0,1,1,0,0,0,2020-02-27 22:00:00,17134872.0,508,92%,74.65,3.32,6.4,16.4,64.8,18.8,0.98,2020-03-16 00:00:00,43996045.0,902355.0,1.99377499625,2.373549975,4.94500624938,7.5629125525,11.9835625294,14.721874953099999,16.5509375331,16.6398750544,13.895624995599999,10.3473501212,5.9162374725,3.49061252188,9.2017376425
2020-02-19,1091,Netherlands,0,0,0,3/23/2020,5.0,0,3.0,7.0,8.0,1,1,0,1,0,1,1,0,0,1,0,0,0,1,1,1,0,1,0,1,1,0,0,0,2020-02-27 22:00:00,17134872.0,508,92%,74.65,3.32,6.4,16.4,64.8,18.8,0.98,2020-03-16 00:00:00,43996045.0,902355.0,1.99377499625,2.373549975,4.94500624938,7.5629125525,11.9835625294,14.721874953099999,16.5509375331,16.6398750544,13.895624995599999,10.3473501212,5.9162374725,3.49061252188,9.2017376425
2020-02-20,1093,Netherlands,0,0,0,3/23/2020,5.0,0,3.0,7.0,8.0,1,1,0,1,0,1,1,0,0,1,0,0,0,1,1,1,0,1,0,1,1,0,0,0,2020-02-27 22:00:00,17134872.0,508,92%,74.65,3.32,6.4,16.4,64.8,18.8,0.98,2020-03-16 00:00:00,43996045.0,902355.0,1.99377499625,2.373549975,4.94500624938,7.5629125525,11.9835625294,14.721874953099999,16.5509375331,16.6398750544,13.895624995599999,10.3473501212,5.9162374725,3.49061252188,9.2017376425
2020-02-21,1094,Netherlands,0,0,0,3/23/2020,5.0,0,3.0,7.0,8.0,1,1,0,1,0,1,1,0,0,1,0,0,0,1,1,1,0,1,0,1,1,0,0,0,2020-02-27 22:00:00,17134872.0,508,92%,74.65,3.32,6.4,16.4,64.8,18.8,0.98,2020-03-16 00:00:00,43996045.0,902355.0,1.99377499625,2.373549975,4.94500624938,7.5629125525,11.9835625294,14.721874953099999,16.5509375331,16.6398750544,13.895624995599999,10.3473501212,5.9162374725,3.49061252188,9.2017376425
2020-02-22,1095,Netherlands,0,0,0,3/23/2020,5.0,0,3.0,7.0,8.0,1,1,0,1,0,1,1,0,0,1,0,0,0,1,1,1,0,1,0,1,1,0,0,0,2020-02-27 22:00:00,17134872.0,508,92%,74.65,3.32,6.4,16.4,64.8,18.8,0.98,2020-03-16 00:00:00,43996045.0,902355.0,1.99377499625,2.373549975,4.94500624938,7.5629125525,11.9835625294,14.721874953099999,16.5509375331,16.6398750544,13.895624995599999,10.3473501212,5.9162374725,3.49061252188,9.2017376425
2020-02-23,1096,Netherlands,0,0,0,3/23/2020,5.0,0,3.0,7.0,8.0,1,1,0,1,0,1,1,0,0,1,0,0,0,1,1,1,0,1,0,1,1,0,0,0,2020-02-27 22:00:00,17134872.0,508,92%,74.65,3.32,6.4,16.4,64.8,18.8,0.98,2020-03-16 00:00:00,43996045.0,902355.0,1.99377499625,2.373549975,4.94500624938,7.5629125525,11.9835625294,14.721874953099999,16.5509375331,16.6398750544,13.895624995599999,10.3473501212,5.9162374725,3.49061252188,9.2017376425
2020-02-24,1097,Netherlands,0,0,0,3/23/2020,5.0,0,3.0,7.0,8.0,1,1,0,1,0,1,1,0,0,1,0,0,0,1,1,1,0,1,0,1,1,0,0,0,2020-02-27 22:00:00,17134872.0,508,92%,74.65,3.32,6.4,16.4,64.8,18.8,0.98,2020-03-16 00:00:00,43996045.0,902355.0,1.99377499625,2.373549975,4.94500624938,7.5629125525,11.9835625294,14.721874953099999,16.5509375331,16.6398750544,13.895624995599999,10.3473501212,5.9162374725,3.49061252188,9.2017376425
2020-02-25,1098,Netherlands,0,0,0,3/23/2020,5.0,0,3.0,7.0,8.0,1,1,0,1,0,1,1,0,0,1,0,0,0,1,1,1,0,1,0,1,1,0,0,0,2020-02-27 22:00:00,17134872.0,508,92%,74.65,3.32,6.4,16.4,64.8,18.8,0.98,2020-03-16 00:00:00,43996045.0,902355.0,1.99377499625,2.373549975,4.94500624938,7.5629125525,11.9835625294,14.721874953099999,16.5509375331,16.6398750544,13.895624995599999,10.3473501212,5.9162374725,3.49061252188,9.2017376425
2020-02-26,1099,Netherlands,0,0,0,3/23/2020,5.0,0,3.0,7.0,8.0,1,1,0,1,0,1,1,0,0,1,0,0,0,1,1,1,0,1,0,1,1,0,0,0,2020-02-27 22:00:00,17134872.0,508,92%,74.65,3.32,6.4,16.4,64.8,18.8,0.98,2020-03-16 00:00:00,43996045.0,902355.0,1.99377499625,2.373549975,4.94500624938,7.5629125525,11.9835625294,14.721874953099999,16.5509375331,16.6398750544,13.895624995599999,10.3473501212,5.9162374725,3.49061252188,9.2017376425
2020-02-27,1100,Netherlands,1,0,0,3/23/2020,5.0,0,3.0,7.0,8.0,1,1,0,1,0,1,1,0,0,1,0,0,0,1,1,1,0,1,0,1,1,0,0,0,2020-02-27 22:00:00,17134872.0,508,92%,74.65,3.32,6.4,16.4,64.8,18.8,0.98,2020-03-16 00:00:00,43996045.0,902355.0,1.99377499625,2.373549975,4.94500624938,7.5629125525,11.9835625294,14.721874953099999,16.5509375331,16.6398750544,13.895624995599999,10.3473501212,5.9162374725,3.49061252188,9.2017376425
2020-02-28,1101,Netherlands,1,0,0,3/23/2020,5.0,0,3.0,7.0,8.0,1,1,0,1,0,1,1,0,0,1,0,0,0,1,1,1,0,1,0,1,1,0,0,0,2020-02-27 22:00:00,17134872.0,508,92%,74.65,3.32,6.4,16.4,64.8,18.8,0.98,2020-03-16 00:00:00,43996045.0,902355.0,1.99377499625,2.373549975,4.94500624938,7.5629125525,11.9835625294,14.721874953099999,16.5509375331,16.6398750544,13.895624995599999,10.3473501212,5.9162374725,3.49061252188,9.2017376425
2020-02-29,1102,Netherlands,6,0,0,3/23/2020,5.0,0,3.0,7.0,8.0,1,1,0,1,0,1,1,0,0,1,0,0,0,1,1,1,0,1,0,1,1,0,0,0,2020-02-27 22:00:00,17134872.0,508,92%,74.65,3.32,6.4,16.4,64.8,18.8,0.98,2020-03-16 00:00:00,43996045.0,902355.0,1.99377499625,2.373549975,4.94500624938,7.5629125525,11.9835625294,14.721874953099999,16.5509375331,16.6398750544,13.895624995599999,10.3473501212,5.9162374725,3.49061252188,9.2017376425
2020-03-01,1110,Netherlands,10,0,0,3/23/2020,5.0,0,3.0,7.0,8.0,1,1,0,1,0,1,1,0,0,1,0,0,0,1,1,1,0,1,0,1,1,0,0,0,2020-02-27 22:00:00,17134872.0,508,92%,74.65,3.32,6.4,16.4,64.8,18.8,0.98,2020-03-16 00:00:00,43996045.0,902355.0,1.99377499625,2.373549975,4.94500624938,7.5629125525,11.9835625294,14.721874953099999,16.5509375331,16.6398750544,13.895624995599999,10.3473501212,5.9162374725,3.49061252188,9.2017376425
2020-03-02,1121,Netherlands,18,0,0,3/23/2020,5.0,0,3.0,7.0,8.0,1,1,0,1,0,1,1,0,0,1,0,0,0,1,1,1,0,1,0,1,1,0,0,0,2020-02-27 22:00:00,17134872.0,508,92%,74.65,3.32,6.4,16.4,64.8,18.8,0.98,2020-03-16 00:00:00,43996045.0,902355.0,1.99377499625,2.373549975,4.94500624938,7.5629125525,11.9835625294,14.721874953099999,16.5509375331,16.6398750544,13.895624995599999,10.3473501212,5.9162374725,3.49061252188,9.2017376425
2020-03-03,1132,Netherlands,24,0,0,3/23/2020,5.0,0,3.0,7.0,8.0,1,1,0,1,0,1,1,0,0,1,0,0,0,1,1,1,0,1,0,1,1,0,0,0,2020-02-27 22:00:00,17134872.0,508,92%,74.65,3.32,6.4,16.4,64.8,18.8,0.98,2020-03-16 00:00:00,43996045.0,902355.0,1.99377499625,2.373549975,4.94500624938,7.5629125525,11.9835625294,14.721874953099999,16.5509375331,16.6398750544,13.895624995599999,10.3473501212,5.9162374725,3.49061252188,9.2017376425
2020-03-04,1135,Netherlands,38,0,0,3/23/2020,5.0,0,3.0,7.0,8.0,1,1,0,1,0,1,1,0,0,1,0,0,0,1,1,1,0,1,0,1,1,0,0,0,2020-02-27 22:00:00,17134872.0,508,92%,74.65,3.32,6.4,16.4,64.8,18.8,0.98,2020-03-16 00:00:00,43996045.0,902355.0,1.99377499625,2.373549975,4.94500624938,7.5629125525,11.9835625294,14.721874953099999,16.5509375331,16.6398750544,13.895624995599999,10.3473501212,5.9162374725,3.49061252188,9.2017376425
2020-03-05,1136,Netherlands,82,0,0,3/23/2020,5.0,0,3.0,7.0,8.0,1,1,0,1,0,1,1,0,0,1,0,0,0,1,1,1,0,1,0,1,1,0,0,0,2020-02-27 22:00:00,17134872.0,508,92%,74.65,3.32,6.4,16.4,64.8,18.8,0.98,2020-03-16 00:00:00,43996045.0,902355.0,1.99377499625,2.373549975,4.94500624938,7.5629125525,11.9835625294,14.721874953099999,16.5509375331,16.6398750544,13.895624995599999,10.3473501212,5.9162374725,3.49061252188,9.2017376425
2020-03-06,1137,Netherlands,128,1,0,3/23/2020,5.0,0,3.0,7.0,8.0,1,1,0,1,0,1,1,0,0,1,0,0,0,1,1,1,0,1,0,1,1,0,0,0,2020-02-27 22:00:00,17134872.0,508,92%,74.65,3.32,6.4,16.4,64.8,18.8,0.98,2020-03-16 00:00:00,43996045.0,902355.0,1.99377499625,2.373549975,4.94500624938,7.5629125525,11.9835625294,14.721874953099999,16.5509375331,16.6398750544,13.895624995599999,10.3473501212,5.9162374725,3.49061252188,9.2017376425
2020-03-07,1138,Netherlands,188,1,0,3/23/2020,5.0,0,3.0,7.0,8.0,1,1,0,1,0,1,1,0,0,1,0,0,0,1,1,1,0,1,0,1,1,0,0,0,2020-02-27 22:00:00,17134872.0,508,92%,74.65,3.32,6.4,16.4,64.8,18.8,0.98,2020-03-16 00:00:00,43996045.0,902355.0,1.99377499625,2.373549975,4.94500624938,7.5629125525,11.9835625294,14.721874953099999,16.5509375331,16.6398750544,13.895624995599999,10.3473501212,5.9162374725,3.49061252188,9.2017376425
2020-03-08,1139,Netherlands,265,3,0,3/23/2020,5.0,0,3.0,7.0,8.0,1,1,0,1,0,1,1,0,0,1,0,0,0,1,1,1,0,1,0,1,1,0,0,0,2020-02-27 22:00:00,17134872.0,508,92%,74.65,3.32,6.4,16.4,64.8,18.8,0.98,2020-03-16 00:00:00,43996045.0,902355.0,1.99377499625,2.373549975,4.94500624938,7.5629125525,11.9835625294,14.721874953099999,16.5509375331,16.6398750544,13.895624995599999,10.3473501212,5.9162374725,3.49061252188,9.2017376425
2020-03-09,1140,Netherlands,321,3,0,3/23/2020,5.0,0,3.0,7.0,8.0,1,1,0,1,0,1,1,0,0,1,0,0,0,1,1,1,0,1,0,1,1,0,0,0,2020-02-27 22:00:00,17134872.0,508,92%,74.65,3.32,6.4,16.4,64.8,18.8,0.98,2020-03-16 00:00:00,43996045.0,902355.0,1.99377499625,2.373549975,4.94500624938,7.5629125525,11.9835625294,14.721874953099999,16.5509375331,16.6398750544,13.895624995599999,10.3473501212,5.9162374725,3.49061252188,9.2017376425
2020-03-10,1111,Netherlands,382,4,0,3/23/2020,5.0,0,3.0,7.0,8.0,1,1,0,1,0,1,1,0,0,1,0,0,0,1,1,1,0,1,0,1,1,0,0,0,2020-02-27 22:00:00,17134872.0,508,92%,74.65,3.32,6.4,16.4,64.8,18.8,0.98,2020-03-16 00:00:00,43996045.0,902355.0,1.99377499625,2.373549975,4.94500624938,7.5629125525,11.9835625294,14.721874953099999,16.5509375331,16.6398750544,13.895624995599999,10.3473501212,5.9162374725,3.49061252188,9.2017376425
2020-03-11,1112,Netherlands,503,5,0,3/23/2020,5.0,0,3.0,7.0,8.0,1,1,0,1,0,1,1,0,0,1,0,0,0,1,1,1,0,1,0,1,1,0,0,0,2020-02-27 22:00:00,17134872.0,508,92%,74.65,3.32,6.4,16.4,64.8,18.8,0.98,2020-03-16 00:00:00,43996045.0,902355.0,1.99377499625,2.373549975,4.94500624938,7.5629125525,11.9835625294,14.721874953099999,16.5509375331,16.6398750544,13.895624995599999,10.3473501212,5.9162374725,3.49061252188,9.2017376425
2020-03-12,1113,Netherlands,503,5,0,3/23/2020,5.0,0,3.0,7.0,8.0,1,1,0,1,0,1,1,0,0,1,0,0,0,1,1,1,0,1,0,1,1,0,0,0,2020-02-27 22:00:00,17134872.0,508,92%,74.65,3.32,6.4,16.4,64.8,18.8,0.98,2020-03-16 00:00:00,43996045.0,902355.0,1.99377499625,2.373549975,4.94500624938,7.5629125525,11.9835625294,14.721874953099999,16.5509375331,16.6398750544,13.895624995599999,10.3473501212,5.9162374725,3.49061252188,9.2017376425
2020-03-13,1114,Netherlands,804,10,0,3/23/2020,5.0,0,3.0,7.0,8.0,1,1,0,1,0,1,1,0,0,1,0,0,0,1,1,1,0,1,0,1,1,0,0,0,2020-02-27 22:00:00,17134872.0,508,92%,74.65,3.32,6.4,16.4,64.8,18.8,0.98,2020-03-16 00:00:00,43996045.0,902355.0,1.99377499625,2.373549975,4.94500624938,7.5629125525,11.9835625294,14.721874953099999,16.5509375331,16.6398750544,13.895624995599999,10.3473501212,5.9162374725,3.49061252188,9.2017376425
2020-03-14,1115,Netherlands,959,12,2,3/23/2020,5.0,0,3.0,7.0,8.0,1,1,0,1,0,1,1,0,0,1,0,0,0,1,1,1,0,1,0,1,1,0,0,0,2020-02-27 22:00:00,17134872.0,508,92%,74.65,3.32,6.4,16.4,64.8,18.8,0.98,2020-03-16 00:00:00,43996045.0,902355.0,1.99377499625,2.373549975,4.94500624938,7.5629125525,11.9835625294,14.721874953099999,16.5509375331,16.6398750544,13.895624995599999,10.3473501212,5.9162374725,3.49061252188,9.2017376425
2020-03-15,1116,Netherlands,1135,20,2,3/23/2020,5.0,0,3.0,7.0,8.0,1,1,0,1,0,1,1,0,0,1,0,0,0,1,1,1,0,1,0,1,1,0,0,0,2020-02-27 22:00:00,17134872.0,508,92%,74.65,3.32,6.4,16.4,64.8,18.8,0.98,2020-03-16 00:00:00,43996045.0,902355.0,1.99377499625,2.373549975,4.94500624938,7.5629125525,11.9835625294,14.721874953099999,16.5509375331,16.6398750544,13.895624995599999,10.3473501212,5.9162374725,3.49061252188,9.2017376425
2020-03-16,1117,Netherlands,1413,24,2,3/23/2020,5.0,0,3.0,7.0,8.0,1,1,0,1,0,1,1,0,0,1,0,0,0,1,1,1,0,1,0,1,1,0,0,0,2020-02-27 22:00:00,17134872.0,508,92%,74.65,3.32,6.4,16.4,64.8,18.8,0.98,2020-03-16 00:00:00,43996045.0,902355.0,1.99377499625,2.373549975,4.94500624938,7.5629125525,11.9835625294,14.721874953099999,16.5509375331,16.6398750544,13.895624995599999,10.3473501212,5.9162374725,3.49061252188,9.2017376425
2020-03-17,1118,Netherlands,1705,43,2,3/23/2020,5.0,0,3.0,7.0,8.0,1,1,0,1,0,1,1,0,0,1,0,0,0,1,1,1,0,1,0,1,1,0,0,0,2020-02-27 22:00:00,17134872.0,508,92%,74.65,3.32,6.4,16.4,64.8,18.8,0.98,2020-03-16 00:00:00,43996045.0,902355.0,1.99377499625,2.373549975,4.94500624938,7.5629125525,11.9835625294,14.721874953099999,16.5509375331,16.6398750544,13.895624995599999,10.3473501212,5.9162374725,3.49061252188,9.2017376425
2020-03-18,1119,Netherlands,2051,58,2,3/23/2020,5.0,0,3.0,7.0,8.0,1,1,0,1,0,1,1,0,0,1,0,0,0,1,1,1,0,1,0,1,1,0,0,0,2020-02-27 22:00:00,17134872.0,508,92%,74.65,3.32,6.4,16.4,64.8,18.8,0.98,2020-03-16 00:00:00,43996045.0,902355.0,1.99377499625,2.373549975,4.94500624938,7.5629125525,11.9835625294,14.721874953099999,16.5509375331,16.6398750544,13.895624995599999,10.3473501212,5.9162374725,3.49061252188,9.2017376425
2020-03-19,1120,Netherlands,2460,76,2,3/23/2020,5.0,0,3.0,7.0,8.0,1,1,0,1,0,1,1,0,0,1,0,0,0,1,1,1,0,1,0,1,1,0,0,0,2020-02-27 22:00:00,17134872.0,508,92%,74.65,3.32,6.4,16.4,64.8,18.8,0.98,2020-03-16 00:00:00,43996045.0,902355.0,1.99377499625,2.373549975,4.94500624938,7.5629125525,11.9835625294,14.721874953099999,16.5509375331,16.6398750544,13.895624995599999,10.3473501212,5.9162374725,3.49061252188,9.2017376425
2020-03-20,1122,Netherlands,2994,106,2,3/23/2020,5.0,0,3.0,7.0,8.0,1,1,0,1,0,1,1,0,0,1,0,0,0,1,1,1,0,1,0,1,1,0,0,0,2020-02-27 22:00:00,17134872.0,508,92%,74.65,3.32,6.4,16.4,64.8,18.8,0.98,2020-03-16 00:00:00,43996045.0,902355.0,1.99377499625,2.373549975,4.94500624938,7.5629125525,11.9835625294,14.721874953099999,16.5509375331,16.6398750544,13.895624995599999,10.3473501212,5.9162374725,3.49061252188,9.2017376425
2020-03-21,1123,Netherlands,3631,136,2,3/23/2020,5.0,0,3.0,7.0,8.0,1,1,0,1,0,1,1,0,0,1,0,0,0,1,1,1,0,1,0,1,1,0,0,0,2020-02-27 22:00:00,17134872.0,508,92%,74.65,3.32,6.4,16.4,64.8,18.8,0.98,2020-03-16 00:00:00,43996045.0,902355.0,1.99377499625,2.373549975,4.94500624938,7.5629125525,11.9835625294,14.721874953099999,16.5509375331,16.6398750544,13.895624995599999,10.3473501212,5.9162374725,3.49061252188,9.2017376425
2020-03-22,1124,Netherlands,4204,179,2,3/23/2020,5.0,0,3.0,7.0,8.0,1,1,0,1,0,1,1,0,0,1,0,0,0,1,1,1,0,1,0,1,1,0,0,0,2020-02-27 22:00:00,17134872.0,508,92%,74.65,3.32,6.4,16.4,64.8,18.8,0.98,2020-03-16 00:00:00,43996045.0,902355.0,1.99377499625,2.373549975,4.94500624938,7.5629125525,11.9835625294,14.721874953099999,16.5509375331,16.6398750544,13.895624995599999,10.3473501212,5.9162374725,3.49061252188,9.2017376425
2020-03-23,1125,Netherlands,4749,213,2,3/23/2020,5.0,0,3.0,7.0,8.0,1,1,0,1,0,1,1,0,0,1,0,0,0,1,1,1,0,1,0,1,1,0,0,0,2020-02-27 22:00:00,17134872.0,508,92%,74.65,3.32,6.4,16.4,64.8,18.8,0.98,2020-03-16 00:00:00,43996045.0,902355.0,1.99377499625,2.373549975,4.94500624938,7.5629125525,11.9835625294,14.721874953099999,16.5509375331,16.6398750544,13.895624995599999,10.3473501212,5.9162374725,3.49061252188,9.2017376425
2020-03-24,1126,Netherlands,5560,276,2,3/23/2020,5.0,0,3.0,7.0,8.0,1,1,0,1,0,1,1,0,0,1,0,0,0,1,1,1,0,1,0,1,1,0,0,0,2020-02-27 22:00:00,17134872.0,508,92%,74.65,3.32,6.4,16.4,64.8,18.8,0.98,2020-03-16 00:00:00,43996045.0,902355.0,1.99377499625,2.373549975,4.94500624938,7.5629125525,11.9835625294,14.721874953099999,16.5509375331,16.6398750544,13.895624995599999,10.3473501212,5.9162374725,3.49061252188,9.2017376425
2020-03-25,1127,Netherlands,6412,356,3,3/23/2020,5.0,0,3.0,7.0,8.0,1,1,0,1,0,1,1,0,0,1,0,0,0,1,1,1,0,1,0,1,1,0,0,0,2020-02-27 22:00:00,17134872.0,508,92%,74.65,3.32,6.4,16.4,64.8,18.8,0.98,2020-03-16 00:00:00,43996045.0,902355.0,1.99377499625,2.373549975,4.94500624938,7.5629125525,11.9835625294,14.721874953099999,16.5509375331,16.6398750544,13.895624995599999,10.3473501212,5.9162374725,3.49061252188,9.2017376425
2020-03-26,1128,Netherlands,7431,434,3,3/23/2020,5.0,0,3.0,7.0,8.0,1,1,0,1,0,1,1,0,0,1,0,0,0,1,1,1,0,1,0,1,1,0,0,0,2020-02-27 22:00:00,17134872.0,508,92%,74.65,3.32,6.4,16.4,64.8,18.8,0.98,2020-03-16 00:00:00,43996045.0,902355.0,1.99377499625,2.373549975,4.94500624938,7.5629125525,11.9835625294,14.721874953099999,16.5509375331,16.6398750544,13.895624995599999,10.3473501212,5.9162374725,3.49061252188,9.2017376425
2020-03-27,1129,Netherlands,8603,546,3,3/23/2020,5.0,0,3.0,7.0,8.0,1,1,0,1,0,1,1,0,0,1,0,0,0,1,1,1,0,1,0,1,1,0,0,0,2020-02-27 22:00:00,17134872.0,508,92%,74.65,3.32,6.4,16.4,64.8,18.8,0.98,2020-03-16 00:00:00,43996045.0,902355.0,1.99377499625,2.373549975,4.94500624938,7.5629125525,11.9835625294,14.721874953099999,16.5509375331,16.6398750544,13.895624995599999,10.3473501212,5.9162374725,3.49061252188,9.2017376425
2020-03-28,1130,Netherlands,9762,639,3,3/23/2020,5.0,0,3.0,7.0,8.0,1,1,0,1,0,1,1,0,0,1,0,0,0,1,1,1,0,1,0,1,1,0,0,0,2020-02-27 22:00:00,17134872.0,508,92%,74.65,3.32,6.4,16.4,64.8,18.8,0.98,2020-03-16 00:00:00,43996045.0,902355.0,1.99377499625,2.373549975,4.94500624938,7.5629125525,11.9835625294,14.721874953099999,16.5509375331,16.6398750544,13.895624995599999,10.3473501212,5.9162374725,3.49061252188,9.2017376425
2020-03-29,1131,Netherlands,10866,771,250,3/23/2020,5.0,0,3.0,7.0,8.0,1,1,0,1,0,1,1,0,0,1,0,0,0,1,1,1,0,1,0,1,1,0,0,0,2020-02-27 22:00:00,17134872.0,508,92%,74.65,3.32,6.4,16.4,64.8,18.8,0.98,2020-03-16 00:00:00,43996045.0,902355.0,1.99377499625,2.373549975,4.94500624938,7.5629125525,11.9835625294,14.721874953099999,16.5509375331,16.6398750544,13.895624995599999,10.3473501212,5.9162374725,3.49061252188,9.2017376425
2020-03-30,1133,Netherlands,11750,864,250,3/23/2020,5.0,0,3.0,7.0,8.0,1,1,0,1,0,1,1,0,0,1,0,0,0,1,1,1,0,1,0,1,1,0,0,0,2020-02-27 22:00:00,17134872.0,508,92%,74.65,3.32,6.4,16.4,64.8,18.8,0.98,2020-03-16 00:00:00,43996045.0,902355.0,1.99377499625,2.373549975,4.94500624938,7.5629125525,11.9835625294,14.721874953099999,16.5509375331,16.6398750544,13.895624995599999,10.3473501212,5.9162374725,3.49061252188,9.2017376425
2020-03-31,1134,Netherlands,12595,1039,250,3/23/2020,5.0,0,3.0,7.0,8.0,1,1,0,1,0,1,1,0,0,1,0,0,0,1,1,1,0,1,0,1,1,0,0,0,2020-02-27 22:00:00,17134872.0,508,92%,74.65,3.32,6.4,16.4,64.8,18.8,0.98,2020-03-16 00:00:00,43996045.0,902355.0,1.99377499625,2.373549975,4.94500624938,7.5629125525,11.9835625294,14.721874953099999,16.5509375331,16.6398750544,13.895624995599999,10.3473501212,5.9162374725,3.49061252188,9.2017376425
2020-04-01,1141,Netherlands,13614,1173,250,3/23/2020,5.0,0,3.0,7.0,8.0,1,1,0,1,0,1,1,0,0,1,0,0,0,1,1,1,0,1,0,1,1,0,0,0,2020-02-27 22:00:00,17134872.0,508,92%,74.65,3.32,6.4,16.4,64.8,18.8,0.98,2020-03-16 00:00:00,43996045.0,902355.0,1.99377499625,2.373549975,4.94500624938,7.5629125525,11.9835625294,14.721874953099999,16.5509375331,16.6398750544,13.895624995599999,10.3473501212,5.9162374725,3.49061252188,9.2017376425
2020-04-02,1152,Netherlands,14697,1339,250,3/23/2020,5.0,0,3.0,7.0,8.0,1,1,0,1,0,1,1,0,0,1,0,0,0,1,1,1,0,1,0,1,1,0,0,0,2020-02-27 22:00:00,17134872.0,508,92%,74.65,3.32,6.4,16.4,64.8,18.8,0.98,2020-03-16 00:00:00,43996045.0,902355.0,1.99377499625,2.373549975,4.94500624938,7.5629125525,11.9835625294,14.721874953099999,16.5509375331,16.6398750544,13.895624995599999,10.3473501212,5.9162374725,3.49061252188,9.2017376425
2020-04-03,1163,Netherlands,15723,1487,250,3/23/2020,5.0,0,3.0,7.0,8.0,1,1,0,1,0,1,1,0,0,1,0,0,0,1,1,1,0,1,0,1,1,0,0,0,2020-02-27 22:00:00,17134872.0,508,92%,74.65,3.32,6.4,16.4,64.8,18.8,0.98,2020-03-16 00:00:00,43996045.0,902355.0,1.99377499625,2.373549975,4.94500624938,7.5629125525,11.9835625294,14.721874953099999,16.5509375331,16.6398750544,13.895624995599999,10.3473501212,5.9162374725,3.49061252188,9.2017376425
2020-04-04,1165,Netherlands,16627,1651,250,3/23/2020,5.0,0,3.0,7.0,8.0,1,1,0,1,0,1,1,0,0,1,0,0,0,1,1,1,0,1,0,1,1,0,0,0,2020-02-27 22:00:00,17134872.0,508,92%,74.65,3.32,6.4,16.4,64.8,18.8,0.98,2020-03-16 00:00:00,43996045.0,902355.0,1.99377499625,2.373549975,4.94500624938,7.5629125525,11.9835625294,14.721874953099999,16.5509375331,16.6398750544,13.895624995599999,10.3473501212,5.9162374725,3.49061252188,9.2017376425
2020-04-05,1166,Netherlands,17851,1766,250,3/23/2020,5.0,0,3.0,7.0,8.0,1,1,0,1,0,1,1,0,0,1,0,0,0,1,1,1,0,1,0,1,1,0,0,0,2020-02-27 22:00:00,17134872.0,508,92%,74.65,3.32,6.4,16.4,64.8,18.8,0.98,2020-03-16 00:00:00,43996045.0,902355.0,1.99377499625,2.373549975,4.94500624938,7.5629125525,11.9835625294,14.721874953099999,16.5509375331,16.6398750544,13.895624995599999,10.3473501212,5.9162374725,3.49061252188,9.2017376425
2020-04-06,1167,Netherlands,18803,1867,250,3/23/2020,5.0,0,3.0,7.0,8.0,1,1,0,1,0,1,1,0,0,1,0,0,0,1,1,1,0,1,0,1,1,0,0,0,2020-02-27 22:00:00,17134872.0,508,92%,74.65,3.32,6.4,16.4,64.8,18.8,0.98,2020-03-16 00:00:00,43996045.0,902355.0,1.99377499625,2.373549975,4.94500624938,7.5629125525,11.9835625294,14.721874953099999,16.5509375331,16.6398750544,13.895624995599999,10.3473501212,5.9162374725,3.49061252188,9.2017376425
2020-04-07,1168,Netherlands,19580,2101,250,3/23/2020,5.0,0,3.0,7.0,8.0,1,1,0,1,0,1,1,0,0,1,0,0,0,1,1,1,0,1,0,1,1,0,0,0,2020-02-27 22:00:00,17134872.0,508,92%,74.65,3.32,6.4,16.4,64.8,18.8,0.98,2020-03-16 00:00:00,43996045.0,902355.0,1.99377499625,2.373549975,4.94500624938,7.5629125525,11.9835625294,14.721874953099999,16.5509375331,16.6398750544,13.895624995599999,10.3473501212,5.9162374725,3.49061252188,9.2017376425
2020-04-08,1169,Netherlands,20549,2248,250,3/23/2020,5.0,0,3.0,7.0,8.0,1,1,0,1,0,1,1,0,0,1,0,0,0,1,1,1,0,1,0,1,1,0,0,0,2020-02-27 22:00:00,17134872.0,508,92%,74.65,3.32,6.4,16.4,64.8,18.8,0.98,2020-03-16 00:00:00,43996045.0,902355.0,1.99377499625,2.373549975,4.94500624938,7.5629125525,11.9835625294,14.721874953099999,16.5509375331,16.6398750544,13.895624995599999,10.3473501212,5.9162374725,3.49061252188,9.2017376425
2020-04-09,1170,Netherlands,21762,2396,250,3/23/2020,5.0,0,3.0,7.0,8.0,1,1,0,1,0,1,1,0,0,1,0,0,0,1,1,1,0,1,0,1,1,0,0,0,2020-02-27 22:00:00,17134872.0,508,92%,74.65,3.32,6.4,16.4,64.8,18.8,0.98,2020-03-16 00:00:00,43996045.0,902355.0,1.99377499625,2.373549975,4.94500624938,7.5629125525,11.9835625294,14.721874953099999,16.5509375331,16.6398750544,13.895624995599999,10.3473501212,5.9162374725,3.49061252188,9.2017376425
2020-04-10,1142,Netherlands,23097,2511,250,3/23/2020,5.0,0,3.0,7.0,8.0,1,1,0,1,0,1,1,0,0,1,0,0,0,1,1,1,0,1,0,1,1,0,0,0,2020-02-27 22:00:00,17134872.0,508,92%,74.65,3.32,6.4,16.4,64.8,18.8,0.98,2020-03-16 00:00:00,43996045.0,902355.0,1.99377499625,2.373549975,4.94500624938,7.5629125525,11.9835625294,14.721874953099999,16.5509375331,16.6398750544,13.895624995599999,10.3473501212,5.9162374725,3.49061252188,9.2017376425
2020-04-11,1143,Netherlands,24413,2643,250,3/23/2020,5.0,0,3.0,7.0,8.0,1,1,0,1,0,1,1,0,0,1,0,0,0,1,1,1,0,1,0,1,1,0,0,0,2020-02-27 22:00:00,17134872.0,508,92%,74.65,3.32,6.4,16.4,64.8,18.8,0.98,2020-03-16 00:00:00,43996045.0,902355.0,1.99377499625,2.373549975,4.94500624938,7.5629125525,11.9835625294,14.721874953099999,16.5509375331,16.6398750544,13.895624995599999,10.3473501212,5.9162374725,3.49061252188,9.2017376425
2020-04-12,1144,Netherlands,25587,2737,250,3/23/2020,5.0,0,3.0,7.0,8.0,1,1,0,1,0,1,1,0,0,1,0,0,0,1,1,1,0,1,0,1,1,0,0,0,2020-02-27 22:00:00,17134872.0,508,92%,74.65,3.32,6.4,16.4,64.8,18.8,0.98,2020-03-16 00:00:00,43996045.0,902355.0,1.99377499625,2.373549975,4.94500624938,7.5629125525,11.9835625294,14.721874953099999,16.5509375331,16.6398750544,13.895624995599999,10.3473501212,5.9162374725,3.49061252188,9.2017376425
2020-04-13,1145,Netherlands,26551,2823,250,3/23/2020,5.0,0,3.0,7.0,8.0,1,1,0,1,0,1,1,0,0,1,0,0,0,1,1,1,0,1,0,1,1,0,0,0,2020-02-27 22:00:00,17134872.0,508,92%,74.65,3.32,6.4,16.4,64.8,18.8,0.98,2020-03-16 00:00:00,43996045.0,902355.0,1.99377499625,2.373549975,4.94500624938,7.5629125525,11.9835625294,14.721874953099999,16.5509375331,16.6398750544,13.895624995599999,10.3473501212,5.9162374725,3.49061252188,9.2017376425
2020-04-14,1146,Netherlands,27419,2945,250,3/23/2020,5.0,0,3.0,7.0,8.0,1,1,0,1,0,1,1,0,0,1,0,0,0,1,1,1,0,1,0,1,1,0,0,0,2020-02-27 22:00:00,17134872.0,508,92%,74.65,3.32,6.4,16.4,64.8,18.8,0.98,2020-03-16 00:00:00,43996045.0,902355.0,1.99377499625,2.373549975,4.94500624938,7.5629125525,11.9835625294,14.721874953099999,16.5509375331,16.6398750544,13.895624995599999,10.3473501212,5.9162374725,3.49061252188,9.2017376425
2020-04-15,1147,Netherlands,28153,3134,250,3/23/2020,5.0,0,3.0,7.0,8.0,1,1,0,1,0,1,1,0,0,1,0,0,0,1,1,1,0,1,0,1,1,0,0,0,2020-02-27 22:00:00,17134872.0,508,92%,74.65,3.32,6.4,16.4,64.8,18.8,0.98,2020-03-16 00:00:00,43996045.0,902355.0,1.99377499625,2.373549975,4.94500624938,7.5629125525,11.9835625294,14.721874953099999,16.5509375331,16.6398750544,13.895624995599999,10.3473501212,5.9162374725,3.49061252188,9.2017376425
2020-04-16,1148,Netherlands,29214,3315,250,3/23/2020,5.0,0,3.0,7.0,8.0,1,1,0,1,0,1,1,0,0,1,0,0,0,1,1,1,0,1,0,1,1,0,0,0,2020-02-27 22:00:00,17134872.0,508,92%,74.65,3.32,6.4,16.4,64.8,18.8,0.98,2020-03-16 00:00:00,43996045.0,902355.0,1.99377499625,2.373549975,4.94500624938,7.5629125525,11.9835625294,14.721874953099999,16.5509375331,16.6398750544,13.895624995599999,10.3473501212,5.9162374725,3.49061252188,9.2017376425
2020-04-17,1149,Netherlands,30449,3459,250,3/23/2020,5.0,0,3.0,7.0,8.0,1,1,0,1,0,1,1,0,0,1,0,0,0,1,1,1,0,1,0,1,1,0,0,0,2020-02-27 22:00:00,17134872.0,508,92%,74.65,3.32,6.4,16.4,64.8,18.8,0.98,2020-03-16 00:00:00,43996045.0,902355.0,1.99377499625,2.373549975,4.94500624938,7.5629125525,11.9835625294,14.721874953099999,16.5509375331,16.6398750544,13.895624995599999,10.3473501212,5.9162374725,3.49061252188,9.2017376425
2020-04-18,1150,Netherlands,31589,3601,250,3/23/2020,5.0,0,3.0,7.0,8.0,1,1,0,1,0,1,1,0,0,1,0,0,0,1,1,1,0,1,0,1,1,0,0,0,2020-02-27 22:00:00,17134872.0,508,92%,74.65,3.32,6.4,16.4,64.8,18.8,0.98,2020-03-16 00:00:00,43996045.0,902355.0,1.99377499625,2.373549975,4.94500624938,7.5629125525,11.9835625294,14.721874953099999,16.5509375331,16.6398750544,13.895624995599999,10.3473501212,5.9162374725,3.49061252188,9.2017376425
2020-04-19,1151,Netherlands,32655,3684,250,3/23/2020,5.0,0,3.0,7.0,8.0,1,1,0,1,0,1,1,0,0,1,0,0,0,1,1,1,0,1,0,1,1,0,0,0,2020-02-27 22:00:00,17134872.0,508,92%,74.65,3.32,6.4,16.4,64.8,18.8,0.98,2020-03-16 00:00:00,43996045.0,902355.0,1.99377499625,2.373549975,4.94500624938,7.5629125525,11.9835625294,14.721874953099999,16.5509375331,16.6398750544,13.895624995599999,10.3473501212,5.9162374725,3.49061252188,9.2017376425
2020-04-20,1153,Netherlands,33405,3751,250,3/23/2020,5.0,0,3.0,7.0,8.0,1,1,0,1,0,1,1,0,0,1,0,0,0,1,1,1,0,1,0,1,1,0,0,0,2020-02-27 22:00:00,17134872.0,508,92%,74.65,3.32,6.4,16.4,64.8,18.8,0.98,2020-03-16 00:00:00,43996045.0,902355.0,1.99377499625,2.373549975,4.94500624938,7.5629125525,11.9835625294,14.721874953099999,16.5509375331,16.6398750544,13.895624995599999,10.3473501212,5.9162374725,3.49061252188,9.2017376425
2020-04-21,1154,Netherlands,34134,3916,0,3/23/2020,5.0,0,3.0,7.0,8.0,1,1,0,1,0,1,1,0,0,1,0,0,0,1,1,1,0,1,0,1,1,0,0,0,2020-02-27 22:00:00,17134872.0,508,92%,74.65,3.32,6.4,16.4,64.8,18.8,0.98,2020-03-16 00:00:00,43996045.0,902355.0,1.99377499625,2.373549975,4.94500624938,7.5629125525,11.9835625294,14.721874953099999,16.5509375331,16.6398750544,13.895624995599999,10.3473501212,5.9162374725,3.49061252188,9.2017376425
2020-04-22,1155,Netherlands,34842,4054,0,3/23/2020,5.0,0,3.0,7.0,8.0,1,1,0,1,0,1,1,0,0,1,0,0,0,1,1,1,0,1,0,1,1,0,0,0,2020-02-27 22:00:00,17134872.0,508,92%,74.65,3.32,6.4,16.4,64.8,18.8,0.98,2020-03-16 00:00:00,43996045.0,902355.0,1.99377499625,2.373549975,4.94500624938,7.5629125525,11.9835625294,14.721874953099999,16.5509375331,16.6398750544,13.895624995599999,10.3473501212,5.9162374725,3.49061252188,9.2017376425
2020-04-23,1156,Netherlands,35729,4177,0,3/23/2020,5.0,0,3.0,7.0,8.0,1,1,0,1,0,1,1,0,0,1,0,0,0,1,1,1,0,1,0,1,1,0,0,0,2020-02-27 22:00:00,17134872.0,508,92%,74.65,3.32,6.4,16.4,64.8,18.8,0.98,2020-03-16 00:00:00,43996045.0,902355.0,1.99377499625,2.373549975,4.94500624938,7.5629125525,11.9835625294,14.721874953099999,16.5509375331,16.6398750544,13.895624995599999,10.3473501212,5.9162374725,3.49061252188,9.2017376425
2020-04-24,1157,Netherlands,36535,4289,0,3/23/2020,5.0,0,3.0,7.0,8.0,1,1,0,1,0,1,1,0,0,1,0,0,0,1,1,1,0,1,0,1,1,0,0,0,2020-02-27 22:00:00,17134872.0,508,92%,74.65,3.32,6.4,16.4,64.8,18.8,0.98,2020-03-16 00:00:00,43996045.0,902355.0,1.99377499625,2.373549975,4.94500624938,7.5629125525,11.9835625294,14.721874953099999,16.5509375331,16.6398750544,13.895624995599999,10.3473501212,5.9162374725,3.49061252188,9.2017376425
2020-04-25,1158,Netherlands,37190,4409,0,3/23/2020,5.0,0,3.0,7.0,8.0,1,1,0,1,0,1,1,0,0,1,0,0,0,1,1,1,0,1,0,1,1,0,0,0,2020-02-27 22:00:00,17134872.0,508,92%,74.65,3.32,6.4,16.4,64.8,18.8,0.98,2020-03-16 00:00:00,43996045.0,902355.0,1.99377499625,2.373549975,4.94500624938,7.5629125525,11.9835625294,14.721874953099999,16.5509375331,16.6398750544,13.895624995599999,10.3473501212,5.9162374725,3.49061252188,9.2017376425
2020-04-26,1159,Netherlands,37845,4475,0,3/23/2020,5.0,0,3.0,7.0,8.0,1,1,0,1,0,1,1,0,0,1,0,0,0,1,1,1,0,1,0,1,1,0,0,0,2020-02-27 22:00:00,17134872.0,508,92%,74.65,3.32,6.4,16.4,64.8,18.8,0.98,2020-03-16 00:00:00,43996045.0,902355.0,1.99377499625,2.373549975,4.94500624938,7.5629125525,11.9835625294,14.721874953099999,16.5509375331,16.6398750544,13.895624995599999,10.3473501212,5.9162374725,3.49061252188,9.2017376425
2020-04-27,1160,Netherlands,38245,4518,0,3/23/2020,5.0,0,3.0,7.0,8.0,1,1,0,1,0,1,1,0,0,1,0,0,0,1,1,1,0,1,0,1,1,0,0,0,2020-02-27 22:00:00,17134872.0,508,92%,74.65,3.32,6.4,16.4,64.8,18.8,0.98,2020-03-16 00:00:00,43996045.0,902355.0,1.99377499625,2.373549975,4.94500624938,7.5629125525,11.9835625294,14.721874953099999,16.5509375331,16.6398750544,13.895624995599999,10.3473501212,5.9162374725,3.49061252188,9.2017376425
2020-04-28,1161,Netherlands,38416,4566,0,3/23/2020,5.0,0,3.0,7.0,8.0,1,1,0,1,0,1,1,0,0,1,0,0,0,1,1,1,0,1,0,1,1,0,0,0,2020-02-27 22:00:00,17134872.0,508,92%,74.65,3.32,6.4,16.4,64.8,18.8,0.98,2020-03-16 00:00:00,43996045.0,902355.0,1.99377499625,2.373549975,4.94500624938,7.5629125525,11.9835625294,14.721874953099999,16.5509375331,16.6398750544,13.895624995599999,10.3473501212,5.9162374725,3.49061252188,9.2017376425
2020-04-29,1162,Netherlands,38802,4711,0,3/23/2020,5.0,0,3.0,7.0,8.0,1,1,0,1,0,1,1,0,0,1,0,0,0,1,1,1,0,1,0,1,1,0,0,0,2020-02-27 22:00:00,17134872.0,508,92%,74.65,3.32,6.4,16.4,64.8,18.8,0.98,2020-03-16 00:00:00,43996045.0,902355.0,1.99377499625,2.373549975,4.94500624938,7.5629125525,11.9835625294,14.721874953099999,16.5509375331,16.6398750544,13.895624995599999,10.3473501212,5.9162374725,3.49061252188,9.2017376425
2020-04-30,1164,Netherlands,39316,4795,0,3/23/2020,5.0,0,3.0,7.0,8.0,1,1,0,1,0,1,1,0,0,1,0,0,0,1,1,1,0,1,0,1,1,0,0,0,2020-02-27 22:00:00,17134872.0,508,92%,74.65,3.32,6.4,16.4,64.8,18.8,0.98,2020-03-16 00:00:00,43996045.0,902355.0,1.99377499625,2.373549975,4.94500624938,7.5629125525,11.9835625294,14.721874953099999,16.5509375331,16.6398750544,13.895624995599999,10.3473501212,5.9162374725,3.49061252188,9.2017376425
2020-05-01,1171,Netherlands,39791,4893,0,3/23/2020,5.0,0,3.0,7.0,8.0,1,1,0,1,0,1,1,0,0,1,0,0,0,1,1,1,0,1,0,1,1,0,0,0,2020-02-27 22:00:00,17134872.0,508,92%,74.65,3.32,6.4,16.4,64.8,18.8,0.98,2020-03-16 00:00:00,43996045.0,902355.0,1.99377499625,2.373549975,4.94500624938,7.5629125525,11.9835625294,14.721874953099999,16.5509375331,16.6398750544,13.895624995599999,10.3473501212,5.9162374725,3.49061252188,9.2017376425
2020-05-02,1182,Netherlands,40236,4987,0,3/23/2020,5.0,0,3.0,7.0,8.0,1,1,0,1,0,1,1,0,0,1,0,0,0,1,1,1,0,1,0,1,1,0,0,0,2020-02-27 22:00:00,17134872.0,508,92%,74.65,3.32,6.4,16.4,64.8,18.8,0.98,2020-03-16 00:00:00,43996045.0,902355.0,1.99377499625,2.373549975,4.94500624938,7.5629125525,11.9835625294,14.721874953099999,16.5509375331,16.6398750544,13.895624995599999,10.3473501212,5.9162374725,3.49061252188,9.2017376425
2020-05-03,1183,Netherlands,40571,5056,0,3/23/2020,5.0,0,3.0,7.0,8.0,1,1,0,1,0,1,1,0,0,1,0,0,0,1,1,1,0,1,0,1,1,0,0,0,2020-02-27 22:00:00,17134872.0,508,92%,74.65,3.32,6.4,16.4,64.8,18.8,0.98,2020-03-16 00:00:00,43996045.0,902355.0,1.99377499625,2.373549975,4.94500624938,7.5629125525,11.9835625294,14.721874953099999,16.5509375331,16.6398750544,13.895624995599999,10.3473501212,5.9162374725,3.49061252188,9.2017376425
2020-05-04,1184,Netherlands,40770,5082,0,3/23/2020,5.0,0,3.0,7.0,8.0,1,1,0,1,0,1,1,0,0,1,0,0,0,1,1,1,0,1,0,1,1,0,0,0,2020-02-27 22:00:00,17134872.0,508,92%,74.65,3.32,6.4,16.4,64.8,18.8,0.98,2020-03-16 00:00:00,43996045.0,902355.0,1.99377499625,2.373549975,4.94500624938,7.5629125525,11.9835625294,14.721874953099999,16.5509375331,16.6398750544,13.895624995599999,10.3473501212,5.9162374725,3.49061252188,9.2017376425
2020-05-05,1185,Netherlands,41087,5168,0,3/23/2020,5.0,0,3.0,7.0,8.0,1,1,0,1,0,1,1,0,0,1,0,0,0,1,1,1,0,1,0,1,1,0,0,0,2020-02-27 22:00:00,17134872.0,508,92%,74.65,3.32,6.4,16.4,64.8,18.8,0.98,2020-03-16 00:00:00,43996045.0,902355.0,1.99377499625,2.373549975,4.94500624938,7.5629125525,11.9835625294,14.721874953099999,16.5509375331,16.6398750544,13.895624995599999,10.3473501212,5.9162374725,3.49061252188,9.2017376425
2020-05-06,1186,Netherlands,41319,5204,0,3/23/2020,5.0,0,3.0,7.0,8.0,1,1,0,1,0,1,1,0,0,1,0,0,0,1,1,1,0,1,0,1,1,0,0,0,2020-02-27 22:00:00,17134872.0,508,92%,74.65,3.32,6.4,16.4,64.8,18.8,0.98,2020-03-16 00:00:00,43996045.0,902355.0,1.99377499625,2.373549975,4.94500624938,7.5629125525,11.9835625294,14.721874953099999,16.5509375331,16.6398750544,13.895624995599999,10.3473501212,5.9162374725,3.49061252188,9.2017376425
2020-05-07,1187,Netherlands,41774,5288,0,3/23/2020,5.0,0,3.0,7.0,8.0,1,1,0,1,0,1,1,0,0,1,0,0,0,1,1,1,0,1,0,1,1,0,0,0,2020-02-27 22:00:00,17134872.0,508,92%,74.65,3.32,6.4,16.4,64.8,18.8,0.98,2020-03-16 00:00:00,43996045.0,902355.0,1.99377499625,2.373549975,4.94500624938,7.5629125525,11.9835625294,14.721874953099999,16.5509375331,16.6398750544,13.895624995599999,10.3473501212,5.9162374725,3.49061252188,9.2017376425
2020-05-08,1188,Netherlands,42093,5359,0,3/23/2020,5.0,0,3.0,7.0,8.0,1,1,0,1,0,1,1,0,0,1,0,0,0,1,1,1,0,1,0,1,1,0,0,0,2020-02-27 22:00:00,17134872.0,508,92%,74.65,3.32,6.4,16.4,64.8,18.8,0.98,2020-03-16 00:00:00,43996045.0,902355.0,1.99377499625,2.373549975,4.94500624938,7.5629125525,11.9835625294,14.721874953099999,16.5509375331,16.6398750544,13.895624995599999,10.3473501212,5.9162374725,3.49061252188,9.2017376425
2020-05-09,1189,Netherlands,42382,5422,0,3/23/2020,5.0,0,3.0,7.0,8.0,1,1,0,1,0,1,1,0,0,1,0,0,0,1,1,1,0,1,0,1,1,0,0,0,2020-02-27 22:00:00,17134872.0,508,92%,74.65,3.32,6.4,16.4,64.8,18.8,0.98,2020-03-16 00:00:00,43996045.0,902355.0,1.99377499625,2.373549975,4.94500624938,7.5629125525,11.9835625294,14.721874953099999,16.5509375331,16.6398750544,13.895624995599999,10.3473501212,5.9162374725,3.49061252188,9.2017376425
2020-05-10,1172,Netherlands,42627,5440,0,3/23/2020,5.0,0,3.0,7.0,8.0,1,1,0,1,0,1,1,0,0,1,0,0,0,1,1,1,0,1,0,1,1,0,0,0,2020-02-27 22:00:00,17134872.0,508,92%,74.65,3.32,6.4,16.4,64.8,18.8,0.98,2020-03-16 00:00:00,43996045.0,902355.0,1.99377499625,2.373549975,4.94500624938,7.5629125525,11.9835625294,14.721874953099999,16.5509375331,16.6398750544,13.895624995599999,10.3473501212,5.9162374725,3.49061252188,9.2017376425
2020-05-11,1173,Netherlands,42788,5456,0,3/23/2020,5.0,0,3.0,7.0,8.0,1,1,0,1,0,1,1,0,0,1,0,0,0,1,1,1,0,1,0,1,1,0,0,0,2020-02-27 22:00:00,17134872.0,508,92%,74.65,3.32,6.4,16.4,64.8,18.8,0.98,2020-03-16 00:00:00,43996045.0,902355.0,1.99377499625,2.373549975,4.94500624938,7.5629125525,11.9835625294,14.721874953099999,16.5509375331,16.6398750544,13.895624995599999,10.3473501212,5.9162374725,3.49061252188,9.2017376425
2020-05-12,1174,Netherlands,42984,5510,0,3/23/2020,5.0,0,3.0,7.0,8.0,1,1,0,1,0,1,1,0,0,1,0,0,0,1,1,1,0,1,0,1,1,0,0,0,2020-02-27 22:00:00,17134872.0,508,92%,74.65,3.32,6.4,16.4,64.8,18.8,0.98,2020-03-16 00:00:00,43996045.0,902355.0,1.99377499625,2.373549975,4.94500624938,7.5629125525,11.9835625294,14.721874953099999,16.5509375331,16.6398750544,13.895624995599999,10.3473501212,5.9162374725,3.49061252188,9.2017376425
2020-05-13,1175,Netherlands,43211,5562,0,3/23/2020,5.0,0,3.0,7.0,8.0,1,1,0,1,0,1,1,0,0,1,0,0,0,1,1,1,0,1,0,1,1,0,0,0,2020-02-27 22:00:00,17134872.0,508,92%,74.65,3.32,6.4,16.4,64.8,18.8,0.98,2020-03-16 00:00:00,43996045.0,902355.0,1.99377499625,2.373549975,4.94500624938,7.5629125525,11.9835625294,14.721874953099999,16.5509375331,16.6398750544,13.895624995599999,10.3473501212,5.9162374725,3.49061252188,9.2017376425
2020-05-14,1176,Netherlands,43481,5590,0,3/23/2020,5.0,0,3.0,7.0,8.0,1,1,0,1,0,1,1,0,0,1,0,0,0,1,1,1,0,1,0,1,1,0,0,0,2020-02-27 22:00:00,17134872.0,508,92%,74.65,3.32,6.4,16.4,64.8,18.8,0.98,2020-03-16 00:00:00,43996045.0,902355.0,1.99377499625,2.373549975,4.94500624938,7.5629125525,11.9835625294,14.721874953099999,16.5509375331,16.6398750544,13.895624995599999,10.3473501212,5.9162374725,3.49061252188,9.2017376425
2020-05-15,1177,Netherlands,43681,5643,0,3/23/2020,5.0,0,3.0,7.0,8.0,1,1,0,1,0,1,1,0,0,1,0,0,0,1,1,1,0,1,0,1,1,0,0,0,2020-02-27 22:00:00,17134872.0,508,92%,74.65,3.32,6.4,16.4,64.8,18.8,0.98,2020-03-16 00:00:00,43996045.0,902355.0,1.99377499625,2.373549975,4.94500624938,7.5629125525,11.9835625294,14.721874953099999,16.5509375331,16.6398750544,13.895624995599999,10.3473501212,5.9162374725,3.49061252188,9.2017376425
2020-05-16,1178,Netherlands,43870,5670,0,3/23/2020,5.0,0,3.0,7.0,8.0,1,1,0,1,0,1,1,0,0,1,0,0,0,1,1,1,0,1,0,1,1,0,0,0,2020-02-27 22:00:00,17134872.0,508,92%,74.65,3.32,6.4,16.4,64.8,18.8,0.98,2020-03-16 00:00:00,43996045.0,902355.0,1.99377499625,2.373549975,4.94500624938,7.5629125525,11.9835625294,14.721874953099999,16.5509375331,16.6398750544,13.895624995599999,10.3473501212,5.9162374725,3.49061252188,9.2017376425
2020-05-17,1179,Netherlands,43995,5680,0,3/23/2020,5.0,0,3.0,7.0,8.0,1,1,0,1,0,1,1,0,0,1,0,0,0,1,1,1,0,1,0,1,1,0,0,0,2020-02-27 22:00:00,17134872.0,508,92%,74.65,3.32,6.4,16.4,64.8,18.8,0.98,2020-03-16 00:00:00,43996045.0,902355.0,1.99377499625,2.373549975,4.94500624938,7.5629125525,11.9835625294,14.721874953099999,16.5509375331,16.6398750544,13.895624995599999,10.3473501212,5.9162374725,3.49061252188,9.2017376425
2020-05-18,1180,Netherlands,44141,5694,0,3/23/2020,5.0,0,3.0,7.0,8.0,1,1,0,1,0,1,1,0,0,1,0,0,0,1,1,1,0,1,0,1,1,0,0,0,2020-02-27 22:00:00,17134872.0,508,92%,74.65,3.32,6.4,16.4,64.8,18.8,0.98,2020-03-16 00:00:00,43996045.0,902355.0,1.99377499625,2.373549975,4.94500624938,7.5629125525,11.9835625294,14.721874953099999,16.5509375331,16.6398750544,13.895624995599999,10.3473501212,5.9162374725,3.49061252188,9.2017376425
2020-05-19,1181,Netherlands,44249,5715,0,3/23/2020,5.0,0,3.0,7.0,8.0,1,1,0,1,0,1,1,0,0,1,0,0,0,1,1,1,0,1,0,1,1,0,0,0,2020-02-27 22:00:00,17134872.0,508,92%,74.65,3.32,6.4,16.4,64.8,18.8,0.98,2020-03-16 00:00:00,43996045.0,902355.0,1.99377499625,2.373549975,4.94500624938,7.5629125525,11.9835625294,14.721874953099999,16.5509375331,16.6398750544,13.895624995599999,10.3473501212,5.9162374725,3.49061252188,9.2017376425
