Date,Country/Region,Date,Confirmed,Deaths,Recovered,start_date,lockdown_severity,leasure_shopping_prohibited,maximum_together,mentality_grade,government_performance,kindergarten_open_to_vital,highschool_open_to_vital,university_open_to_vital,going_out_for_dinner_prohibited_all,grocery_shopping_(supermarket)_prohibited_all,leaving_the_house_for_no_reason_prohibited_all,leisure_activities_like_cinemas_and_theatres_prohibited_all,ordering_food_prohibited_all,public_transportation_prohibited_all,sports_games_prohibited_all,hospital_open_to_vital,none_open_to_vital,none__open_to_vital,_closed_to_everyone,bars_closed_to_everyone,highschool_closed_to_everyone,kindergarten_closed_to_everyone,restaurants_closed_to_everyone,shops_other_than_supermarkets_closed_to_everyone,university_closed_to_everyone,protection_Not at all,protection_Only for any healthcare worker,protection_Only for hospital staff,protection_Sufficient for everyone,covid19_first_date,Population_2020,Density_KM2m,Urban_pop_pct,Health_Care_Index,hosp_beds_per_1000_2017,ICU-CCB_beds_per_100000,age_0_to_14_years_percent,age_15_to_64_years_percent,age_over_65_years_percent,sex_male_to_female_total,first_school_closure_date,airport_traffic_2018_thousands,gdp_usd_million,jan_temp,feb_temp,mar_temp,apr_temp,may_temp,jun_temp,july_temp,aug_temp,sept_temp,oct_temp,nov_temp,dec_temp,annual_temp
2020-01-22,Netherlands,2020-01-22,0,0,0,3/23/2020,5.0,0,3.0,7.0,8.0,1,1,0,1,0,1,1,0,0,1,0,0,0,1,1,1,0,1,0,1,1,0,0,0,2020-02-27 22:00:00,17134872.0,508,92%,74.65,3.32,6.4,16.4,64.8,18.8,0.98,2020-03-16 00:00:00,43996045.0,902355.0,1.99377499625,2.373549975,4.94500624938,7.5629125525,11.9835625294,14.721874953099999,16.5509375331,16.6398750544,13.895624995599999,10.3473501212,5.9162374725,3.49061252188,9.2017376425
2020-01-23,Netherlands,2020-01-23,0,0,0,3/23/2020,5.0,0,3.0,7.0,8.0,1,1,0,1,0,1,1,0,0,1,0,0,0,1,1,1,0,1,0,1,1,0,0,0,2020-02-27 22:00:00,17134872.0,508,92%,74.65,3.32,6.4,16.4,64.8,18.8,0.98,2020-03-16 00:00:00,43996045.0,902355.0,1.99377499625,2.373549975,4.94500624938,7.5629125525,11.9835625294,14.721874953099999,16.5509375331,16.6398750544,13.895624995599999,10.3473501212,5.9162374725,3.49061252188,9.2017376425
2020-01-24,Netherlands,2020-01-24,0,0,0,3/23/2020,5.0,0,3.0,7.0,8.0,1,1,0,1,0,1,1,0,0,1,0,0,0,1,1,1,0,1,0,1,1,0,0,0,2020-02-27 22:00:00,17134872.0,508,92%,74.65,3.32,6.4,16.4,64.8,18.8,0.98,2020-03-16 00:00:00,43996045.0,902355.0,1.99377499625,2.373549975,4.94500624938,7.5629125525,11.9835625294,14.721874953099999,16.5509375331,16.6398750544,13.895624995599999,10.3473501212,5.9162374725,3.49061252188,9.2017376425
2020-01-25,Netherlands,2020-01-25,0,0,0,3/23/2020,5.0,0,3.0,7.0,8.0,1,1,0,1,0,1,1,0,0,1,0,0,0,1,1,1,0,1,0,1,1,0,0,0,2020-02-27 22:00:00,17134872.0,508,92%,74.65,3.32,6.4,16.4,64.8,18.8,0.98,2020-03-16 00:00:00,43996045.0,902355.0,1.99377499625,2.373549975,4.94500624938,7.5629125525,11.9835625294,14.721874953099999,16.5509375331,16.6398750544,13.895624995599999,10.3473501212,5.9162374725,3.49061252188,9.2017376425
2020-01-26,Netherlands,2020-01-26,0,0,0,3/23/2020,5.0,0,3.0,7.0,8.0,1,1,0,1,0,1,1,0,0,1,0,0,0,1,1,1,0,1,0,1,1,0,0,0,2020-02-27 22:00:00,17134872.0,508,92%,74.65,3.32,6.4,16.4,64.8,18.8,0.98,2020-03-16 00:00:00,43996045.0,902355.0,1.99377499625,2.373549975,4.94500624938,7.5629125525,11.9835625294,14.721874953099999,16.5509375331,16.6398750544,13.895624995599999,10.3473501212,5.9162374725,3.49061252188,9.2017376425
2020-01-27,Netherlands,2020-01-27,0,0,0,3/23/2020,5.0,0,3.0,7.0,8.0,1,1,0,1,0,1,1,0,0,1,0,0,0,1,1,1,0,1,0,1,1,0,0,0,2020-02-27 22:00:00,17134872.0,508,92%,74.65,3.32,6.4,16.4,64.8,18.8,0.98,2020-03-16 00:00:00,43996045.0,902355.0,1.99377499625,2.373549975,4.94500624938,7.5629125525,11.9835625294,14.721874953099999,16.5509375331,16.6398750544,13.895624995599999,10.3473501212,5.9162374725,3.49061252188,9.2017376425
2020-01-28,Netherlands,2020-01-28,0,0,0,3/23/2020,5.0,0,3.0,7.0,8.0,1,1,0,1,0,1,1,0,0,1,0,0,0,1,1,1,0,1,0,1,1,0,0,0,2020-02-27 22:00:00,17134872.0,508,92%,74.65,3.32,6.4,16.4,64.8,18.8,0.98,2020-03-16 00:00:00,43996045.0,902355.0,1.99377499625,2.373549975,4.94500624938,7.5629125525,11.9835625294,14.721874953099999,16.5509375331,16.6398750544,13.895624995599999,10.3473501212,5.9162374725,3.49061252188,9.2017376425
2020-01-29,Netherlands,2020-01-29,0,0,0,3/23/2020,5.0,0,3.0,7.0,8.0,1,1,0,1,0,1,1,0,0,1,0,0,0,1,1,1,0,1,0,1,1,0,0,0,2020-02-27 22:00:00,17134872.0,508,92%,74.65,3.32,6.4,16.4,64.8,18.8,0.98,2020-03-16 00:00:00,43996045.0,902355.0,1.99377499625,2.373549975,4.94500624938,7.5629125525,11.9835625294,14.721874953099999,16.5509375331,16.6398750544,13.895624995599999,10.3473501212,5.9162374725,3.49061252188,9.2017376425
2020-01-30,Netherlands,2020-01-30,0,0,0,3/23/2020,5.0,0,3.0,7.0,8.0,1,1,0,1,0,1,1,0,0,1,0,0,0,1,1,1,0,1,0,1,1,0,0,0,2020-02-27 22:00:00,17134872.0,508,92%,74.65,3.32,6.4,16.4,64.8,18.8,0.98,2020-03-16 00:00:00,43996045.0,902355.0,1.99377499625,2.373549975,4.94500624938,7.5629125525,11.9835625294,14.721874953099999,16.5509375331,16.6398750544,13.895624995599999,10.3473501212,5.9162374725,3.49061252188,9.2017376425
2020-01-31,Netherlands,2020-01-31,0,0,0,3/23/2020,5.0,0,3.0,7.0,8.0,1,1,0,1,0,1,1,0,0,1,0,0,0,1,1,1,0,1,0,1,1,0,0,0,2020-02-27 22:00:00,17134872.0,508,92%,74.65,3.32,6.4,16.4,64.8,18.8,0.98,2020-03-16 00:00:00,43996045.0,902355.0,1.99377499625,2.373549975,4.94500624938,7.5629125525,11.9835625294,14.721874953099999,16.5509375331,16.6398750544,13.895624995599999,10.3473501212,5.9162374725,3.49061252188,9.2017376425
2020-02-01,Netherlands,2020-02-01,0,0,0,3/23/2020,5.0,0,3.0,7.0,8.0,1,1,0,1,0,1,1,0,0,1,0,0,0,1,1,1,0,1,0,1,1,0,0,0,2020-02-27 22:00:00,17134872.0,508,92%,74.65,3.32,6.4,16.4,64.8,18.8,0.98,2020-03-16 00:00:00,43996045.0,902355.0,1.99377499625,2.373549975,4.94500624938,7.5629125525,11.9835625294,14.721874953099999,16.5509375331,16.6398750544,13.895624995599999,10.3473501212,5.9162374725,3.49061252188,9.2017376425
2020-02-02,Netherlands,2020-02-02,0,0,0,3/23/2020,5.0,0,3.0,7.0,8.0,1,1,0,1,0,1,1,0,0,1,0,0,0,1,1,1,0,1,0,1,1,0,0,0,2020-02-27 22:00:00,17134872.0,508,92%,74.65,3.32,6.4,16.4,64.8,18.8,0.98,2020-03-16 00:00:00,43996045.0,902355.0,1.99377499625,2.373549975,4.94500624938,7.5629125525,11.9835625294,14.721874953099999,16.5509375331,16.6398750544,13.895624995599999,10.3473501212,5.9162374725,3.49061252188,9.2017376425
2020-02-03,Netherlands,2020-02-03,0,0,0,3/23/2020,5.0,0,3.0,7.0,8.0,1,1,0,1,0,1,1,0,0,1,0,0,0,1,1,1,0,1,0,1,1,0,0,0,2020-02-27 22:00:00,17134872.0,508,92%,74.65,3.32,6.4,16.4,64.8,18.8,0.98,2020-03-16 00:00:00,43996045.0,902355.0,1.99377499625,2.373549975,4.94500624938,7.5629125525,11.9835625294,14.721874953099999,16.5509375331,16.6398750544,13.895624995599999,10.3473501212,5.9162374725,3.49061252188,9.2017376425
2020-02-04,Netherlands,2020-02-04,0,0,0,3/23/2020,5.0,0,3.0,7.0,8.0,1,1,0,1,0,1,1,0,0,1,0,0,0,1,1,1,0,1,0,1,1,0,0,0,2020-02-27 22:00:00,17134872.0,508,92%,74.65,3.32,6.4,16.4,64.8,18.8,0.98,2020-03-16 00:00:00,43996045.0,902355.0,1.99377499625,2.373549975,4.94500624938,7.5629125525,11.9835625294,14.721874953099999,16.5509375331,16.6398750544,13.895624995599999,10.3473501212,5.9162374725,3.49061252188,9.2017376425
2020-02-05,Netherlands,2020-02-05,0,0,0,3/23/2020,5.0,0,3.0,7.0,8.0,1,1,0,1,0,1,1,0,0,1,0,0,0,1,1,1,0,1,0,1,1,0,0,0,2020-02-27 22:00:00,17134872.0,508,92%,74.65,3.32,6.4,16.4,64.8,18.8,0.98,2020-03-16 00:00:00,43996045.0,902355.0,1.99377499625,2.373549975,4.94500624938,7.5629125525,11.9835625294,14.721874953099999,16.5509375331,16.6398750544,13.895624995599999,10.3473501212,5.9162374725,3.49061252188,9.2017376425
2020-02-06,Netherlands,2020-02-06,0,0,0,3/23/2020,5.0,0,3.0,7.0,8.0,1,1,0,1,0,1,1,0,0,1,0,0,0,1,1,1,0,1,0,1,1,0,0,0,2020-02-27 22:00:00,17134872.0,508,92%,74.65,3.32,6.4,16.4,64.8,18.8,0.98,2020-03-16 00:00:00,43996045.0,902355.0,1.99377499625,2.373549975,4.94500624938,7.5629125525,11.9835625294,14.721874953099999,16.5509375331,16.6398750544,13.895624995599999,10.3473501212,5.9162374725,3.49061252188,9.2017376425
2020-02-07,Netherlands,2020-02-07,0,0,0,3/23/2020,5.0,0,3.0,7.0,8.0,1,1,0,1,0,1,1,0,0,1,0,0,0,1,1,1,0,1,0,1,1,0,0,0,2020-02-27 22:00:00,17134872.0,508,92%,74.65,3.32,6.4,16.4,64.8,18.8,0.98,2020-03-16 00:00:00,43996045.0,902355.0,1.99377499625,2.373549975,4.94500624938,7.5629125525,11.9835625294,14.721874953099999,16.5509375331,16.6398750544,13.895624995599999,10.3473501212,5.9162374725,3.49061252188,9.2017376425
2020-02-08,Netherlands,2020-02-08,0,0,0,3/23/2020,5.0,0,3.0,7.0,8.0,1,1,0,1,0,1,1,0,0,1,0,0,0,1,1,1,0,1,0,1,1,0,0,0,2020-02-27 22:00:00,17134872.0,508,92%,74.65,3.32,6.4,16.4,64.8,18.8,0.98,2020-03-16 00:00:00,43996045.0,902355.0,1.99377499625,2.373549975,4.94500624938,7.5629125525,11.9835625294,14.721874953099999,16.5509375331,16.6398750544,13.895624995599999,10.3473501212,5.9162374725,3.49061252188,9.2017376425
2020-02-09,Netherlands,2020-02-09,0,0,0,3/23/2020,5.0,0,3.0,7.0,8.0,1,1,0,1,0,1,1,0,0,1,0,0,0,1,1,1,0,1,0,1,1,0,0,0,2020-02-27 22:00:00,17134872.0,508,92%,74.65,3.32,6.4,16.4,64.8,18.8,0.98,2020-03-16 00:00:00,43996045.0,902355.0,1.99377499625,2.373549975,4.94500624938,7.5629125525,11.9835625294,14.721874953099999,16.5509375331,16.6398750544,13.895624995599999,10.3473501212,5.9162374725,3.49061252188,9.2017376425
2020-02-10,Netherlands,2020-02-10,0,0,0,3/23/2020,5.0,0,3.0,7.0,8.0,1,1,0,1,0,1,1,0,0,1,0,0,0,1,1,1,0,1,0,1,1,0,0,0,2020-02-27 22:00:00,17134872.0,508,92%,74.65,3.32,6.4,16.4,64.8,18.8,0.98,2020-03-16 00:00:00,43996045.0,902355.0,1.99377499625,2.373549975,4.94500624938,7.5629125525,11.9835625294,14.721874953099999,16.5509375331,16.6398750544,13.895624995599999,10.3473501212,5.9162374725,3.49061252188,9.2017376425
2020-02-11,Netherlands,2020-02-11,0,0,0,3/23/2020,5.0,0,3.0,7.0,8.0,1,1,0,1,0,1,1,0,0,1,0,0,0,1,1,1,0,1,0,1,1,0,0,0,2020-02-27 22:00:00,17134872.0,508,92%,74.65,3.32,6.4,16.4,64.8,18.8,0.98,2020-03-16 00:00:00,43996045.0,902355.0,1.99377499625,2.373549975,4.94500624938,7.5629125525,11.9835625294,14.721874953099999,16.5509375331,16.6398750544,13.895624995599999,10.3473501212,5.9162374725,3.49061252188,9.2017376425
2020-02-12,Netherlands,2020-02-12,0,0,0,3/23/2020,5.0,0,3.0,7.0,8.0,1,1,0,1,0,1,1,0,0,1,0,0,0,1,1,1,0,1,0,1,1,0,0,0,2020-02-27 22:00:00,17134872.0,508,92%,74.65,3.32,6.4,16.4,64.8,18.8,0.98,2020-03-16 00:00:00,43996045.0,902355.0,1.99377499625,2.373549975,4.94500624938,7.5629125525,11.9835625294,14.721874953099999,16.5509375331,16.6398750544,13.895624995599999,10.3473501212,5.9162374725,3.49061252188,9.2017376425
2020-02-13,Netherlands,2020-02-13,0,0,0,3/23/2020,5.0,0,3.0,7.0,8.0,1,1,0,1,0,1,1,0,0,1,0,0,0,1,1,1,0,1,0,1,1,0,0,0,2020-02-27 22:00:00,17134872.0,508,92%,74.65,3.32,6.4,16.4,64.8,18.8,0.98,2020-03-16 00:00:00,43996045.0,902355.0,1.99377499625,2.373549975,4.94500624938,7.5629125525,11.9835625294,14.721874953099999,16.5509375331,16.6398750544,13.895624995599999,10.3473501212,5.9162374725,3.49061252188,9.2017376425
2020-02-14,Netherlands,2020-02-14,0,0,0,3/23/2020,5.0,0,3.0,7.0,8.0,1,1,0,1,0,1,1,0,0,1,0,0,0,1,1,1,0,1,0,1,1,0,0,0,2020-02-27 22:00:00,17134872.0,508,92%,74.65,3.32,6.4,16.4,64.8,18.8,0.98,2020-03-16 00:00:00,43996045.0,902355.0,1.99377499625,2.373549975,4.94500624938,7.5629125525,11.9835625294,14.721874953099999,16.5509375331,16.6398750544,13.895624995599999,10.3473501212,5.9162374725,3.49061252188,9.2017376425
2020-02-15,Netherlands,2020-02-15,0,0,0,3/23/2020,5.0,0,3.0,7.0,8.0,1,1,0,1,0,1,1,0,0,1,0,0,0,1,1,1,0,1,0,1,1,0,0,0,2020-02-27 22:00:00,17134872.0,508,92%,74.65,3.32,6.4,16.4,64.8,18.8,0.98,2020-03-16 00:00:00,43996045.0,902355.0,1.99377499625,2.373549975,4.94500624938,7.5629125525,11.9835625294,14.721874953099999,16.5509375331,16.6398750544,13.895624995599999,10.3473501212,5.9162374725,3.49061252188,9.2017376425
2020-02-16,Netherlands,2020-02-16,0,0,0,3/23/2020,5.0,0,3.0,7.0,8.0,1,1,0,1,0,1,1,0,0,1,0,0,0,1,1,1,0,1,0,1,1,0,0,0,2020-02-27 22:00:00,17134872.0,508,92%,74.65,3.32,6.4,16.4,64.8,18.8,0.98,2020-03-16 00:00:00,43996045.0,902355.0,1.99377499625,2.373549975,4.94500624938,7.5629125525,11.9835625294,14.721874953099999,16.5509375331,16.6398750544,13.895624995599999,10.3473501212,5.9162374725,3.49061252188,9.2017376425
2020-02-17,Netherlands,2020-02-17,0,0,0,3/23/2020,5.0,0,3.0,7.0,8.0,1,1,0,1,0,1,1,0,0,1,0,0,0,1,1,1,0,1,0,1,1,0,0,0,2020-02-27 22:00:00,17134872.0,508,92%,74.65,3.32,6.4,16.4,64.8,18.8,0.98,2020-03-16 00:00:00,43996045.0,902355.0,1.99377499625,2.373549975,4.94500624938,7.5629125525,11.9835625294,14.721874953099999,16.5509375331,16.6398750544,13.895624995599999,10.3473501212,5.9162374725,3.49061252188,9.2017376425
2020-02-18,Netherlands,2020-02-18,0,0,0,3/23/2020,5.0,0,3.0,7.0,8.0,1,1,0,1,0,1,1,0,0,1,0,0,0,1,1,1,0,1,0,1,1,0,0,0,2020-02-27 22:00:00,17134872.0,508,92%,74.65,3.32,6.4,16.4,64.8,18.8,0.98,2020-03-16 00:00:00,43996045.0,902355.0,1.99377499625,2.373549975,4.94500624938,7.5629125525,11.9835625294,14.721874953099999,16.5509375331,16.6398750544,13.895624995599999,10.3473501212,5.9162374725,3.49061252188,9.2017376425
2020-02-19,Netherlands,2020-02-19,0,0,0,3/23/2020,5.0,0,3.0,7.0,8.0,1,1,0,1,0,1,1,0,0,1,0,0,0,1,1,1,0,1,0,1,1,0,0,0,2020-02-27 22:00:00,17134872.0,508,92%,74.65,3.32,6.4,16.4,64.8,18.8,0.98,2020-03-16 00:00:00,43996045.0,902355.0,1.99377499625,2.373549975,4.94500624938,7.5629125525,11.9835625294,14.721874953099999,16.5509375331,16.6398750544,13.895624995599999,10.3473501212,5.9162374725,3.49061252188,9.2017376425
2020-02-20,Netherlands,2020-02-20,0,0,0,3/23/2020,5.0,0,3.0,7.0,8.0,1,1,0,1,0,1,1,0,0,1,0,0,0,1,1,1,0,1,0,1,1,0,0,0,2020-02-27 22:00:00,17134872.0,508,92%,74.65,3.32,6.4,16.4,64.8,18.8,0.98,2020-03-16 00:00:00,43996045.0,902355.0,1.99377499625,2.373549975,4.94500624938,7.5629125525,11.9835625294,14.721874953099999,16.5509375331,16.6398750544,13.895624995599999,10.3473501212,5.9162374725,3.49061252188,9.2017376425
2020-02-21,Netherlands,2020-02-21,0,0,0,3/23/2020,5.0,0,3.0,7.0,8.0,1,1,0,1,0,1,1,0,0,1,0,0,0,1,1,1,0,1,0,1,1,0,0,0,2020-02-27 22:00:00,17134872.0,508,92%,74.65,3.32,6.4,16.4,64.8,18.8,0.98,2020-03-16 00:00:00,43996045.0,902355.0,1.99377499625,2.373549975,4.94500624938,7.5629125525,11.9835625294,14.721874953099999,16.5509375331,16.6398750544,13.895624995599999,10.3473501212,5.9162374725,3.49061252188,9.2017376425
2020-02-22,Netherlands,2020-02-22,0,0,0,3/23/2020,5.0,0,3.0,7.0,8.0,1,1,0,1,0,1,1,0,0,1,0,0,0,1,1,1,0,1,0,1,1,0,0,0,2020-02-27 22:00:00,17134872.0,508,92%,74.65,3.32,6.4,16.4,64.8,18.8,0.98,2020-03-16 00:00:00,43996045.0,902355.0,1.99377499625,2.373549975,4.94500624938,7.5629125525,11.9835625294,14.721874953099999,16.5509375331,16.6398750544,13.895624995599999,10.3473501212,5.9162374725,3.49061252188,9.2017376425
2020-02-23,Netherlands,2020-02-23,0,0,0,3/23/2020,5.0,0,3.0,7.0,8.0,1,1,0,1,0,1,1,0,0,1,0,0,0,1,1,1,0,1,0,1,1,0,0,0,2020-02-27 22:00:00,17134872.0,508,92%,74.65,3.32,6.4,16.4,64.8,18.8,0.98,2020-03-16 00:00:00,43996045.0,902355.0,1.99377499625,2.373549975,4.94500624938,7.5629125525,11.9835625294,14.721874953099999,16.5509375331,16.6398750544,13.895624995599999,10.3473501212,5.9162374725,3.49061252188,9.2017376425
2020-02-24,Netherlands,2020-02-24,0,0,0,3/23/2020,5.0,0,3.0,7.0,8.0,1,1,0,1,0,1,1,0,0,1,0,0,0,1,1,1,0,1,0,1,1,0,0,0,2020-02-27 22:00:00,17134872.0,508,92%,74.65,3.32,6.4,16.4,64.8,18.8,0.98,2020-03-16 00:00:00,43996045.0,902355.0,1.99377499625,2.373549975,4.94500624938,7.5629125525,11.9835625294,14.721874953099999,16.5509375331,16.6398750544,13.895624995599999,10.3473501212,5.9162374725,3.49061252188,9.2017376425
2020-02-25,Netherlands,2020-02-25,0,0,0,3/23/2020,5.0,0,3.0,7.0,8.0,1,1,0,1,0,1,1,0,0,1,0,0,0,1,1,1,0,1,0,1,1,0,0,0,2020-02-27 22:00:00,17134872.0,508,92%,74.65,3.32,6.4,16.4,64.8,18.8,0.98,2020-03-16 00:00:00,43996045.0,902355.0,1.99377499625,2.373549975,4.94500624938,7.5629125525,11.9835625294,14.721874953099999,16.5509375331,16.6398750544,13.895624995599999,10.3473501212,5.9162374725,3.49061252188,9.2017376425
2020-02-26,Netherlands,2020-02-26,0,0,0,3/23/2020,5.0,0,3.0,7.0,8.0,1,1,0,1,0,1,1,0,0,1,0,0,0,1,1,1,0,1,0,1,1,0,0,0,2020-02-27 22:00:00,17134872.0,508,92%,74.65,3.32,6.4,16.4,64.8,18.8,0.98,2020-03-16 00:00:00,43996045.0,902355.0,1.99377499625,2.373549975,4.94500624938,7.5629125525,11.9835625294,14.721874953099999,16.5509375331,16.6398750544,13.895624995599999,10.3473501212,5.9162374725,3.49061252188,9.2017376425
2020-02-27,Netherlands,2020-02-27,1,0,0,3/23/2020,5.0,0,3.0,7.0,8.0,1,1,0,1,0,1,1,0,0,1,0,0,0,1,1,1,0,1,0,1,1,0,0,0,2020-02-27 22:00:00,17134872.0,508,92%,74.65,3.32,6.4,16.4,64.8,18.8,0.98,2020-03-16 00:00:00,43996045.0,902355.0,1.99377499625,2.373549975,4.94500624938,7.5629125525,11.9835625294,14.721874953099999,16.5509375331,16.6398750544,13.895624995599999,10.3473501212,5.9162374725,3.49061252188,9.2017376425
2020-02-28,Netherlands,2020-02-28,1,0,0,3/23/2020,5.0,0,3.0,7.0,8.0,1,1,0,1,0,1,1,0,0,1,0,0,0,1,1,1,0,1,0,1,1,0,0,0,2020-02-27 22:00:00,17134872.0,508,92%,74.65,3.32,6.4,16.4,64.8,18.8,0.98,2020-03-16 00:00:00,43996045.0,902355.0,1.99377499625,2.373549975,4.94500624938,7.5629125525,11.9835625294,14.721874953099999,16.5509375331,16.6398750544,13.895624995599999,10.3473501212,5.9162374725,3.49061252188,9.2017376425
2020-02-29,Netherlands,2020-02-29,6,0,0,3/23/2020,5.0,0,3.0,7.0,8.0,1,1,0,1,0,1,1,0,0,1,0,0,0,1,1,1,0,1,0,1,1,0,0,0,2020-02-27 22:00:00,17134872.0,508,92%,74.65,3.32,6.4,16.4,64.8,18.8,0.98,2020-03-16 00:00:00,43996045.0,902355.0,1.99377499625,2.373549975,4.94500624938,7.5629125525,11.9835625294,14.721874953099999,16.5509375331,16.6398750544,13.895624995599999,10.3473501212,5.9162374725,3.49061252188,9.2017376425
2020-03-01,Netherlands,2020-03-01,10,0,0,3/23/2020,5.0,0,3.0,7.0,8.0,1,1,0,1,0,1,1,0,0,1,0,0,0,1,1,1,0,1,0,1,1,0,0,0,2020-02-27 22:00:00,17134872.0,508,92%,74.65,3.32,6.4,16.4,64.8,18.8,0.98,2020-03-16 00:00:00,43996045.0,902355.0,1.99377499625,2.373549975,4.94500624938,7.5629125525,11.9835625294,14.721874953099999,16.5509375331,16.6398750544,13.895624995599999,10.3473501212,5.9162374725,3.49061252188,9.2017376425
2020-03-02,Netherlands,2020-03-02,18,0,0,3/23/2020,5.0,0,3.0,7.0,8.0,1,1,0,1,0,1,1,0,0,1,0,0,0,1,1,1,0,1,0,1,1,0,0,0,2020-02-27 22:00:00,17134872.0,508,92%,74.65,3.32,6.4,16.4,64.8,18.8,0.98,2020-03-16 00:00:00,43996045.0,902355.0,1.99377499625,2.373549975,4.94500624938,7.5629125525,11.9835625294,14.721874953099999,16.5509375331,16.6398750544,13.895624995599999,10.3473501212,5.9162374725,3.49061252188,9.2017376425
2020-03-03,Netherlands,2020-03-03,24,0,0,3/23/2020,5.0,0,3.0,7.0,8.0,1,1,0,1,0,1,1,0,0,1,0,0,0,1,1,1,0,1,0,1,1,0,0,0,2020-02-27 22:00:00,17134872.0,508,92%,74.65,3.32,6.4,16.4,64.8,18.8,0.98,2020-03-16 00:00:00,43996045.0,902355.0,1.99377499625,2.373549975,4.94500624938,7.5629125525,11.9835625294,14.721874953099999,16.5509375331,16.6398750544,13.895624995599999,10.3473501212,5.9162374725,3.49061252188,9.2017376425
2020-03-04,Netherlands,2020-03-04,38,0,0,3/23/2020,5.0,0,3.0,7.0,8.0,1,1,0,1,0,1,1,0,0,1,0,0,0,1,1,1,0,1,0,1,1,0,0,0,2020-02-27 22:00:00,17134872.0,508,92%,74.65,3.32,6.4,16.4,64.8,18.8,0.98,2020-03-16 00:00:00,43996045.0,902355.0,1.99377499625,2.373549975,4.94500624938,7.5629125525,11.9835625294,14.721874953099999,16.5509375331,16.6398750544,13.895624995599999,10.3473501212,5.9162374725,3.49061252188,9.2017376425
2020-03-05,Netherlands,2020-03-05,82,0,0,3/23/2020,5.0,0,3.0,7.0,8.0,1,1,0,1,0,1,1,0,0,1,0,0,0,1,1,1,0,1,0,1,1,0,0,0,2020-02-27 22:00:00,17134872.0,508,92%,74.65,3.32,6.4,16.4,64.8,18.8,0.98,2020-03-16 00:00:00,43996045.0,902355.0,1.99377499625,2.373549975,4.94500624938,7.5629125525,11.9835625294,14.721874953099999,16.5509375331,16.6398750544,13.895624995599999,10.3473501212,5.9162374725,3.49061252188,9.2017376425
2020-03-06,Netherlands,2020-03-06,128,1,0,3/23/2020,5.0,0,3.0,7.0,8.0,1,1,0,1,0,1,1,0,0,1,0,0,0,1,1,1,0,1,0,1,1,0,0,0,2020-02-27 22:00:00,17134872.0,508,92%,74.65,3.32,6.4,16.4,64.8,18.8,0.98,2020-03-16 00:00:00,43996045.0,902355.0,1.99377499625,2.373549975,4.94500624938,7.5629125525,11.9835625294,14.721874953099999,16.5509375331,16.6398750544,13.895624995599999,10.3473501212,5.9162374725,3.49061252188,9.2017376425
2020-03-07,Netherlands,2020-03-07,188,1,0,3/23/2020,5.0,0,3.0,7.0,8.0,1,1,0,1,0,1,1,0,0,1,0,0,0,1,1,1,0,1,0,1,1,0,0,0,2020-02-27 22:00:00,17134872.0,508,92%,74.65,3.32,6.4,16.4,64.8,18.8,0.98,2020-03-16 00:00:00,43996045.0,902355.0,1.99377499625,2.373549975,4.94500624938,7.5629125525,11.9835625294,14.721874953099999,16.5509375331,16.6398750544,13.895624995599999,10.3473501212,5.9162374725,3.49061252188,9.2017376425
2020-03-08,Netherlands,2020-03-08,265,3,0,3/23/2020,5.0,0,3.0,7.0,8.0,1,1,0,1,0,1,1,0,0,1,0,0,0,1,1,1,0,1,0,1,1,0,0,0,2020-02-27 22:00:00,17134872.0,508,92%,74.65,3.32,6.4,16.4,64.8,18.8,0.98,2020-03-16 00:00:00,43996045.0,902355.0,1.99377499625,2.373549975,4.94500624938,7.5629125525,11.9835625294,14.721874953099999,16.5509375331,16.6398750544,13.895624995599999,10.3473501212,5.9162374725,3.49061252188,9.2017376425
2020-03-09,Netherlands,2020-03-09,321,3,0,3/23/2020,5.0,0,3.0,7.0,8.0,1,1,0,1,0,1,1,0,0,1,0,0,0,1,1,1,0,1,0,1,1,0,0,0,2020-02-27 22:00:00,17134872.0,508,92%,74.65,3.32,6.4,16.4,64.8,18.8,0.98,2020-03-16 00:00:00,43996045.0,902355.0,1.99377499625,2.373549975,4.94500624938,7.5629125525,11.9835625294,14.721874953099999,16.5509375331,16.6398750544,13.895624995599999,10.3473501212,5.9162374725,3.49061252188,9.2017376425
2020-03-10,Netherlands,2020-03-10,382,4,0,3/23/2020,5.0,0,3.0,7.0,8.0,1,1,0,1,0,1,1,0,0,1,0,0,0,1,1,1,0,1,0,1,1,0,0,0,2020-02-27 22:00:00,17134872.0,508,92%,74.65,3.32,6.4,16.4,64.8,18.8,0.98,2020-03-16 00:00:00,43996045.0,902355.0,1.99377499625,2.373549975,4.94500624938,7.5629125525,11.9835625294,14.721874953099999,16.5509375331,16.6398750544,13.895624995599999,10.3473501212,5.9162374725,3.49061252188,9.2017376425
2020-03-11,Netherlands,2020-03-11,503,5,0,3/23/2020,5.0,0,3.0,7.0,8.0,1,1,0,1,0,1,1,0,0,1,0,0,0,1,1,1,0,1,0,1,1,0,0,0,2020-02-27 22:00:00,17134872.0,508,92%,74.65,3.32,6.4,16.4,64.8,18.8,0.98,2020-03-16 00:00:00,43996045.0,902355.0,1.99377499625,2.373549975,4.94500624938,7.5629125525,11.9835625294,14.721874953099999,16.5509375331,16.6398750544,13.895624995599999,10.3473501212,5.9162374725,3.49061252188,9.2017376425
2020-03-12,Netherlands,2020-03-12,503,5,0,3/23/2020,5.0,0,3.0,7.0,8.0,1,1,0,1,0,1,1,0,0,1,0,0,0,1,1,1,0,1,0,1,1,0,0,0,2020-02-27 22:00:00,17134872.0,508,92%,74.65,3.32,6.4,16.4,64.8,18.8,0.98,2020-03-16 00:00:00,43996045.0,902355.0,1.99377499625,2.373549975,4.94500624938,7.5629125525,11.9835625294,14.721874953099999,16.5509375331,16.6398750544,13.895624995599999,10.3473501212,5.9162374725,3.49061252188,9.2017376425
2020-03-13,Netherlands,2020-03-13,804,10,0,3/23/2020,5.0,0,3.0,7.0,8.0,1,1,0,1,0,1,1,0,0,1,0,0,0,1,1,1,0,1,0,1,1,0,0,0,2020-02-27 22:00:00,17134872.0,508,92%,74.65,3.32,6.4,16.4,64.8,18.8,0.98,2020-03-16 00:00:00,43996045.0,902355.0,1.99377499625,2.373549975,4.94500624938,7.5629125525,11.9835625294,14.721874953099999,16.5509375331,16.6398750544,13.895624995599999,10.3473501212,5.9162374725,3.49061252188,9.2017376425
2020-03-14,Netherlands,2020-03-14,959,12,2,3/23/2020,5.0,0,3.0,7.0,8.0,1,1,0,1,0,1,1,0,0,1,0,0,0,1,1,1,0,1,0,1,1,0,0,0,2020-02-27 22:00:00,17134872.0,508,92%,74.65,3.32,6.4,16.4,64.8,18.8,0.98,2020-03-16 00:00:00,43996045.0,902355.0,1.99377499625,2.373549975,4.94500624938,7.5629125525,11.9835625294,14.721874953099999,16.5509375331,16.6398750544,13.895624995599999,10.3473501212,5.9162374725,3.49061252188,9.2017376425
2020-03-15,Netherlands,2020-03-15,1135,20,2,3/23/2020,5.0,0,3.0,7.0,8.0,1,1,0,1,0,1,1,0,0,1,0,0,0,1,1,1,0,1,0,1,1,0,0,0,2020-02-27 22:00:00,17134872.0,508,92%,74.65,3.32,6.4,16.4,64.8,18.8,0.98,2020-03-16 00:00:00,43996045.0,902355.0,1.99377499625,2.373549975,4.94500624938,7.5629125525,11.9835625294,14.721874953099999,16.5509375331,16.6398750544,13.895624995599999,10.3473501212,5.9162374725,3.49061252188,9.2017376425
2020-03-16,Netherlands,2020-03-16,1413,24,2,3/23/2020,5.0,0,3.0,7.0,8.0,1,1,0,1,0,1,1,0,0,1,0,0,0,1,1,1,0,1,0,1,1,0,0,0,2020-02-27 22:00:00,17134872.0,508,92%,74.65,3.32,6.4,16.4,64.8,18.8,0.98,2020-03-16 00:00:00,43996045.0,902355.0,1.99377499625,2.373549975,4.94500624938,7.5629125525,11.9835625294,14.721874953099999,16.5509375331,16.6398750544,13.895624995599999,10.3473501212,5.9162374725,3.49061252188,9.2017376425
2020-03-17,Netherlands,2020-03-17,1705,43,2,3/23/2020,5.0,0,3.0,7.0,8.0,1,1,0,1,0,1,1,0,0,1,0,0,0,1,1,1,0,1,0,1,1,0,0,0,2020-02-27 22:00:00,17134872.0,508,92%,74.65,3.32,6.4,16.4,64.8,18.8,0.98,2020-03-16 00:00:00,43996045.0,902355.0,1.99377499625,2.373549975,4.94500624938,7.5629125525,11.9835625294,14.721874953099999,16.5509375331,16.6398750544,13.895624995599999,10.3473501212,5.9162374725,3.49061252188,9.2017376425
2020-03-18,Netherlands,2020-03-18,2051,58,2,3/23/2020,5.0,0,3.0,7.0,8.0,1,1,0,1,0,1,1,0,0,1,0,0,0,1,1,1,0,1,0,1,1,0,0,0,2020-02-27 22:00:00,17134872.0,508,92%,74.65,3.32,6.4,16.4,64.8,18.8,0.98,2020-03-16 00:00:00,43996045.0,902355.0,1.99377499625,2.373549975,4.94500624938,7.5629125525,11.9835625294,14.721874953099999,16.5509375331,16.6398750544,13.895624995599999,10.3473501212,5.9162374725,3.49061252188,9.2017376425
2020-03-19,Netherlands,2020-03-19,2460,76,2,3/23/2020,5.0,0,3.0,7.0,8.0,1,1,0,1,0,1,1,0,0,1,0,0,0,1,1,1,0,1,0,1,1,0,0,0,2020-02-27 22:00:00,17134872.0,508,92%,74.65,3.32,6.4,16.4,64.8,18.8,0.98,2020-03-16 00:00:00,43996045.0,902355.0,1.99377499625,2.373549975,4.94500624938,7.5629125525,11.9835625294,14.721874953099999,16.5509375331,16.6398750544,13.895624995599999,10.3473501212,5.9162374725,3.49061252188,9.2017376425
2020-03-20,Netherlands,2020-03-20,2994,106,2,3/23/2020,5.0,0,3.0,7.0,8.0,1,1,0,1,0,1,1,0,0,1,0,0,0,1,1,1,0,1,0,1,1,0,0,0,2020-02-27 22:00:00,17134872.0,508,92%,74.65,3.32,6.4,16.4,64.8,18.8,0.98,2020-03-16 00:00:00,43996045.0,902355.0,1.99377499625,2.373549975,4.94500624938,7.5629125525,11.9835625294,14.721874953099999,16.5509375331,16.6398750544,13.895624995599999,10.3473501212,5.9162374725,3.49061252188,9.2017376425
2020-03-21,Netherlands,2020-03-21,3631,136,2,3/23/2020,5.0,0,3.0,7.0,8.0,1,1,0,1,0,1,1,0,0,1,0,0,0,1,1,1,0,1,0,1,1,0,0,0,2020-02-27 22:00:00,17134872.0,508,92%,74.65,3.32,6.4,16.4,64.8,18.8,0.98,2020-03-16 00:00:00,43996045.0,902355.0,1.99377499625,2.373549975,4.94500624938,7.5629125525,11.9835625294,14.721874953099999,16.5509375331,16.6398750544,13.895624995599999,10.3473501212,5.9162374725,3.49061252188,9.2017376425
2020-03-22,Netherlands,2020-03-22,4204,179,2,3/23/2020,5.0,0,3.0,7.0,8.0,1,1,0,1,0,1,1,0,0,1,0,0,0,1,1,1,0,1,0,1,1,0,0,0,2020-02-27 22:00:00,17134872.0,508,92%,74.65,3.32,6.4,16.4,64.8,18.8,0.98,2020-03-16 00:00:00,43996045.0,902355.0,1.99377499625,2.373549975,4.94500624938,7.5629125525,11.9835625294,14.721874953099999,16.5509375331,16.6398750544,13.895624995599999,10.3473501212,5.9162374725,3.49061252188,9.2017376425
2020-03-23,Netherlands,2020-03-23,4749,213,2,3/23/2020,5.0,0,3.0,7.0,8.0,1,1,0,1,0,1,1,0,0,1,0,0,0,1,1,1,0,1,0,1,1,0,0,0,2020-02-27 22:00:00,17134872.0,508,92%,74.65,3.32,6.4,16.4,64.8,18.8,0.98,2020-03-16 00:00:00,43996045.0,902355.0,1.99377499625,2.373549975,4.94500624938,7.5629125525,11.9835625294,14.721874953099999,16.5509375331,16.6398750544,13.895624995599999,10.3473501212,5.9162374725,3.49061252188,9.2017376425
2020-03-24,Netherlands,2020-03-24,5560,276,2,3/23/2020,5.0,0,3.0,7.0,8.0,1,1,0,1,0,1,1,0,0,1,0,0,0,1,1,1,0,1,0,1,1,0,0,0,2020-02-27 22:00:00,17134872.0,508,92%,74.65,3.32,6.4,16.4,64.8,18.8,0.98,2020-03-16 00:00:00,43996045.0,902355.0,1.99377499625,2.373549975,4.94500624938,7.5629125525,11.9835625294,14.721874953099999,16.5509375331,16.6398750544,13.895624995599999,10.3473501212,5.9162374725,3.49061252188,9.2017376425
2020-03-25,Netherlands,2020-03-25,6412,356,3,3/23/2020,5.0,0,3.0,7.0,8.0,1,1,0,1,0,1,1,0,0,1,0,0,0,1,1,1,0,1,0,1,1,0,0,0,2020-02-27 22:00:00,17134872.0,508,92%,74.65,3.32,6.4,16.4,64.8,18.8,0.98,2020-03-16 00:00:00,43996045.0,902355.0,1.99377499625,2.373549975,4.94500624938,7.5629125525,11.9835625294,14.721874953099999,16.5509375331,16.6398750544,13.895624995599999,10.3473501212,5.9162374725,3.49061252188,9.2017376425
2020-03-26,Netherlands,2020-03-26,7431,434,3,3/23/2020,5.0,0,3.0,7.0,8.0,1,1,0,1,0,1,1,0,0,1,0,0,0,1,1,1,0,1,0,1,1,0,0,0,2020-02-27 22:00:00,17134872.0,508,92%,74.65,3.32,6.4,16.4,64.8,18.8,0.98,2020-03-16 00:00:00,43996045.0,902355.0,1.99377499625,2.373549975,4.94500624938,7.5629125525,11.9835625294,14.721874953099999,16.5509375331,16.6398750544,13.895624995599999,10.3473501212,5.9162374725,3.49061252188,9.2017376425
2020-03-27,Netherlands,2020-03-27,8603,546,3,3/23/2020,5.0,0,3.0,7.0,8.0,1,1,0,1,0,1,1,0,0,1,0,0,0,1,1,1,0,1,0,1,1,0,0,0,2020-02-27 22:00:00,17134872.0,508,92%,74.65,3.32,6.4,16.4,64.8,18.8,0.98,2020-03-16 00:00:00,43996045.0,902355.0,1.99377499625,2.373549975,4.94500624938,7.5629125525,11.9835625294,14.721874953099999,16.5509375331,16.6398750544,13.895624995599999,10.3473501212,5.9162374725,3.49061252188,9.2017376425
2020-03-28,Netherlands,2020-03-28,9762,639,3,3/23/2020,5.0,0,3.0,7.0,8.0,1,1,0,1,0,1,1,0,0,1,0,0,0,1,1,1,0,1,0,1,1,0,0,0,2020-02-27 22:00:00,17134872.0,508,92%,74.65,3.32,6.4,16.4,64.8,18.8,0.98,2020-03-16 00:00:00,43996045.0,902355.0,1.99377499625,2.373549975,4.94500624938,7.5629125525,11.9835625294,14.721874953099999,16.5509375331,16.6398750544,13.895624995599999,10.3473501212,5.9162374725,3.49061252188,9.2017376425
2020-03-29,Netherlands,2020-03-29,10866,771,250,3/23/2020,5.0,0,3.0,7.0,8.0,1,1,0,1,0,1,1,0,0,1,0,0,0,1,1,1,0,1,0,1,1,0,0,0,2020-02-27 22:00:00,17134872.0,508,92%,74.65,3.32,6.4,16.4,64.8,18.8,0.98,2020-03-16 00:00:00,43996045.0,902355.0,1.99377499625,2.373549975,4.94500624938,7.5629125525,11.9835625294,14.721874953099999,16.5509375331,16.6398750544,13.895624995599999,10.3473501212,5.9162374725,3.49061252188,9.2017376425
2020-03-30,Netherlands,2020-03-30,11750,864,250,3/23/2020,5.0,0,3.0,7.0,8.0,1,1,0,1,0,1,1,0,0,1,0,0,0,1,1,1,0,1,0,1,1,0,0,0,2020-02-27 22:00:00,17134872.0,508,92%,74.65,3.32,6.4,16.4,64.8,18.8,0.98,2020-03-16 00:00:00,43996045.0,902355.0,1.99377499625,2.373549975,4.94500624938,7.5629125525,11.9835625294,14.721874953099999,16.5509375331,16.6398750544,13.895624995599999,10.3473501212,5.9162374725,3.49061252188,9.2017376425
2020-03-31,Netherlands,2020-03-31,12595,1039,250,3/23/2020,5.0,0,3.0,7.0,8.0,1,1,0,1,0,1,1,0,0,1,0,0,0,1,1,1,0,1,0,1,1,0,0,0,2020-02-27 22:00:00,17134872.0,508,92%,74.65,3.32,6.4,16.4,64.8,18.8,0.98,2020-03-16 00:00:00,43996045.0,902355.0,1.99377499625,2.373549975,4.94500624938,7.5629125525,11.9835625294,14.721874953099999,16.5509375331,16.6398750544,13.895624995599999,10.3473501212,5.9162374725,3.49061252188,9.2017376425
2020-04-01,Netherlands,2020-04-01,13614,1173,250,3/23/2020,5.0,0,3.0,7.0,8.0,1,1,0,1,0,1,1,0,0,1,0,0,0,1,1,1,0,1,0,1,1,0,0,0,2020-02-27 22:00:00,17134872.0,508,92%,74.65,3.32,6.4,16.4,64.8,18.8,0.98,2020-03-16 00:00:00,43996045.0,902355.0,1.99377499625,2.373549975,4.94500624938,7.5629125525,11.9835625294,14.721874953099999,16.5509375331,16.6398750544,13.895624995599999,10.3473501212,5.9162374725,3.49061252188,9.2017376425
2020-04-02,Netherlands,2020-04-02,14697,1339,250,3/23/2020,5.0,0,3.0,7.0,8.0,1,1,0,1,0,1,1,0,0,1,0,0,0,1,1,1,0,1,0,1,1,0,0,0,2020-02-27 22:00:00,17134872.0,508,92%,74.65,3.32,6.4,16.4,64.8,18.8,0.98,2020-03-16 00:00:00,43996045.0,902355.0,1.99377499625,2.373549975,4.94500624938,7.5629125525,11.9835625294,14.721874953099999,16.5509375331,16.6398750544,13.895624995599999,10.3473501212,5.9162374725,3.49061252188,9.2017376425
2020-04-03,Netherlands,2020-04-03,15723,1487,250,3/23/2020,5.0,0,3.0,7.0,8.0,1,1,0,1,0,1,1,0,0,1,0,0,0,1,1,1,0,1,0,1,1,0,0,0,2020-02-27 22:00:00,17134872.0,508,92%,74.65,3.32,6.4,16.4,64.8,18.8,0.98,2020-03-16 00:00:00,43996045.0,902355.0,1.99377499625,2.373549975,4.94500624938,7.5629125525,11.9835625294,14.721874953099999,16.5509375331,16.6398750544,13.895624995599999,10.3473501212,5.9162374725,3.49061252188,9.2017376425
2020-04-04,Netherlands,2020-04-04,16627,1651,250,3/23/2020,5.0,0,3.0,7.0,8.0,1,1,0,1,0,1,1,0,0,1,0,0,0,1,1,1,0,1,0,1,1,0,0,0,2020-02-27 22:00:00,17134872.0,508,92%,74.65,3.32,6.4,16.4,64.8,18.8,0.98,2020-03-16 00:00:00,43996045.0,902355.0,1.99377499625,2.373549975,4.94500624938,7.5629125525,11.9835625294,14.721874953099999,16.5509375331,16.6398750544,13.895624995599999,10.3473501212,5.9162374725,3.49061252188,9.2017376425
2020-04-05,Netherlands,2020-04-05,17851,1766,250,3/23/2020,5.0,0,3.0,7.0,8.0,1,1,0,1,0,1,1,0,0,1,0,0,0,1,1,1,0,1,0,1,1,0,0,0,2020-02-27 22:00:00,17134872.0,508,92%,74.65,3.32,6.4,16.4,64.8,18.8,0.98,2020-03-16 00:00:00,43996045.0,902355.0,1.99377499625,2.373549975,4.94500624938,7.5629125525,11.9835625294,14.721874953099999,16.5509375331,16.6398750544,13.895624995599999,10.3473501212,5.9162374725,3.49061252188,9.2017376425
2020-04-06,Netherlands,2020-04-06,18803,1867,250,3/23/2020,5.0,0,3.0,7.0,8.0,1,1,0,1,0,1,1,0,0,1,0,0,0,1,1,1,0,1,0,1,1,0,0,0,2020-02-27 22:00:00,17134872.0,508,92%,74.65,3.32,6.4,16.4,64.8,18.8,0.98,2020-03-16 00:00:00,43996045.0,902355.0,1.99377499625,2.373549975,4.94500624938,7.5629125525,11.9835625294,14.721874953099999,16.5509375331,16.6398750544,13.895624995599999,10.3473501212,5.9162374725,3.49061252188,9.2017376425
2020-04-07,Netherlands,2020-04-07,19580,2101,250,3/23/2020,5.0,0,3.0,7.0,8.0,1,1,0,1,0,1,1,0,0,1,0,0,0,1,1,1,0,1,0,1,1,0,0,0,2020-02-27 22:00:00,17134872.0,508,92%,74.65,3.32,6.4,16.4,64.8,18.8,0.98,2020-03-16 00:00:00,43996045.0,902355.0,1.99377499625,2.373549975,4.94500624938,7.5629125525,11.9835625294,14.721874953099999,16.5509375331,16.6398750544,13.895624995599999,10.3473501212,5.9162374725,3.49061252188,9.2017376425
2020-04-08,Netherlands,2020-04-08,20549,2248,250,3/23/2020,5.0,0,3.0,7.0,8.0,1,1,0,1,0,1,1,0,0,1,0,0,0,1,1,1,0,1,0,1,1,0,0,0,2020-02-27 22:00:00,17134872.0,508,92%,74.65,3.32,6.4,16.4,64.8,18.8,0.98,2020-03-16 00:00:00,43996045.0,902355.0,1.99377499625,2.373549975,4.94500624938,7.5629125525,11.9835625294,14.721874953099999,16.5509375331,16.6398750544,13.895624995599999,10.3473501212,5.9162374725,3.49061252188,9.2017376425
2020-04-09,Netherlands,2020-04-09,21762,2396,250,3/23/2020,5.0,0,3.0,7.0,8.0,1,1,0,1,0,1,1,0,0,1,0,0,0,1,1,1,0,1,0,1,1,0,0,0,2020-02-27 22:00:00,17134872.0,508,92%,74.65,3.32,6.4,16.4,64.8,18.8,0.98,2020-03-16 00:00:00,43996045.0,902355.0,1.99377499625,2.373549975,4.94500624938,7.5629125525,11.9835625294,14.721874953099999,16.5509375331,16.6398750544,13.895624995599999,10.3473501212,5.9162374725,3.49061252188,9.2017376425
2020-04-10,Netherlands,2020-04-10,23097,2511,250,3/23/2020,5.0,0,3.0,7.0,8.0,1,1,0,1,0,1,1,0,0,1,0,0,0,1,1,1,0,1,0,1,1,0,0,0,2020-02-27 22:00:00,17134872.0,508,92%,74.65,3.32,6.4,16.4,64.8,18.8,0.98,2020-03-16 00:00:00,43996045.0,902355.0,1.99377499625,2.373549975,4.94500624938,7.5629125525,11.9835625294,14.721874953099999,16.5509375331,16.6398750544,13.895624995599999,10.3473501212,5.9162374725,3.49061252188,9.2017376425
2020-04-11,Netherlands,2020-04-11,24413,2643,250,3/23/2020,5.0,0,3.0,7.0,8.0,1,1,0,1,0,1,1,0,0,1,0,0,0,1,1,1,0,1,0,1,1,0,0,0,2020-02-27 22:00:00,17134872.0,508,92%,74.65,3.32,6.4,16.4,64.8,18.8,0.98,2020-03-16 00:00:00,43996045.0,902355.0,1.99377499625,2.373549975,4.94500624938,7.5629125525,11.9835625294,14.721874953099999,16.5509375331,16.6398750544,13.895624995599999,10.3473501212,5.9162374725,3.49061252188,9.2017376425
2020-04-12,Netherlands,2020-04-12,25587,2737,250,3/23/2020,5.0,0,3.0,7.0,8.0,1,1,0,1,0,1,1,0,0,1,0,0,0,1,1,1,0,1,0,1,1,0,0,0,2020-02-27 22:00:00,17134872.0,508,92%,74.65,3.32,6.4,16.4,64.8,18.8,0.98,2020-03-16 00:00:00,43996045.0,902355.0,1.99377499625,2.373549975,4.94500624938,7.5629125525,11.9835625294,14.721874953099999,16.5509375331,16.6398750544,13.895624995599999,10.3473501212,5.9162374725,3.49061252188,9.2017376425
2020-04-13,Netherlands,2020-04-13,26551,2823,250,3/23/2020,5.0,0,3.0,7.0,8.0,1,1,0,1,0,1,1,0,0,1,0,0,0,1,1,1,0,1,0,1,1,0,0,0,2020-02-27 22:00:00,17134872.0,508,92%,74.65,3.32,6.4,16.4,64.8,18.8,0.98,2020-03-16 00:00:00,43996045.0,902355.0,1.99377499625,2.373549975,4.94500624938,7.5629125525,11.9835625294,14.721874953099999,16.5509375331,16.6398750544,13.895624995599999,10.3473501212,5.9162374725,3.49061252188,9.2017376425
2020-04-14,Netherlands,2020-04-14,27419,2945,250,3/23/2020,5.0,0,3.0,7.0,8.0,1,1,0,1,0,1,1,0,0,1,0,0,0,1,1,1,0,1,0,1,1,0,0,0,2020-02-27 22:00:00,17134872.0,508,92%,74.65,3.32,6.4,16.4,64.8,18.8,0.98,2020-03-16 00:00:00,43996045.0,902355.0,1.99377499625,2.373549975,4.94500624938,7.5629125525,11.9835625294,14.721874953099999,16.5509375331,16.6398750544,13.895624995599999,10.3473501212,5.9162374725,3.49061252188,9.2017376425
2020-04-15,Netherlands,2020-04-15,28153,3134,250,3/23/2020,5.0,0,3.0,7.0,8.0,1,1,0,1,0,1,1,0,0,1,0,0,0,1,1,1,0,1,0,1,1,0,0,0,2020-02-27 22:00:00,17134872.0,508,92%,74.65,3.32,6.4,16.4,64.8,18.8,0.98,2020-03-16 00:00:00,43996045.0,902355.0,1.99377499625,2.373549975,4.94500624938,7.5629125525,11.9835625294,14.721874953099999,16.5509375331,16.6398750544,13.895624995599999,10.3473501212,5.9162374725,3.49061252188,9.2017376425
2020-04-16,Netherlands,2020-04-16,29214,3315,250,3/23/2020,5.0,0,3.0,7.0,8.0,1,1,0,1,0,1,1,0,0,1,0,0,0,1,1,1,0,1,0,1,1,0,0,0,2020-02-27 22:00:00,17134872.0,508,92%,74.65,3.32,6.4,16.4,64.8,18.8,0.98,2020-03-16 00:00:00,43996045.0,902355.0,1.99377499625,2.373549975,4.94500624938,7.5629125525,11.9835625294,14.721874953099999,16.5509375331,16.6398750544,13.895624995599999,10.3473501212,5.9162374725,3.49061252188,9.2017376425
2020-04-17,Netherlands,2020-04-17,30449,3459,250,3/23/2020,5.0,0,3.0,7.0,8.0,1,1,0,1,0,1,1,0,0,1,0,0,0,1,1,1,0,1,0,1,1,0,0,0,2020-02-27 22:00:00,17134872.0,508,92%,74.65,3.32,6.4,16.4,64.8,18.8,0.98,2020-03-16 00:00:00,43996045.0,902355.0,1.99377499625,2.373549975,4.94500624938,7.5629125525,11.9835625294,14.721874953099999,16.5509375331,16.6398750544,13.895624995599999,10.3473501212,5.9162374725,3.49061252188,9.2017376425
2020-04-18,Netherlands,2020-04-18,31589,3601,250,3/23/2020,5.0,0,3.0,7.0,8.0,1,1,0,1,0,1,1,0,0,1,0,0,0,1,1,1,0,1,0,1,1,0,0,0,2020-02-27 22:00:00,17134872.0,508,92%,74.65,3.32,6.4,16.4,64.8,18.8,0.98,2020-03-16 00:00:00,43996045.0,902355.0,1.99377499625,2.373549975,4.94500624938,7.5629125525,11.9835625294,14.721874953099999,16.5509375331,16.6398750544,13.895624995599999,10.3473501212,5.9162374725,3.49061252188,9.2017376425
2020-04-19,Netherlands,2020-04-19,32655,3684,250,3/23/2020,5.0,0,3.0,7.0,8.0,1,1,0,1,0,1,1,0,0,1,0,0,0,1,1,1,0,1,0,1,1,0,0,0,2020-02-27 22:00:00,17134872.0,508,92%,74.65,3.32,6.4,16.4,64.8,18.8,0.98,2020-03-16 00:00:00,43996045.0,902355.0,1.99377499625,2.373549975,4.94500624938,7.5629125525,11.9835625294,14.721874953099999,16.5509375331,16.6398750544,13.895624995599999,10.3473501212,5.9162374725,3.49061252188,9.2017376425
2020-04-20,Netherlands,2020-04-20,33405,3751,250,3/23/2020,5.0,0,3.0,7.0,8.0,1,1,0,1,0,1,1,0,0,1,0,0,0,1,1,1,0,1,0,1,1,0,0,0,2020-02-27 22:00:00,17134872.0,508,92%,74.65,3.32,6.4,16.4,64.8,18.8,0.98,2020-03-16 00:00:00,43996045.0,902355.0,1.99377499625,2.373549975,4.94500624938,7.5629125525,11.9835625294,14.721874953099999,16.5509375331,16.6398750544,13.895624995599999,10.3473501212,5.9162374725,3.49061252188,9.2017376425
2020-04-21,Netherlands,2020-04-21,34134,3916,0,3/23/2020,5.0,0,3.0,7.0,8.0,1,1,0,1,0,1,1,0,0,1,0,0,0,1,1,1,0,1,0,1,1,0,0,0,2020-02-27 22:00:00,17134872.0,508,92%,74.65,3.32,6.4,16.4,64.8,18.8,0.98,2020-03-16 00:00:00,43996045.0,902355.0,1.99377499625,2.373549975,4.94500624938,7.5629125525,11.9835625294,14.721874953099999,16.5509375331,16.6398750544,13.895624995599999,10.3473501212,5.9162374725,3.49061252188,9.2017376425
2020-04-22,Netherlands,2020-04-22,34842,4054,0,3/23/2020,5.0,0,3.0,7.0,8.0,1,1,0,1,0,1,1,0,0,1,0,0,0,1,1,1,0,1,0,1,1,0,0,0,2020-02-27 22:00:00,17134872.0,508,92%,74.65,3.32,6.4,16.4,64.8,18.8,0.98,2020-03-16 00:00:00,43996045.0,902355.0,1.99377499625,2.373549975,4.94500624938,7.5629125525,11.9835625294,14.721874953099999,16.5509375331,16.6398750544,13.895624995599999,10.3473501212,5.9162374725,3.49061252188,9.2017376425
2020-04-23,Netherlands,2020-04-23,35729,4177,0,3/23/2020,5.0,0,3.0,7.0,8.0,1,1,0,1,0,1,1,0,0,1,0,0,0,1,1,1,0,1,0,1,1,0,0,0,2020-02-27 22:00:00,17134872.0,508,92%,74.65,3.32,6.4,16.4,64.8,18.8,0.98,2020-03-16 00:00:00,43996045.0,902355.0,1.99377499625,2.373549975,4.94500624938,7.5629125525,11.9835625294,14.721874953099999,16.5509375331,16.6398750544,13.895624995599999,10.3473501212,5.9162374725,3.49061252188,9.2017376425
2020-04-24,Netherlands,2020-04-24,36535,4289,0,3/23/2020,5.0,0,3.0,7.0,8.0,1,1,0,1,0,1,1,0,0,1,0,0,0,1,1,1,0,1,0,1,1,0,0,0,2020-02-27 22:00:00,17134872.0,508,92%,74.65,3.32,6.4,16.4,64.8,18.8,0.98,2020-03-16 00:00:00,43996045.0,902355.0,1.99377499625,2.373549975,4.94500624938,7.5629125525,11.9835625294,14.721874953099999,16.5509375331,16.6398750544,13.895624995599999,10.3473501212,5.9162374725,3.49061252188,9.2017376425
2020-04-25,Netherlands,2020-04-25,37190,4409,0,3/23/2020,5.0,0,3.0,7.0,8.0,1,1,0,1,0,1,1,0,0,1,0,0,0,1,1,1,0,1,0,1,1,0,0,0,2020-02-27 22:00:00,17134872.0,508,92%,74.65,3.32,6.4,16.4,64.8,18.8,0.98,2020-03-16 00:00:00,43996045.0,902355.0,1.99377499625,2.373549975,4.94500624938,7.5629125525,11.9835625294,14.721874953099999,16.5509375331,16.6398750544,13.895624995599999,10.3473501212,5.9162374725,3.49061252188,9.2017376425
2020-04-26,Netherlands,2020-04-26,37845,4475,0,3/23/2020,5.0,0,3.0,7.0,8.0,1,1,0,1,0,1,1,0,0,1,0,0,0,1,1,1,0,1,0,1,1,0,0,0,2020-02-27 22:00:00,17134872.0,508,92%,74.65,3.32,6.4,16.4,64.8,18.8,0.98,2020-03-16 00:00:00,43996045.0,902355.0,1.99377499625,2.373549975,4.94500624938,7.5629125525,11.9835625294,14.721874953099999,16.5509375331,16.6398750544,13.895624995599999,10.3473501212,5.9162374725,3.49061252188,9.2017376425
2020-04-27,Netherlands,2020-04-27,38245,4518,0,3/23/2020,5.0,0,3.0,7.0,8.0,1,1,0,1,0,1,1,0,0,1,0,0,0,1,1,1,0,1,0,1,1,0,0,0,2020-02-27 22:00:00,17134872.0,508,92%,74.65,3.32,6.4,16.4,64.8,18.8,0.98,2020-03-16 00:00:00,43996045.0,902355.0,1.99377499625,2.373549975,4.94500624938,7.5629125525,11.9835625294,14.721874953099999,16.5509375331,16.6398750544,13.895624995599999,10.3473501212,5.9162374725,3.49061252188,9.2017376425
2020-04-28,Netherlands,2020-04-28,38416,4566,0,3/23/2020,5.0,0,3.0,7.0,8.0,1,1,0,1,0,1,1,0,0,1,0,0,0,1,1,1,0,1,0,1,1,0,0,0,2020-02-27 22:00:00,17134872.0,508,92%,74.65,3.32,6.4,16.4,64.8,18.8,0.98,2020-03-16 00:00:00,43996045.0,902355.0,1.99377499625,2.373549975,4.94500624938,7.5629125525,11.9835625294,14.721874953099999,16.5509375331,16.6398750544,13.895624995599999,10.3473501212,5.9162374725,3.49061252188,9.2017376425
2020-04-29,Netherlands,2020-04-29,38802,4711,0,3/23/2020,5.0,0,3.0,7.0,8.0,1,1,0,1,0,1,1,0,0,1,0,0,0,1,1,1,0,1,0,1,1,0,0,0,2020-02-27 22:00:00,17134872.0,508,92%,74.65,3.32,6.4,16.4,64.8,18.8,0.98,2020-03-16 00:00:00,43996045.0,902355.0,1.99377499625,2.373549975,4.94500624938,7.5629125525,11.9835625294,14.721874953099999,16.5509375331,16.6398750544,13.895624995599999,10.3473501212,5.9162374725,3.49061252188,9.2017376425
2020-04-30,Netherlands,2020-04-30,39316,4795,0,3/23/2020,5.0,0,3.0,7.0,8.0,1,1,0,1,0,1,1,0,0,1,0,0,0,1,1,1,0,1,0,1,1,0,0,0,2020-02-27 22:00:00,17134872.0,508,92%,74.65,3.32,6.4,16.4,64.8,18.8,0.98,2020-03-16 00:00:00,43996045.0,902355.0,1.99377499625,2.373549975,4.94500624938,7.5629125525,11.9835625294,14.721874953099999,16.5509375331,16.6398750544,13.895624995599999,10.3473501212,5.9162374725,3.49061252188,9.2017376425
2020-05-01,Netherlands,2020-05-01,39791,4893,0,3/23/2020,5.0,0,3.0,7.0,8.0,1,1,0,1,0,1,1,0,0,1,0,0,0,1,1,1,0,1,0,1,1,0,0,0,2020-02-27 22:00:00,17134872.0,508,92%,74.65,3.32,6.4,16.4,64.8,18.8,0.98,2020-03-16 00:00:00,43996045.0,902355.0,1.99377499625,2.373549975,4.94500624938,7.5629125525,11.9835625294,14.721874953099999,16.5509375331,16.6398750544,13.895624995599999,10.3473501212,5.9162374725,3.49061252188,9.2017376425
2020-05-02,Netherlands,2020-05-02,40236,4987,0,3/23/2020,5.0,0,3.0,7.0,8.0,1,1,0,1,0,1,1,0,0,1,0,0,0,1,1,1,0,1,0,1,1,0,0,0,2020-02-27 22:00:00,17134872.0,508,92%,74.65,3.32,6.4,16.4,64.8,18.8,0.98,2020-03-16 00:00:00,43996045.0,902355.0,1.99377499625,2.373549975,4.94500624938,7.5629125525,11.9835625294,14.721874953099999,16.5509375331,16.6398750544,13.895624995599999,10.3473501212,5.9162374725,3.49061252188,9.2017376425
2020-05-03,Netherlands,2020-05-03,40571,5056,0,3/23/2020,5.0,0,3.0,7.0,8.0,1,1,0,1,0,1,1,0,0,1,0,0,0,1,1,1,0,1,0,1,1,0,0,0,2020-02-27 22:00:00,17134872.0,508,92%,74.65,3.32,6.4,16.4,64.8,18.8,0.98,2020-03-16 00:00:00,43996045.0,902355.0,1.99377499625,2.373549975,4.94500624938,7.5629125525,11.9835625294,14.721874953099999,16.5509375331,16.6398750544,13.895624995599999,10.3473501212,5.9162374725,3.49061252188,9.2017376425
2020-05-04,Netherlands,2020-05-04,40770,5082,0,3/23/2020,5.0,0,3.0,7.0,8.0,1,1,0,1,0,1,1,0,0,1,0,0,0,1,1,1,0,1,0,1,1,0,0,0,2020-02-27 22:00:00,17134872.0,508,92%,74.65,3.32,6.4,16.4,64.8,18.8,0.98,2020-03-16 00:00:00,43996045.0,902355.0,1.99377499625,2.373549975,4.94500624938,7.5629125525,11.9835625294,14.721874953099999,16.5509375331,16.6398750544,13.895624995599999,10.3473501212,5.9162374725,3.49061252188,9.2017376425
2020-05-05,Netherlands,2020-05-05,41087,5168,0,3/23/2020,5.0,0,3.0,7.0,8.0,1,1,0,1,0,1,1,0,0,1,0,0,0,1,1,1,0,1,0,1,1,0,0,0,2020-02-27 22:00:00,17134872.0,508,92%,74.65,3.32,6.4,16.4,64.8,18.8,0.98,2020-03-16 00:00:00,43996045.0,902355.0,1.99377499625,2.373549975,4.94500624938,7.5629125525,11.9835625294,14.721874953099999,16.5509375331,16.6398750544,13.895624995599999,10.3473501212,5.9162374725,3.49061252188,9.2017376425
2020-05-06,Netherlands,2020-05-06,41319,5204,0,3/23/2020,5.0,0,3.0,7.0,8.0,1,1,0,1,0,1,1,0,0,1,0,0,0,1,1,1,0,1,0,1,1,0,0,0,2020-02-27 22:00:00,17134872.0,508,92%,74.65,3.32,6.4,16.4,64.8,18.8,0.98,2020-03-16 00:00:00,43996045.0,902355.0,1.99377499625,2.373549975,4.94500624938,7.5629125525,11.9835625294,14.721874953099999,16.5509375331,16.6398750544,13.895624995599999,10.3473501212,5.9162374725,3.49061252188,9.2017376425
2020-05-07,Netherlands,2020-05-07,41774,5288,0,3/23/2020,5.0,0,3.0,7.0,8.0,1,1,0,1,0,1,1,0,0,1,0,0,0,1,1,1,0,1,0,1,1,0,0,0,2020-02-27 22:00:00,17134872.0,508,92%,74.65,3.32,6.4,16.4,64.8,18.8,0.98,2020-03-16 00:00:00,43996045.0,902355.0,1.99377499625,2.373549975,4.94500624938,7.5629125525,11.9835625294,14.721874953099999,16.5509375331,16.6398750544,13.895624995599999,10.3473501212,5.9162374725,3.49061252188,9.2017376425
2020-05-08,Netherlands,2020-05-08,42093,5359,0,3/23/2020,5.0,0,3.0,7.0,8.0,1,1,0,1,0,1,1,0,0,1,0,0,0,1,1,1,0,1,0,1,1,0,0,0,2020-02-27 22:00:00,17134872.0,508,92%,74.65,3.32,6.4,16.4,64.8,18.8,0.98,2020-03-16 00:00:00,43996045.0,902355.0,1.99377499625,2.373549975,4.94500624938,7.5629125525,11.9835625294,14.721874953099999,16.5509375331,16.6398750544,13.895624995599999,10.3473501212,5.9162374725,3.49061252188,9.2017376425
2020-05-09,Netherlands,2020-05-09,42382,5422,0,3/23/2020,5.0,0,3.0,7.0,8.0,1,1,0,1,0,1,1,0,0,1,0,0,0,1,1,1,0,1,0,1,1,0,0,0,2020-02-27 22:00:00,17134872.0,508,92%,74.65,3.32,6.4,16.4,64.8,18.8,0.98,2020-03-16 00:00:00,43996045.0,902355.0,1.99377499625,2.373549975,4.94500624938,7.5629125525,11.9835625294,14.721874953099999,16.5509375331,16.6398750544,13.895624995599999,10.3473501212,5.9162374725,3.49061252188,9.2017376425
2020-05-10,Netherlands,2020-05-10,42627,5440,0,3/23/2020,5.0,0,3.0,7.0,8.0,1,1,0,1,0,1,1,0,0,1,0,0,0,1,1,1,0,1,0,1,1,0,0,0,2020-02-27 22:00:00,17134872.0,508,92%,74.65,3.32,6.4,16.4,64.8,18.8,0.98,2020-03-16 00:00:00,43996045.0,902355.0,1.99377499625,2.373549975,4.94500624938,7.5629125525,11.9835625294,14.721874953099999,16.5509375331,16.6398750544,13.895624995599999,10.3473501212,5.9162374725,3.49061252188,9.2017376425
2020-05-11,Netherlands,2020-05-11,42788,5456,0,3/23/2020,5.0,0,3.0,7.0,8.0,1,1,0,1,0,1,1,0,0,1,0,0,0,1,1,1,0,1,0,1,1,0,0,0,2020-02-27 22:00:00,17134872.0,508,92%,74.65,3.32,6.4,16.4,64.8,18.8,0.98,2020-03-16 00:00:00,43996045.0,902355.0,1.99377499625,2.373549975,4.94500624938,7.5629125525,11.9835625294,14.721874953099999,16.5509375331,16.6398750544,13.895624995599999,10.3473501212,5.9162374725,3.49061252188,9.2017376425
2020-05-12,Netherlands,2020-05-12,42984,5510,0,3/23/2020,5.0,0,3.0,7.0,8.0,1,1,0,1,0,1,1,0,0,1,0,0,0,1,1,1,0,1,0,1,1,0,0,0,2020-02-27 22:00:00,17134872.0,508,92%,74.65,3.32,6.4,16.4,64.8,18.8,0.98,2020-03-16 00:00:00,43996045.0,902355.0,1.99377499625,2.373549975,4.94500624938,7.5629125525,11.9835625294,14.721874953099999,16.5509375331,16.6398750544,13.895624995599999,10.3473501212,5.9162374725,3.49061252188,9.2017376425
2020-05-13,Netherlands,2020-05-13,43211,5562,0,3/23/2020,5.0,0,3.0,7.0,8.0,1,1,0,1,0,1,1,0,0,1,0,0,0,1,1,1,0,1,0,1,1,0,0,0,2020-02-27 22:00:00,17134872.0,508,92%,74.65,3.32,6.4,16.4,64.8,18.8,0.98,2020-03-16 00:00:00,43996045.0,902355.0,1.99377499625,2.373549975,4.94500624938,7.5629125525,11.9835625294,14.721874953099999,16.5509375331,16.6398750544,13.895624995599999,10.3473501212,5.9162374725,3.49061252188,9.2017376425
2020-05-14,Netherlands,2020-05-14,43481,5590,0,3/23/2020,5.0,0,3.0,7.0,8.0,1,1,0,1,0,1,1,0,0,1,0,0,0,1,1,1,0,1,0,1,1,0,0,0,2020-02-27 22:00:00,17134872.0,508,92%,74.65,3.32,6.4,16.4,64.8,18.8,0.98,2020-03-16 00:00:00,43996045.0,902355.0,1.99377499625,2.373549975,4.94500624938,7.5629125525,11.9835625294,14.721874953099999,16.5509375331,16.6398750544,13.895624995599999,10.3473501212,5.9162374725,3.49061252188,9.2017376425
2020-05-15,Netherlands,2020-05-15,43681,5643,0,3/23/2020,5.0,0,3.0,7.0,8.0,1,1,0,1,0,1,1,0,0,1,0,0,0,1,1,1,0,1,0,1,1,0,0,0,2020-02-27 22:00:00,17134872.0,508,92%,74.65,3.32,6.4,16.4,64.8,18.8,0.98,2020-03-16 00:00:00,43996045.0,902355.0,1.99377499625,2.373549975,4.94500624938,7.5629125525,11.9835625294,14.721874953099999,16.5509375331,16.6398750544,13.895624995599999,10.3473501212,5.9162374725,3.49061252188,9.2017376425
2020-05-16,Netherlands,2020-05-16,43870,5670,0,3/23/2020,5.0,0,3.0,7.0,8.0,1,1,0,1,0,1,1,0,0,1,0,0,0,1,1,1,0,1,0,1,1,0,0,0,2020-02-27 22:00:00,17134872.0,508,92%,74.65,3.32,6.4,16.4,64.8,18.8,0.98,2020-03-16 00:00:00,43996045.0,902355.0,1.99377499625,2.373549975,4.94500624938,7.5629125525,11.9835625294,14.721874953099999,16.5509375331,16.6398750544,13.895624995599999,10.3473501212,5.9162374725,3.49061252188,9.2017376425
2020-05-17,Netherlands,2020-05-17,43995,5680,0,3/23/2020,5.0,0,3.0,7.0,8.0,1,1,0,1,0,1,1,0,0,1,0,0,0,1,1,1,0,1,0,1,1,0,0,0,2020-02-27 22:00:00,17134872.0,508,92%,74.65,3.32,6.4,16.4,64.8,18.8,0.98,2020-03-16 00:00:00,43996045.0,902355.0,1.99377499625,2.373549975,4.94500624938,7.5629125525,11.9835625294,14.721874953099999,16.5509375331,16.6398750544,13.895624995599999,10.3473501212,5.9162374725,3.49061252188,9.2017376425
2020-05-18,Netherlands,2020-05-18,44141,5694,0,3/23/2020,5.0,0,3.0,7.0,8.0,1,1,0,1,0,1,1,0,0,1,0,0,0,1,1,1,0,1,0,1,1,0,0,0,2020-02-27 22:00:00,17134872.0,508,92%,74.65,3.32,6.4,16.4,64.8,18.8,0.98,2020-03-16 00:00:00,43996045.0,902355.0,1.99377499625,2.373549975,4.94500624938,7.5629125525,11.9835625294,14.721874953099999,16.5509375331,16.6398750544,13.895624995599999,10.3473501212,5.9162374725,3.49061252188,9.2017376425
2020-05-19,Netherlands,2020-05-19,44249,5715,0,3/23/2020,5.0,0,3.0,7.0,8.0,1,1,0,1,0,1,1,0,0,1,0,0,0,1,1,1,0,1,0,1,1,0,0,0,2020-02-27 22:00:00,17134872.0,508,92%,74.65,3.32,6.4,16.4,64.8,18.8,0.98,2020-03-16 00:00:00,43996045.0,902355.0,1.99377499625,2.373549975,4.94500624938,7.5629125525,11.9835625294,14.721874953099999,16.5509375331,16.6398750544,13.895624995599999,10.3473501212,5.9162374725,3.49061252188,9.2017376425
